query_id,text,embedding_index
0,What is considered a business expense on a business trip?,0
4,Business Expense - Car Insurance Deductible For Accident That Occurred During a Business Trip,1
5,Starting a new online business,2
6,“Business day” and “due date” for bills,3
7,New business owner - How do taxes work for the business vs individual?,4
9,Hobby vs. Business,5
11,Personal checks instead of business ones,6
12,Does U.S. tax code call for small business owners to count business purchases as personal income?,7
13,How can I register a UK business without providing a business address?,8
14,What are 'business fundamentals'?,9
16,Business Investment Loss from prior year,10
19,How can I estimate business taxes / filing fees for a business that has $0 income?,11
20,Would the purchase of a car for a business through the use of a business loan be considered a business expense?,12
21,Deducting last years (undocumented) side business loss,13
23,30% share in business,14
25,Claiming business expense from personal credit card,15
27,Using business check to pay at retail,16
28,Tax whilst starting a business in full time employment,17
30,Can I pay off my credit card balance to free up available credit?,18
31,Starting a side business slowly,19
32,Why is “cheque cashing” a legitimate business?,20
33,Is business the only way to become a millionaire?,21
35,Valuing a small business to invest in,22
36,Starting a large business with a not so large income?,23
37,Requirements for filing business taxes?,24
41,IRA for work and my business,25
43,Advice on money transfer business,26
45,How to transfer personal auto lease to business auto lease?,27
46,Tutoring Business Payroll Management,28
47,"As a small business owner, should I pay my taxes from my personal or business checking account?",29
48,Should my husband's business pay my business?,30
49,Why can't online transactions be completed outside of business hours?,31
51,Full-time work + running small side business: Best business structure for taxes?,32
52,"New vending route business, not sure how to determine taxes",33
53,Finding a good small business CPA?,34
54,Taxable income on full-time job + business earnings,35
57,How can I lookup the business associated with a FEIN?,36
59,Tax Allocation - Business Asset Transfer,37
61,How to Deduct Family Health Care Premiums Under Side Business,38
62,Claiming car as a business expense in the UK,39
63,Do I need to keep paper records for my business?,40
64,1040 Schedule A Un-Reimbursed Business Expense Reporting,41
65,Why do banks require small businesses to open a business bank account instead of a cheaper personal one?,42
66,"How to treat miles driven to the mechanic, gas station, etc when calculating business use of car?",43
67,value of guaranteeing a business loan,44
69,Deducting business expenses paid for by gift card,45
70,"Car as business expense, but not because of driving",46
71,Can a business refuse to take credit cards?,47
72,Calculate Estimated Tax on Hobby Business LLC,48
74,Buying car from rental business without title,49
75,Why should I choose a business checking account instead of a personal account?,50
76,How to report house used for 100% business?,51
78,"How to record business income tax paid, in QuickBooks?",52
80,Get a loan with low interest rate on small business,53
81,Does revenue equal gross profit for info product business?,54
82,Will unpaid taxes prevent me from getting a business license?,55
83,Using cash back rewards from business credit card,56
85,Moving my online only business to the USA?,57
86,Moving a personal business to a LLC accounting in California,58
87,What should one look for when opening a business bank account?,59
88,Which r in perpetuity formula to pricing a business?,60
91,US Double Taxation - Business Trips and the Foreign Tax Credit,61
92,Can I use my Roth IRA to start a business?,62
93,Really have to use business credit card for personal expenses,63
95,Do Affordable Care Act business requirements apply to “control groups?”,64
96,"As a contractor, TurboTax Business-and-Home or Basic?",65
97,Peer to peer lending business model (i.e. Lending Club),66
99,In what cases can a business refuse to take cash?,67
102,Maintaining “Woman Owned Business” while taking on investor,68
105,How to safely earn interest on business profits (UK),69
107,Income tax on my online drop-shipping business (India),70
108,How to find a business consultant that would ensure that all your business activities are legal and compliant with all regulations?,71
110,How to determine how much to charge your business for rent (in your house)?,72
111,Dual Citizen British/US and online business taxes,73
112,Will my wife's business losses offset my income on a joint tax return?,74
439,Do I need a Like-Kind Exchange when selling a personal vehicle for a company car,75
442,Why are earning credit card rewards often tied to groceries and gas?,76
443,1099 versus corporation to corporation for payments?,77
444,Why do most banks in Canada charge monthly fee?,78
445,"Do I need to register as self employed in Ontario, Canada?",79
446,"Why do credit card transactions take up to 3 days to appear, yet debit transactions are instant?",80
447,Why do VAT-registered businesses in the EU charge VAT to each other?,81
448,How To Report Cryptocurrency Earnings?,82
449,"Allocation between 401K/retirement accounts and taxable investments, as a young adult?",83
450,Income Tax form in India for freelancing,84
452,Should I be filling out form W-9 for somebody I sold used equipment to?,85
453,Where I am I liable for taxes?,86
454,Can I Accept Gold?,87
456,Can a company have a credit rating better than that of the country where it is located?,88
457,Do I owe taxes in the US for my LLC formed in the US but owned by an Indian citizen?,89
458,How would IRS treat reimbursement in a later year of moving expenses?,90
460,Transfer $70k from Wells Fargo (US) to my other account at a Credit Union bank,91
461,"I have $100,000 in play money… what to do?",92
462,"Is it possible, anywhere in the US for a funding firm to not have a license number showing somewhere?",93
464,How to deduct operational loss from my personal income tax?,94
465,Can my company buy my personal debt?,95
466,Need small buisness ideas with 100k $ budjet in a 3rd world country,96
467,Tax Write-offs and knowing how much I need to spend before the end of the year,97
468,Loan holder wants a check from the insurance company that I already cashed and used to repair my car,98
470,Is a 10 year old uncashed paycheck still good?,99
471,I started some small businesses but need help figuring out taxes. Should I hire a CPA?,100
472,Is Mint allowed to share user data with other Intuit entities?,101
473,Financially Shielded Entity Separating Individuals Behind It From Risks,102
474,Forgot to renew Fictitious Name application within the county. What is the penalty for late filing?,103
478,Help: Being charged interest on a loan for which I received no statements telling me of this debt for the past 15 years. Surprise!,104
479,Section 179 vs depreciation of laptop,105
480,Process for dissolving a recently-opened Colorado LLC?,106
481,Ethics and investment,107
482,What type of insurance would protect you against the Amazon 1p bug?,108
485,Paying restaurants in cash instead of credit card - how signficant is this?,109
486,How to acquire assets without buying them?,110
487,Is it taxable if someone return me money?,111
488,Capitalize on a falling INR,112
489,How to have a small capital investment in US if I am out of the country?,113
490,Professional tax for employees - startup in India,114
491,Do I owe taxes if my deductions are higher than my income?,115
493,Why are U.S. credit unions not open to everyone?,116
494,Car expense deductions with multiple work locations,117
497,Formation of S-Corp for Gambling Trade,118
498,Should I file taxes or Incorperate a personal project?,119
499,Do Square credit card readers allow for personal use?,120
500,Differences in taxes paid for W2 employee vs. 1099 contractor working on sites like ODesk.com?,121
501,"If I invest in a company that goes bankrupt, is that a gain or a loss?",122
502,Getting financial advice: Accountant vs. Investment Adviser vs. Internet/self-taught?,123
506,How does Robinhood stock broker make money?,124
507,Credit Card Approval,125
508,When should I start an LLC for my side work?,126
509,Can I open a personal bank account with an EIN instead of SSN?,127
510,Why are bank transactions not instant?,128
511,What is network marketing?,129
512,Can I claim mileage for traveling to a contract position?,130
513,"When an investor makes money on a short, who loses the money?",131
517,Excessive Credit Check from Comcast,132
518,Deposit a cheque in an alternative name into a personal bank account (Australia),133
520,why if change manufacturing of a product not change the price for the buyer?,134
521,"I'm self-employed with my own LLC. How should I pay myself, given my situation?",135
522,Form 1042-S for foreign resident and owner of trade account,136
523,Under specific conditions can I write off Spotify or other streaming audio services?,137
524,"File bankruptcy, consolidate, or other options?",138
525,Are companies in California obliged to provide invoices?,139
526,Obtaining Private Prospectuses,140
527,What amount of money can a corporation spend on entertainment,141
528,Estimated Taxes Fall Short of tax liability — how do I pay extra online (Federal and NYS),142
531,Does being involved in the management of a corporation make me ineligible for a workshare program?,143
532,Do I only have to pay income tax on capital gains?,144
533,how to show income from paypal as export income,145
535,"Renting out rooms in my home, what's the proper way to deal with utilities for tax purposes?",146
536,How do I treat the income from an ESPP I sold now that I am a non-resident alien?,147
537,Should I keep copies of my business's invoices for tax records?,148
538,Ways to invest my saved money in Germany in a halal way?,149
539,"My company owed taxes for many years, An accountant asked me to ignore it and register a new one. Is it a right thing to do?",150
540,Tax planning for Indian TDS on international payments,151
541,Can I deduct my individual Health Insurance Premium in Tax,152
542,Tax deductions on car and/or home?,153
544,Are banks really making less profit when interest rates are low?,154
545,Why would a company care about the price of its own shares in the stock market?,155
546,Deducting SEP-IRA contributions as a sole proprietor with no employees,156
550,How can Schwab afford to refund all my ATM fees?,157
552,How much accounting knowledge is needed to read financial statements of publicly traded companies?,158
553,US Self-Employment Tax: Do expenses stack with the 50% SE deduction?,159
554,"I am under 18 years old, in the US, my parents have terrible credit, how can I take out a loan?",160
555,UK limited company and personal bank account,161
556,Does receiving a 1099-MISC require one to file a tax return even if he normally would not be required to file?,162
557,US taxes and refunding/returning payment,163
558,Are there any issues with registering an LLC in a foreign state?,164
562,What are the tax consequences if my S corporation earns money in a foreign country?,165
563,Can limits be placed by a merchant on which currency notes are accepted as legal tender? [duplicate],166
564,Do I need to pay taxes in India?,167
565,Capital gains tax when I sell my home if I use a portion of it for an AirBnB,168
567,Will depositing $10k+ checks each month raise red flags with the IRS?,169
568,Is issuer's bank allowed to charge fee when cashing check?,170
569,"How to invest 10k dollars, at the age of 23?",171
571,Investment time horizon: When is it acceptable to withdraw money from investments?,172
572,Tax rules for United States citizens living in the US but being paid from outside the US,173
573,Estimated Taxes after surge in income,174
574,How to reconcile a credit card that has an ongoing billing dispute?,175
575,Income tax on international income with money not deposited in India,176
576,How to represent “out of pocket” purchases in general ledger journal entry?,177
577,Can this check still be honored? [duplicate],178
578,What does the phrase “To make your first million” mean?,179
579,Is it ok to use a check without a pre-printed check number?,180
581,Why would selling off some stores improve a company's value?,181
582,How important is reconciling accounts for a small LLC (Quickbooks)?,182
583,Get the maximum interest rate from a bank on short term holdings,183
587,How do I get bill collectors who call about people I know to stop calling me?,184
589,What are the implications of lending money to my sole member S-corp?,185
590,"Are you allowed to have both a 401(k) and a SIMPLE IRA? If so, what about limits?",186
591,Foreign Earned Income Exclusion - Service vs. Product?,187
592,What is a good open source Windows finance software,188
593,How to find out if a company has purchased government (or other) bonds?,189
595,What should I be aware of when renting a home to a corporation instead of an individual?,190
596,Quickbooks custom field for computing a value,191
597,Are individual allowed to use accrual based accounting for federal income tax?,192
598,"If I take a loss when I sell my car, can I claim a capital loss deduction on my income tax return?",193
601,How to know if I can have NOL (U.S. tax)?,194
602,What does “Income generated in the U.S.” mean?,195
605,Do the activities of my LLC need to be limited to a particular field?,196
606,Deductible expenses paid with credit card: In which tax year would they fall?,197
607,Transfering funds from India to the US,198
608,Replacement for mint.com with a public API?,199
609,Expensive agenda book/organizer. Office expense or fixed asset?,200
610,Are ACH transfers between individuals possible?,201
613,How do Islamic Banking give loans for housing purposes?,202
614,"What is a clearing bank, in specific, what does RMB clearing bank do?",203
615,Canadian accepting money electronically from Americans,204
617,Changing Mailing Adress,205
619,Paying myself a distribution caused a negative Owner's Equity account balance? Is this normal?,206
621,How May Cash be Spent Approaching Bankruptcy?,207
623,Taxation of shares,208
624,ACH debit blocks/filters on consumer account,209
625,Where should I invest to hedge against the stock market going down?,210
626,LLC in states with customers with and without employees in the state,211
627,FATCA compliance for small Foreign Company. What do I need to do?,212
628,is the bankruptcy of exchange markets possible?,213
629,Filing Form 7004 if an LLC's only members are husband and wife,214
630,What to do if my aging father is sustaining a hobby that is losing several thousand dollars every month?,215
631,"What tax rules apply to selling of digital goods, specifically in-game currencies?",216
632,What is the field “Folio” in an accounting book for?,217
633,How much can you write off on a car lease through a LLC?,218
634,Is there a difference between managerial accounting and financial accounting?,219
635,How to register LLC in the US from India? [duplicate],220
637,How can a company charge a closed credit card?,221
638,How long does a bank's “Know Your Customer” (KYC) process typically take?,222
639,Sage Instant Accounts or Quickbooks?,223
640,Asset protection: When should an individual seriously consider shielding their assets?,224
642,What prevents interest rates from rising?,225
643,Sales Tax Licence/Permit - When is it required and how can I make a use of it as a non-US resident selling in USA?,226
644,Is expense to freelancers tax deductible?,227
645,What IT form to use in India?,228
646,Can dividends be exploited?,229
648,How to prevent misusing my Account details,230
649,Why does the Brexit cause a fall in crude oil prices?,231
651,Why can't I short a stock that sells for less than $5? Is there another way to “go short” on them?,232
652,Tax exemption on personal loan interest component in India,233
653,Is having a 'startup fund' a good idea?,234
654,"Supporting a Kickstarter project: Should a customer's pledge payment include sales tax, e.g. GST/HST in Canada?",235
655,"Are marijuana based investments promising, or just another scam?",236
658,Does a US LLC owned by a non-resident alien have to pay US taxes if it operates exclusively online?,237
661,Would extending my mortgage cause the terms to be re-negotiated?,238
663,Are there any viable alternatives to Paypal for a small site?,239
664,How do I report book royalties for tax purposes?,240
666,183 day rule in conjunction with expatriate,241
669,Reporting software subscriptions,242
670,"Can you lease a secondary residential apartment for a job in NYC, and declare it as expense in tax return?",243
671,Does the low CAD positively or negatively impact Canadian Investors?,244
673,1099 for settlement what about lawyer fees?,245
675,Individual Client or Customer fining or charging a Company a penalty fee,246
676,Tax intricacies of MLP in a Roth IRA,247
677,I am a Resident Alien for tax purposes. Can I claim exemptions from the India - US Tax Treaty (21)?,248
679,Mortgage implications if I were to quit my job shortly after being approved?,249
680,Can my U.S. company do work for a foreign company and get wire transfers to my personal account?,250
682,What tax-free retirement accounts are available for self-employed individuals?,251
683,How to know more about my tax situation in the States,252
685,Freelance trading of products in India,253
686,Cost is (maybe) part of basis for two assets,254
690,Obtaining California SOS number for out-of-state LLC,255
692,Can an Indian citizen/resident invest in a US company and collect the profits in India?,256
693,What would happen if the Euro currency went bust?,257
694,How does LLC ownership work in relation to U.S. tax law?,258
695,S Corp with Straddles Income,259
696,Executor of will,260
697,Online streaming video/audio financial/stock programs,261
698,What does this statement regarding put options mean?,262
700,Is a robo-adviser worth the risk?,263
702,How do I determine if sale proceeds from an asset are taxable?,264
703,What tax laws apply to Meetup group income?,265
704,"Self employed, putting away tax money",266
705,Where on schedule C should a PO Box Rental fee go?,267
706,Switching Accountants - who does the audit review for past years?,268
707,"How much house can I afford, waiting around 3 years or so",269
708,"What are the tax implications if I do some work for a company for trade, rather than pay?",270
709,why the currency data(such as USD/JPY) is different from different source,271
712,Ghana scam and direct deposit scam?,272
714,"Can anybody explain the terms “levered beta riders”, “equity long-short” and “the quant process driven discipline” for me, please?",273
716,The formula equivalent of EBITDA for personal finance?,274
718,What's the least risky investment for people in Europe?,275
719,How do multi-currency bank accounts work? What is the advantage?,276
720,what is the meaning of allowing FDI in Insurance and pension funds,277
722,I am the sole owner of an LLC. Does it make a difference if I file as an S-Corp or a sole-member LLC?,278
723,How do the wealthy pay for things?,279
724,"As an employer, how do I start a 401k or traditional IRA plan?",280
725,Acquiring first office clothes,281
726,How can I import customers and invoices from a previous year's Gnucash file?,282
728,Why does it take 3 days to do electronic transfers between banks? [duplicate],283
729,Swiss-style Monetary Policy,284
730,Why does capital gains tax apply to long term stock holdings?,285
731,Self Assessment UK - Goods and services for your own use,286
732,Early Retirement Options (UK),287
733,Online accounting with Stripe/PayPal transactions,288
734,How to handle taxes related to affiliate marketing?,289
735,How does per-annum depreciation for taxes work after the first year of depreciation?,290
736,How to categorize shared income?,291
738,How prudent would it be to invest (stocks/equity) in businesses that are based on Cash transactions?,292
739,Why buy stock of a company instead of the holding company who has more than 99% of the stocks,293
740,Do I have to pay taxes in the US if my online store sells to US customers even though I don't live in the US?,294
741,Is it possible to block previously authorized ACH access?,295
742,How can a school club collect money using credit cards?,296
743,Advantages of Shareholder over Director in new Company,297
746,Multi-state K-1 earnings to S-Corp,298
747,Bank statements - should I retain hardcopies for tax or other official purposes (or keep digital scanned copies)?,299
749,Multiple SEO companies claiming I have a past-due invoice,300
751,"Self Employed, but not required to pay estimated taxes?",301
754,LLC Partnership Earned Income vs. Partnership Share,302
755,What significant negative factors affect Yahoo's valuation?,303
757,How do I tell the Canada Revenue Agency that they're sending someone else's documents to my address?,304
758,Advice on what to do with my equity?,305
759,"Child is on the way, invest for college and car fund options - opinions",306
760,"If I were to get audited, what would I need?",307
761,Getting a mortgage while self-employed,308
762,Tax liability in US for LLC's owned by an Indian Citzen,309
763,What can I expect to pay when meeting my first financial planner?,310
764,How to systematically find sideways stocks?,311
765,Who Can I Hire To Calculate the Value of An Estate?,312
767,Is it ok to just report to 1 credit bureau instead of all 3,313
768,Why do stocks track the price of Oil?,314
769,"(Almost) no credit unions in New York City, why?",315
770,The Intelligent Investor: Northern Pacific Railway example,316
771,Why is a home loan (mortgage) cheaper than gold loan?,317
772,Is human interaction required to open a discount brokerage account?,318
773,Transfering money from NRE account in India to family member,319
777,Can a Zelle Bank Transfer be reversed or denied after credit has been added?,320
778,"Setting up a LLC for two partners in different states, what should we look into?",321
781,What are the procedures or forms for a private loan with the sale of a vehicle?,322
782,What is the point of owning a stock without dividends if it cannot be resold?,323
783,Does setting up a company for your own improves credibility?,324
784,How to account for startup costs for an LLC from personal money?,325
785,What should I do with my freshly opened LLC in California after I've moved?,326
787,Should I use an NRE or NRO account to transfer money from India to the US? Any reports needed?,327
788,What's the point of a chargeback when they just ask the merchant whether they owe money to the buyer?,328
789,Corporate Equity Draw vs Income,329
790,What happens if a bank no longer use an intermediary bank?,330
791,How quickly will the funds be available when depositing credit card checks?,331
792,Are credit cards not viewed as credit until you miss one payment?,332
793,Who buys variable annuities?,333
794,Why does AAPL trade at such low multiples?,334
795,Can the Standard Deduction still apply to a Traditional IRA early withdrawal?,335
797,"My wife and I are selling a house worth $230k-$260k. Its a rental. Should we use an agent, limited service listing agent, or FSBO?",336
798,Is it cheaper to use car Insurance or pay out of pocket?,337
799,Limited Liability Partnership capital calculation,338
802,FTB sent refund check for 2011 during audit; Does this really mean that whole audit is over for 2011?,339
803,Where are the non floated Groupon shares,340
804,I just “paid” online with a debit card with no funds. What now?,341
805,Made more than $600. Company does not issue 1099-MISC's. Enter income as general income?,342
807,My employer doesn't provide an electronic pay stub and I need one to get a car loan,343
808,In your 20s how much money should you have and how to properly use & manage it?,344
809,Credit Card Points from Refund,345
811,What is the name of inverse of synergy? (finance),346
812,My Boss owes money but I am named on letter from debt collection agency (UK),347
815,Are Investment Research websites worth their premiums?,348
816,How do I claim HST compensation on my personal Ontario income taxes?,349
818,"Legal requirements to sell design content, artwork and also freelance in India?",350
819,Paying estimated taxes in a quarter with losses,351
820,How do I receive payment from the USA to my current account in India,352
821,Insider trading in another company?,353
822,Is robinhood backed up by an insurance company,354
823,Can a husband and wife who are both members of the same LLC file a joint tax return?,355
825,I am a contractor with revenue below UK's VAT threshold.  Should I register for VAT?,356
826,Was on debt..can I now enter UK on visitor visa,357
827,What securities is Return of Capital applicable to?,358
828,How to save money on currency conversion,359
829,Buying a house 50/50,360
830,What do I need as documentation in order to pay taxes in the Netherlands?,361
831,Can you sell a security through a different broker from which it was purchased?,362
832,Investment options for f1 visa students in USA,363
833,"Are American Eagle $20 gold coins considered “securities”, requiring dealers to be licensed to sell them as such?",364
834,Why UK bank charges are not taken account when looking on interest for taxation?,365
835,How are days counted when funding a new account within 10 days,366
836,How do I evaluate reasonability of home improvement projects?,367
839,"Once stock prices are down, where to look for good stock market deals?",368
840,Corporate Coverdell ESA Tax Liability,369
842,How to Transition From Employee to Employer?,370
844,Where are all those unsold vehicles?,371
845,What are the options for a 19-year-old college student who only has about $1000?,372
847,"Won an incentive trip in 2013, left employer in 2014, received an earning statement with no cash but a huge tangible bonus listed",373
850,What is the contribution limit for a SEP-IRA?,374
851,Who maintains receipt for employee expense reimbursements?,375
854,Where do large corporations store their massive amounts of cash?,376
857,Does renting a room on AirBnB make all interest taxable?,377
860,BoA Closed my Accounts and Froze my Funds. How can I get money back besides cashier's check?,378
861,What are the advantages/disadvantages of a self-directed IRA?,379
865,Do shares purchased on FTSE AIM move with company to other markets?,380
866,Contribute to both a SEP IRA and solo Roth 401(k)?,381
867,How to protect myself against unauthorized recurring CC charges?,382
869,How to move (or not move) an LLC from Illinois to New Mexico?,383
870,Helping my family sell their oil stocks. What to buy?,384
871,Value investing,385
872,Can you deduct hobby expenses up to hobby income in Canada?,386
873,Is it acceptable to receive payment from U.S. in Indian saving bank account via PayPal?,387
874,H&R Block says form 1120 not finalized? IRS won't take it yet?,388
875,Can I locate the name of an account holder by the account number and sort code? (U.K.),389
876,Opening and funding an IRA in three days - is this feasible?,390
877,How does one's personal credit history affect one's own company's credit rating?,391
878,Simple income and expense report in gnucash,392
881,"US Expatriate, do I have to file for an extension, or do I automatically get it, as in without doing anything?",393
882,Does the CRA reprieve those who have to commute for work?,394
883,How do you report S-corporation Shareholder loans / capital contributions?,395
884,Company is late in paying my corporate credit card statement - will it hurt my credit?,396
886,"How to declare foreign gift of nearly $10,000",397
887,Should I pay myself a dividend or a salary?,398
888,Capital gains and flow through tax treatment,399
892,Precedent and models for 100% equity available via initial offering?,400
893,Can stock market gains be better protected under an LLC arrangement?,401
894,Owned house for less than 2 years - 1031 exchange?,402
896,How do I handle taxes on a very large “gift” from my employers?,403
898,Online Return Policies,404
899,How can I set up a recurring payment to an individual (avoiding fees)?,405
900,How can a freelancer get a credit card? (India),406
901,How to teach personal reconciliation and book balancing,407
902,Determining the minimum dividend that should be paid from my S corporation,408
903,Can expenses for attending stockholders meetings be deducted in U.S. income taxes?,409
905,Creating a Limited company while still fully employed,410
906,Best Practices for Managing Paper Receipts,411
907,Using 2 different social security numbers,412
908,offshoring work and tax dilemma,413
909,Travel expenses for an out-of-state rental,414
910,Is this understanding of S-corp taxes correct?,415
911,Do Online Currency Exchanges' registration with the government guarantee safety and reliability?,416
912,Virtual Terminal WITHOUT merchant account?,417
913,declaring payments to a credit card for a shared expense,418
914,I'm thinking about selling some original artwork: when does the government start caring about sales tax and income tax and such?,419
915,Maxing out HSA after maxing out Roth IRA,420
916,How to report a personal expense for an LLC partnership paid in one year and reimbursed in another?,421
917,If I helped my friend to file taxes; can I represent her on a phone call with FTB?,422
918,What are the costs to maintain an Inc?,423
919,Self-employment alongside full-time job,424
920,“Occupation” field on IRS Form 1040,425
922,Can I deduct personal loans or use them as tax “write offs?”,426
923,Mortgage or not?,427
924,Working out of India for UK company from 1 Jan 2016 on contract,428
925,Can a high down-payment on a house offset the need for proof of income?,429
926,The equivalent of the standing order in the internet age for the UK specifically,430
927,Generally Accepted Accounting Principles question,431
930,Automate Savings by Percentage on varying paychecks?,432
931,How can I judge loan availability?,433
933,How can I find out how much a currency is traded?,434
934,Can a company charge you for services never requested or received?,435
935,Should I have more than one brokerage account?,436
937,Can I deduct taxes for home office as a freelance computer software developer?,437
938,"Received a late 1099 MISC for income I reported already, do I have to amend?",438
941,Why do sole proprietors in India generally use a current account?,439
942,Credit card expenses showing as Liabilities in QuickBooks,440
943,Why would a restaurant offer a very large cash discount?,441
944,How to estimate federal and state taxes likely to be due on my side income?,442
947,What are useful indexes for rapid evaluation of country investment risk?,443
948,How to account for personal baby sitter?,444
949,"As a Canadian, what should I invest in if I'm betting that the Canadian real estate will crash?",445
950,ISA trading account options for US citizens living in the UK,446
951,Is there a resource for knowing when Annual and Quarterly Reports are coming out?,447
952,Where can I find out details about the actual network on which SWIFT banking works?,448
953,Can an F1 student working on OPT with a STEM extension earn unrelated self employed income from a foreign employer?,449
954,Is there any sort of tax write off for unfulfilled pay checks?,450
955,Help stuck in a bad first time loan!,451
956,Cosigning - cosigner won't pay and won't give any information or transfer asset,452
958,Calculating Pre-Money Valuation for Startup,453
961,How do I keep an S-Corporation open when it has no revenues,454
962,How can someone invest in areas that require you to be an accredited investor [without qualifying as an accredited investor]?,455
966,UK Resident exploring freelance work for a Swiss Company,456
967,Overseas Foreign Earned Income; Can I take the Home Office Deduction for a home office based outside the United States?,457
968,100% Ownership and 30% profit to sale director,458
969,"Be a partner, CTO or just a freelancer?",459
970,Is Pension Benefit Information (aboutmyletter.com) legitimate?,460
971,How effective are hotel condos for investment properties?,461
972,How is my employer affected if I have expensive claims on my group health insurance?,462
973,How do I pay my estimated income tax?,463
974,Passing money through a different account to avoid cash pay-in fees,464
975,Using a FOREX platform to actually change money,465
976,"Pay off debt with RRSPs, or refinance and roll into Mortgage?",466
977,"How to send money across borders physically and inexpensively, but not via cash?",467
978,How does a tax exemption for an action = penalty for inaction?,468
980,How to Store Funds Generated through FX Trading,469
981,"2016, USA banks with low/no fee for incoming OVERSEAS USD wire transfers?",470
983,Opening offshore account from UK,471
984,How do I report this cash bonus/tip on income tax return?,472
985,401(k) not fully vested at time of acquisition,473
986,GnuCash: Reimbursable expenses paid by credit card,474
987,How do I resolve Free Fillable Tax Form error F1040-524-01?,475
989,Why doesn't Graham consider gold as an investment?,476
991,Gift Tax and LLC with foreign partners,477
995,How to calculate S corporation distribution from past K-1s?,478
996,Pre-valuation of the company,479
1001,What suggested supplemental income opportunities exist for a 70 year old Canadian retiree?,480
1012,Filling Balance sheet in ITR4 for freelancers,481
1019,Lump Sum Investing vs. Dollar Cost Averaging (as a Long Term Investor),482
1021,How to save money for future expenses,483
1022,Figuring out if I receive US income?,484
1028,Tax Implications - First 2-Family Rental Property,485
1029,SEP-IRA doing 1099 work on the side of a W2 employee job,486
1030,What taxes are involved for LLC in Georgia?,487
1032,Reason for “qualified” buyer requirements to exercise stock options/rights spun off from parent company?,488
1041,What's the appropriate way to signify an S-Corp?,489
1044,CEO entitlement from share ownership?,490
1046,How did Bill Gates actually make his money?,491
1053,"Selling an app, sharing income, how does it work tax-wise?",492
1054,Calculating NPV for future cash inflows,493
1064,Foreign currency conversion for international visitors to ecommerce web site?,494
1072,As a sole proprietor can I charge a fee for being paid by check or card,495
1073,Equity or alternative compensation in an LLC?,496
1075,How do you compare the sales of a company like Coca Cola against another company like JPMorgan Chase to figure out the best investment opportunity?,497
1076,Are there tax liabilities (in the US) for having a US bank account while I am abroad?,498
1077,Why don't banks allow more control over credit/debit card charges?,499
1078,How to receive packages pseudonymously?,500
1079,How do “held” amounts appear on statements and affect balances of traditional credit cards?,501
1080,Steps/Procedures to open an online stock trading account in the US,502
1081,Do I need to file a 1099 form for contractors associated with hobby income?,503
1082,"GnuCash, how do I book loan from credit card, being paid back with salary? [duplicate]",504
1083,Can a custodian refuse prior-year IRA/HSA deposit postmarked April 15?,505
1086,Should withheld income tax be included as income?,506
1087,Being a 1099 for a company I part-own?,507
1092,What are the advantages of paying off a mortgage quickly?,508
1093,Ballpark salary equivalent today of “healthcare benefits” in the US?,509
1094,How to get a grip on finance?,510
1098,"Hired with W-9, will I owe estimated tax quarterly?",511
1099,How should one refuse to father in law (Chinese) when he wants to borrow money?,512
1101,Why are residential investment properties owned by non-professional investors and not large corporations?,513
1102,"Offered a job: Should I go as consultant / independent contractor, or employee?",514
1103,What happens when a non-U.S. citizen who's been making money from the U.S. moves to the U.S.?,515
1104,How do you declare an interest free loan?,516
1105,Avoiding sin stock: does it make a difference?,517
1106,Save money in company for next year,518
1108,Canadian in California - filing taxes as a non-resident,519
1109,Schedule C: where to deduct service fees on income?,520
1110,Recourse with Credit Card company after victimized by fraud?,521
1111,Options on the E-mini S&P 500 Futures at the CME: what's the expiry date of the underlying future?,522
1113,"If the former owner of my home is still using the address, can it harm me?",523
1114,Primary residence converted to a rental property & tax implications,524
1115,Administrator vs Broker vs Custodian for a Solo 401(k)?,525
1116,Faster degree with debt or slower degree with no debt?,526
1117,"I want to invest in a U.S.-based company with unquoted stocks, but I am a foreigner. How to do this?",527
1118,Appropriate model for deferred costs as a line-of-credit,528
1119,Can I deduct the cost of software and/or computer that I need to do my job?,529
1120,Is it normal for brokers to ask whether I am a beginner?,530
1121,What is the correct answer for percent change when the start amount is zero dollars $0?,531
1122,What is the tax levied against stock portion cashed out of 401k?,532
1123,Should I have to pay income tax on contribution to home office rent from company?,533
1125,IRS “convenience of the employer” test when employee lives far from the office,534
1126,"How much total salary to allocate to defer $17,500 to 401(k)?",535
1127,Is this reply promising a money order and cashier check a scam?,536
1128,Can I just file a 1040-ES?,537
1129,What standards should I expect of my CPA when an error was made?,538
1130,"Self-employed individual 401k self, match, and profit sharing contribution limits?",539
1132,From ACH direct debit to Prepaid card?,540
1133,How to avoid maintenance fee when balance drops below minimum?,541
1134,How do I account for 100 percent vendor discounts in GnuCash 2.6.5,542
1135,eBay Account and SIM cards sent to my address,543
1136,Can self-employed individuals deduct their mileage spent commuting to events?,544
1137,What should I look at before investing in a start-up?,545
1139,Auto loan: must make X payments before payoff,546
1140,Contributing to a Roth IRA while income tax filing status is “Married Filing Separately”?,547
1142,How to pay myself as a single person corporation in Ontario? Should I get an accountant?,548
1146,Dec 31 accounting for S Corp - what to do with loss?,549
1147,Does borrowing from my 401(k) make sense in my specific circumstance?,550
1148,Would it make sense to buy a rental property as an LLC and not in my own name?,551
1149,How to open a Mega Money Market account without an ssn?,552
1153,Strategy to minimize taxes due to unpaid wages?,553
1154,What can I do with “stale” checks? Can I deposit/cash them?,554
1155,How can I save LLC fees when investing in Arizona real estate from California,555
1156,Taxes and withholding on unpaid salary,556
1158,"If I had no income due to a net operating loss, will I be refunded the Social Security and Medicare taxes withheld?",557
1160,"Received mysterious K-1 form, seeking answers",558
1161,Magazine subscription leads to unauthorized recurring payment,559
1162,Should rented software be included on my LLC's balance sheet?,560
1163,How to allocate profit and loss in partnership where one partner's activities are profitable and the other's aren't?,561
1164,Pattern Day Trade Rule,562
1165,Deducting Hobby Expenses on my Federal Income Taxes?,563
1166,How to invest a small guaranteed monthly income?,564
1167,Dealing with Form 1099,565
1169,Scammer wants details and credentials for my empty & unused bank account. What could go wrong?,566
1170,Why is mortgage interest deductible in the USA for a house you live in?,567
1171,Chase bank not breaking large bills for non-account holders,568
1177,Investment strategy for a 20 year old with about 30k in bank account,569
1178,"If you buy something and sell it later on the same day, how do you calculate 'investment'?",570
1181,Can my own corporation deduct my expenses even if I am a full time employee?,571
1185,"Can Per Diem deductions include family travel, meals and housing?",572
1188,How to start investing for an immigrant?,573
1189,Why is tax being paid on my salary multiple times?,574
1190,Credit card fee and taxes,575
1191,What corporation tax am I required to pay as an independent contractor?,576
1194,Tax implications of corporate housing,577
1196,What risks are there acting as a broker between PayPal and electronic bank transfers?,578
1197,Setting up general ledger/tax reporting for a Real Estate Rental LLC in GnuCash,579
1199,Get tax deduction for expensive car expense,580
1204,What is the relationship between the earnings of a company and its stock price?,581
1210,Company Payment Card,582
1215,US Foreign-Owned LLC that owes no income tax - Do I have to file anything?,583
1224,Calculating the cost of waiting longer for money,584
1232,Friend was brainwashed by MLM-/ponzi investment scam. What can I do?,585
1244,How to handle capital gains on a Virginia Individual Income Tax Return,586
1246,How to invest with a low net worth,587
1248,Income and taxes with subcontracting?,588
1249,How can I get a wholesaler ID number?,589
1253,Start a Holding Company?,590
1258,"Can you depreciate assets differently between Federal, State, and Local?",591
1264,The best credit card for people who pay their balance off every month,592
1265,Personal Asset Protection - How to protect asset against a deficiency judgement?,593
1266,How should I handle taxes for Minecraft server donations?,594
1267,Can travel expenses be deducted from Form 1040A if they were used to gather material for a book?,595
1271,How much taxes do corporations have to pay on dividends they receive from other companies?,596
1272,How to select a bank based on availability in two areas?,597
1273,Can I default on my private student loans if I was an international student?,598
1274,What are my options to make my money work for me?,599
1275,What are the contents of fixed annuities?,600
1277,How to determine whether 1099-MISC income is from self-employment?,601
1278,Why do 10 year-old luxury cars lose so much value?,602
1279,Automatic Extension online filing request gets denied w/ code R0000-052-01 - why?,603
1280,How to handle missing W2 from failed direct deposit only company?,604
1282,"When a publicly traded company splits into two how are common shares fairly valued, distributed?",605
1283,VAT and duties payable when importing personal goods from Switzerland and the Channel Islands to the EU?,606
1285,When is the right time to buy a car and/or a house?,607
1289,When to register for a bank account for a C-Corp with no official money,608
1291,S-Corp partnership startup. How to pay owners with minimal profit?,609
1293,When are payroll taxes due in the US?,610
1295,Risks associated with investing in dividend paying stocks for short term income. Alternatives?,611
1296,Can I negotiate a credit card settlement by stopping payments?,612
1298,"Assessing risk, and Identifying scams in Alternative Investments",613
1299,Safe method of paying for a Gym Membership?,614
1300,How do cashier's checks work and why are they good for scams?,615
1301,"Repairs to a house in order to rent it that were paid by the beneficiary, but is still owned by a Trust",616
1302,Economics of buy-to-let (investment) flats,617
1303,Work as a contractor for my current employer rather than become a full time employee after my graduation for health insurance continued coverage,618
1304,fastest way to move USD to EUR,619
1305,How to minimize damage from sale of savings account,620
1307,Old Cancelled Cards,621
1308,How to avoid tax when taking a windfall in small chunks?,622
1311,Reconciling transactions reimbursing myself for expenses as self-employed (UK),623
1312,Is being a landlord a good idea? Is there a lot of risk?,624
1313,Are account holders with a bank better able to receive a loan from that bank?,625
1315,What is your effective tax rate if you work from home in Montreal for a company in Toronto?,626
1318,Germany: Employee and Entrepreneur at same time (for getting AppStore payments),627
1323,A friend wants to use my account for a wire transfer. Is this a scam or is it legitimate?,628
1324,Avoid Capital Gains on Rental,629
1327,Official Bank Check,630
1328,Economics: negative consumer sentiment following failure to upsell,631
1329,Investing in a offshore bank account,632
1330,Should I finance rental property or own outright?,633
1332,How to start personal finances?,634
1337,What options exist to make money in the US on a work-restricted visa?,635
1339,Is threatening to close the account a good way to negotiate with the bank?,636
1342,How to keep control of shared expenses inside marriage?,637
1347,Is it usual for a tradesperson not to charge VAT?,638
1352,What tax year does my income get assigned to if my client sends the payment in December but I receive it in January?,639
1353,Does being on the board of a bankruptcy-declaring company affect my credit rating?,640
1358,"Prize Money, Taxes and Foreign / International Students",641
1359,What factors go into choosing residency?,642
1360,Back of Check Images are Blank and not Endorsed,643
1361,UK Limited Company paying third party medical costs,644
1362,"State tax issues for NJ resident with DC tax withheld, and likely refunded",645
1363,U.S. nonresident alien: Is my state tax refund taxable?,646
1365,Roth IRA - Vanguard or Fidelity? If a college student had to pick one?,647
1366,"Insurance, healthcare provider, apparent abuse, lack of transparency",648
1367,Is it safer to send credit card number via unsecured website form or by e-mail? What safer options are there?,649
1368,"As a shareholder, what are the pros and cons of a Share Consolidation and Return of Capital?",650
1369,Does this sound like a great idea regarding being a landlord and starting a real estate empire?,651
1371,Pros/cons of drawing income in retirement from sole-owner corporation vs. sole-proprietorship?,652
1372,"First time consultant, doubts on Taxation",653
1373,"Free “Rich Dad” education, with “free gift”: Is it legitimate, or is it a sales ploy?",654
1376,Is the MBA an overrated degree/qualification?,655
1385,Self employed as IT consultant and as massage therapist: Do I need 2 HST numbers?,656
1387,Taxable Website Ad Revenue,657
1388,UK - reclaim VAT on purchases for freelance work,658
1392,What gives non-dividend stocks value to purchasers? [duplicate],659
1394,Does the stock market create any sort of value?,660
1395,Market Hours and Valuations,661
1397,Borrowing 100k and paying it to someone then declaring bankruptcy,662
1399,Does getting a 1099 from another state count as working in another state if I was physically in my home state?,663
1400,American taxes if living outside the US and get paid by US company on a US bank account,664
1402,What does HMRC (the UK tax agency) view as valid expenses for travel?,665
1404,Indian citizen working from India as freelancer for U.S.-based company. How to report the income & pay tax in India?,666
1407,Additional credit card with different limit on same account?,667
1412,Strategies for paying off my Student loans,668
1418,Is there a White-list of Trusted Online Vendors?,669
1421,Using a cash account can someone trade all day on it?,670
1422,Why doesn't change in accounts receivable on balance sheet match cash flow statement?,671
1423,When does Ontario's HST come into effect?,672
1425,When does a low PE ratio not indicate a good stock?,673
1426,Are in-kind donations from my S-Corp tax-deductible in any way?,674
1428,What does the settlement date of short interest mean?,675
1431,How to explain an income discrepancy to the IRS?,676
1433,How do I look for private limited partnership investment opportunities? (Or should I?),677
1437,"If earning as freelancer, is it better to be a Sole Trader or Limited Company?",678
1438,Can I register for VAT to claim back VAT without selling VAT applicable goods? (UK),679
1439,Automatic transaction on credit card to stay active,680
1440,Are stores that offer military discounts compensated by the government?,681
1443,Can I claim a tax deduction for working from home as an employee? I work there 90% of the time,682
1446,Do I need to pay Income Tax if i am running a escrow service in India,683
1447,Do I need to pay quarterly 1040 ES and 941 (payroll)?,684
1449,"Theoretically, if I bought more than 50% of a company's stocks, will I own the company?",685
1452,"Using a self-directed IRA to buy vacation condo, rent it out to an LLC for $1",686
1456,Will I have to pay taxes for Australia if I have an Australian bank account?,687
1460,Are PINs always needed for paying with card?,688
1461,Do I make money in the stock market from other people losing money?,689
1463,Joining a company being acquired,690
1464,How should I record invoices in foreign currency in GNUCash?,691
1465,Any tax advantage for registering a residential house as a business? (I want to apply legal pressure to my landlord),692
1466,Difference between a mortgage and buy-to-let in UK,693
1470,Could someone place an independent film on the stock market?,694
1471,Company requires me to use my personal cell phone to work. Writeoff?,695
1472,Is an analyst's “price target” assumed to be for 12 months out?,696
1474,A merchant requests that checks be made out to “Cash”. Should I be suspicious?,697
1475,What threshold to move from SEP to Solo401k?,698
1476,Can a shareholder be liable in case of bankruptcy of one of the companies he invested in?,699
1477,Should I deduct or capitalize the cost to replace a water heater in my rental property? (details Below),700
1481,What effect does a company's earnings have on the price of its stock?,701
1483,What types of receipts do I need to keep for itemized tax deductions?,702
1485,Are COBRA premiums deductible when self-employed?,703
1489,What U.S. banks offer two-factor authentication (such as password & token) for online banking?,704
1490,Strategies to guarantee arrival time for transfers between banks,705
1492,How often do stocks become worthless?,706
1493,Why do banks finance shared construction as mortgages instead of financing it directly and selling the apartments in a building?,707
1494,"If I pay taxes on my earnings, would someone also pay taxes on the same earnings if I subcontract them and pay a share?",708
1495,Why is there such disparity of max contribution limits between 401K accounts and regular IRA accounts?,709
1505,"What options do I have at 26 years old, with 1.2 million USD?",710
1508,How quickly does short float ratio/percent change?,711
1519,Double-Taxation of Royalties paid for in Korea to a US Company,712
1523,Is there a way to claim a car purchase in the tax return?,713
1531,Can I deduct equipment expenses for a job I began overseas?,714
1532,How do we know the number of shorted shares of a stock?,715
1542,Can one get a house mortgage without buying a house?,716
1545,What to bear in mind when considering a rental home as an investment?,717
1546,What does cryptocurrency mean for governments?,718
1547,Are there any regulations regards end of loan payment procedures?,719
1549,"If banksimple.com is not a bank, what is it?",720
1550,How can a credit card company make any money off me? I have a no-fee card and pay my balance on time,721
1552,What are the common income tax deductions used by “rich” salaried households?,722
1553,How U.S. Depreciation works Explain in brief?,723
1555,"If I pay someone else's property taxes, can I use it as a deduction on my income tax return?",724
1556,Is it possible for credit card companies to check credit score in India?,725
1557,Free cash flow and capex on morningstar.com,726
1558,Filing a corporation tax return online?,727
1559,Taxes on transactions of services,728
1560,How long do wire transfers take?,729
1563,Do companies that get taken-over have to honour the old gift card/certificate?,730
1564,Federal taxes for nonresident alien whose only income in 2016 was a 2015 state tax return,731
1566,Cash-basis accounting and barter,732
1567,What is a trade exchange and are they reputable or not?,733
1569,Understanding Gift taxes for mortgage downpayment,734
1570,American living abroad and not working for an American company - tax reporting and bank accounts,735
1574,Legal restrictions for EU-foreigners to setup bank account in Czech republic,736
1575,Visiting vacation rental with immediate family,737
1576,"What purchases, not counting real estate, will help me increase my cash flow?",738
1579,"Paid credit card bill, but money didn't leave my checking account [duplicate]",739
1580,Money Structuring,740
1583,Optimal way to use a credit card to build better credit?,741
1584,Is it legal for a vendor to reuse credit details from a previous transaction,742
1586,car loan but 2 people on title,743
1587,How is income tax calculated in relation to selling used items?,744
1589,What's the most conservative split of financial assets for my portfolio in today's market?,745
1591,"How do rich people guarantee the safety of their money, when savings exceed the FDIC limit?",746
1593,Tax implications of having some self-employment income?,747
1594,Can an International student of F1 VISA accept money in her US bank account on behalf of someone else?,748
1595,Found Mistake on 2013 1120S Form,749
1596,Why Are Credit Card Rates Increasing / Credit Limits Falling?,750
1597,Does dividend on 401K have any effect on gains,751
1598,Why an inner suburbs small apartment considered a risky investment,752
1599,Might it make sense not to look into debt that is in collections?,753
1600,What do I need to do to form an LLC?,754
1601,How should we organize our finances to effectively plan and prepare for an retirement in next 10 years?,755
1604,"If I have some old gold jewellery, is it worth it to sell it for its melt value?",756
1608,Why is there some latency between the time a check deposit was processed and when one can withdraw the money on Fidelity CMAs?,757
1609,I'm getting gouged on prices for medical services when using my HSA plan. How to be billed fairly?,758
1610,18 year old making $60k a year; how should I invest? Traditional or Roth IRA?,759
1612,How are the $1 salaries that CEOs sometimes take considered legal?,760
1613,How hard for US customers make payments to non-resident freelancer by wire transfer?,761
1614,Will a credit card issuer cancel an account if it never incurs interest?,762
1615,Can LLC legally lend money to a friend?,763
1618,What is the purpose of endorsing a check?,764
1619,Credit card statement dates follow pattern?,765
1620,Which credit card is friendliest to merchants?,766
1622,How to properly collect money from corporate sponsors?,767
1624,Does longterm investment in index funds still make sense in a reality of massive algotrading?,768
1625,Why is the stock market price for a share always higher than the earnings per share?,769
1627,"What could a malicious party potentially achieve by having *just* a name, account number, and sort code?",770
1628,What's the difference between a high yield dividend stock vs a growth stock?,771
1631,Return of value to shareholders in an ISA,772
1632,"When filing for an NOL, do you have to file the amended previous years' returns after the NOL return?",773
1633,How much cash on hand should one have?,774
1634,Do overall 401(k) contribution limits sum across employers?,775
1635,Indie Software Developers - How do I handle taxes?,776
1636,Are Index Funds really as good as “experts” claim?,777
1637,Should you check to make sure your employer is paying you the correct superannuation amount? [Australia],778
1638,Depositing a check with a DBA on the title,779
1642,What do brokers do with bad stock?,780
1644,UK Tax - can I claim expenses against a different tax year?,781
1645,Is it possible for an individual to refuse a cheque in France?,782
1647,How do I estimate my taxes when I have only 1099 income?,783
1648,Will my current employer find out if I have a sole proprietarship/corporation?,784
1649,standard method for learning more about a specific sector? (particularly biotech sector),785
1652,Are my parents ripping me off with this deal that doesn't allow me to build my equity in my home?,786
1654,What should I consider when factoring fluctuating exchange rates into risk/return of overseas stock trading?,787
1655,How Do Scammers / Money Launderers Profit From Loans To Victims,788
1657,Health Insurance and Disability Question,789
1659,Optimal number of credit cards for a given length of credit history,790
1661,How Long Can It Take For a Check I Write to Clear on My Account?,791
1668,How to send money from europe to usa EUR - USD?,792
1669,Good book-keeping software?,793
1673,Do I have to pay taxes on income from my website or profits?,794
1677,Is it better to ask for a raise before a spin-off / merger or after?,795
1678,Why do people always talk about stocks that pay high dividends?,796
1680,Impact of EIN on taxation,797
1681,Fringe Benefits (Lodging) for single member S-Corp,798
1682,Can I write off time I spent working on my business?,799
1684,How to “pay” one self in a single member LLC w/ separate checking account?,800
1685,Earnings Calendar Fiscal Quarter Ending,801
1686,US Tax Form 1040EZ: Do I enter ALL income or ONLY income specified in W-2 forms?,802
1687,Australian stocks - any dividend tax or capital gains tax?,803
1689,Are there contracts for fixed pay vs. fixed pay rates?,804
1690,Can we cash a check under business name?,805
1695,How should I report earning from Apple App Store (from iTunes Connect) in Washington state?,806
1696,What constitutes illegal insider trading?,807
1698,"If the housing market is recovering, why would a REIT index ETF (e.g. VNQ) not be performing well?",808
1702,Can my broker lock my cash account if I try to use the money from a stock sale during the three-day settlement period?,809
1703,"Is it possible to borrow money to accrue interest, and then use that interest to pay back the borrower + fees?",810
1704,"How much tax do I have to pay in Redmond, Washington form my Microsoft Research Internship income?",811
1706,What does this diagram from Robert Kiyosaki about corporations mean?,812
1707,Are there any Social Responsibility Index funds or ETFs?,813
1708,Peer to peer lending in Canada?,814
1710,Washington State tax filing extension?,815
1711,Freehold and Leasehold for Pub/Bar?,816
1713,Is there a rule that a merchant must identify themself when making a charge,817
1714,Looking to buy a property that's 12-14x my income. How can it be done?,818
1717,Working on a tax free island to make money?,819
1721,About to start being an Independent Contractor - Any advice on estimating taxes?,820
1724,Does earning as a non-resident remote worker on an American account make people liable for U.S taxes?,821
1725,What is the stock warrant's expiration date here?,822
1728,How do owners in a partnership earn income?,823
1729,Pay team mates out of revenues on my name,824
1730,How do I determine how much rent I could charge for a property or location?,825
1731,I'm 13. Can I buy supplies at a pet store without a parent/adult present?,826
1734,How can I find out the credit rating of a company,827
1735,Income Tax on per Diem (Non Accountable plan),828
1740,"Is This A Scam? Woman added me on LinkedIn first, then e-mailed offering me millions of dollars [duplicate]",829
1742,"Can I claim GST/HST Input Tax Credits (ITCs) on Uber, taxi, or limousine fares?",830
1749,Investment strategies for young adults with entrepreneurial leanings?,831
1754,Settling before T+3?,832
1756,What forms of payment am I compelled to accept?,833
1758,Is there a tax deduction for renting office space in service of employer?,834
1760,Taxes paid in USA for sending money to parents in India,835
1761,What happens if a purchase is $0.02 in Canada?,836
1762,Is there a bank account that allows ACH deposits but not ACH withdrawals?,837
1763,What is quotational loss in stock market?,838
1769,Is it financially advantageous and safe to rent out my personal car?,839
1770,Is a website/domain name an asset or a liability?,840
1771,Doctor's office won't submit claim to insurance after 5 months,841
1773,Legitimate unclaimed property that doesn't appear in any state directory?,842
1774,Uncashed paycheck 13 years old,843
1775,How do I deduct payments to others out of a single payment to the group for contract work?,844
1777,Is there a correlation between self-employment and wealth?,845
1778,Tax benefits of recycling,846
1782,How Emini/Minifuture price is set against its underlaying instrument?,847
1784,What is the lifespan of a series of currency?,848
1785,Is there a financial benefit for buyers from using community currencies?,849
1786,What is the difference between the asset management division in an investment bank and an investment company?,850
1787,"If a country can just print money, is global debt between countries real?",851
1792,Why would a company sell debt in order to buy back shares and/or pay dividends?,852
1795,Can I depreciate a car given to me?,853
1797,New Pooled Registered Pension Plan details?,854
1798,Whats the difference between day trading and flipping and their tax implications?,855
1803,Getting Cash from Credit Card without Fees,856
1804,"Dormant company, never paid taxes, never traded in UK - should I have notified the HMRC?",857
1806,Side work and managing finances?,858
1807,What happens when PayPal overdrafts a checking account (with an ample backup funding source available)?,859
1810,Moonlighting as a software developer: employee or independent contractor w/ LLC?,860
1811,"W-8BEN? What's the tax from selling my software to a U.S. company, from abroad?",861
1817,My tenant wants to pay rent through their company: Should this raise a red flag?,862
1818,Tools for comparing costs between different healthcare providers?,863
1821,How are investment funding valued when invested in a company before it goes public?,864
1822,If a employers supposed to calulate drive time pay with your weekly gross pay,865
1823,How to manage 20 residential apartments,866
1831,My boss wants to buy me a gift. How do I account for taxes for this?,867
1833,What types of careers consistently make the most money entering with no background or social skills?,868
1834,"In Canada, can a limited corporation be used as an income tax shelter?",869
1837,When does a pricing error become false advertising?,870
1841,Where can I find a Third Party Administrator for a self-directed solo 401K?,871
1842,Why do some online stores not ask for the 3-digit code on the back of my credit card?,872
1843,Do Americans really use checks that often?,873
1845,Anyone please explain the meaning of turnover in this pic?,874
1848,Finding out actual items bought via credit card issuer and not the store receipt?,875
1850,Is income from crypto-currencies taxed?,876
1852,Can I cash a cashier's check at any bank?,877
1855,How is Massachusetts state tax on unrealized capital gains calculated?,878
1856,Is it possible to get life insurance as a beneficiary before the person insured dies?,879
1857,"If I go to a seminar held overseas, may I claim my flights on my tax return?",880
1858,Double entry for mortgage,881
1859,Why doesn’t every company and individual use tax-havens to pay less taxes?,882
1860,US taxation of stock purchase plan for non-resident alien,883
1861,Am I legally allowed to offset the tax I pay on freelance work? (UK),884
1862,Is Bitcoin a commodity or a currency [duplicate],885
1863,S-Corp and distributions,886
1865,"When filing a US 1065 as a General Partnership, do we combine our expenditures for a home office?",887
1866,ACH processing time of day,888
1868,In what cases can states tax non-residents?,889
1872,Is it possible to borrow money to invest in a foreign country?,890
1875,What are the tax guidelines for a Canadian freelancer working for a US company?,891
1876,"What are the consequences of being classified as a day trader, in Australia?",892
1878,How do margins on tracker mortgages (variable rate mortages) vary over time?,893
1882,Why charge gross receipts taxes to the customer?,894
1883,1099 Misc for taking care of foreign exchange students,895
1890,Why are there so many stock exchanges in the world?,896
1891,Are large companies more profitable than small ones?,897
1894,"Gap in domestic Health Insurance coverage, expect higher premiums?",898
1895,"When is it necessary to apply taxes for web freelancing services in Quebec, Canada?",899
1896,What are the basics of apartment rental finances?,900
1900,Why do bank statements end on *SUCH* wildly inconsistent days of the month?,901
1901,Online tutorials for calculating DCF (Discounted Cash Flow)?,902
1910,"If accepting more than $10K in cash for a used boat, should I worry about counterfeiting?",903
1913,How to pick a state to form an LLC in?,904
1914,"If a bank has a transfer limit, what happens if another bank pushes/pulls more than that?",905
1917,How does GST on PayPal payments work for Australian Taxation?,906
1918,Freelancer in India working for Swiss Company,907
1919,What would be the appropriate account for written off loans to friends and family?,908
1921,Should I buy a house with a friend?,909
1923,Online transaction - Money taken out late,910
1926,Does a growing economy mean the economy is becoming less efficient?,911
1927,How does a Non US citizen gain SEC Accredited Investor Status?,912
1929,I paid a contractor to make roof repairs to a house in my LLC. How can I deduct this cost?,913
1939,Obtaining Pound Sterling Cheque in US to pay for family history records from England?,914
1940,Shares in Chinese startup company,915
1941,Tenant wants to pay rent with EFT,916
1944,Learning investment--books to read? Fundamental/Value/Motley Fool,917
1945,Creating a personal company,918
1950,Question about dividends and giant companies [duplicate],919
1951,Are Chase credit cards commonly accepted for purchases?,920
1958,How can I find a lost 401K from a past employer?,921
1959,Is there any circumstance in which it is necessary to mark extra payments on a loan as going to “principal and not interest”?,922
1960,How can small children contribute to the “family economy”?,923
1961,Optimal pricing of close to zero marginal cost content,924
1962,Where can I borrow money for investing?,925
1964,Why can't 401(k) statements be delivered electronically?,926
1965,Why would you ever turn down a raise in salary?,927
1966,Employer-Paid relocation as taxable income?,928
1967,Is interest on a personal loan tax deductible?,929
1971,How can I work out how much a side-job contracting will be taxed for?,930
1972,Why are American Express cards are not as popular as Visa or MasterCard?,931
1973,How do LLC losses affect personal income taxes in the US?,932
1974,Does Tennessee have anything like a principal residence exemption?,933
1975,Currently sole owner of a property. My girlfriend is looking to move in with me and is offering to pay 'rent'. Am I at risk here?,934
1976,Why do car rental companies prefer/require credit over debit cards?,935
1978,"Do credit ratings (by Moody's, S&P, and Fitch) have any relevance?",936
1979,"As an independent contractor, should I always charge the client the GST/HST?",937
1982,Form 1040 - where to place my stipend?,938
1984,Sales Tax: Rounded Then Totaled or Totaled Then Rounded?,939
1986,"Might I need a credit score to rent, or for any other non-borrowing finances?",940
1987,How to properly report income without 1099-MISC,941
1990,Can I deduct work equipment I am not required to purchase by my employer?,942
1993,Are cashiers required to check a credit card for a signature in the U.S.?,943
1995,What's the purpose of having separate checking and savings accounts?,944
1996,What happens to your ability to borrow money based on our joint finances?,945
1997,Working out if I should be registered as self-employed in the UK,946
1998,"Other than being able to borrow to invest, how is a margin trading account different from a cash account?",947
1999,What funds were closed during or after the recent recessions?,948
2001,Is the return on investment better with high or low dividends?,949
2002,Advantages/Disadvantages to refinancing online?,950
2003,Are Forex traders forced to use leverage?,951
2004,Can I write off time spent learning my trade - Two-Man S-Corp,952
2005,person on loan with cosigner,953
2008,Where can I find accurate historical distribution data for mutual funds?,954
2009,How many days does Bank of America need to clear a bill pay check,955
2012,Track uninvoiced (pre-invoiced?) expected income in Quicken,956
2014,Are there alternatives to double currency account to manage payments in different currencies?,957
2015,Are there any countries where citizens are free to use any currency?,958
2016,Eligibility for stock rights offering,959
2017,Can a single-member LLC have a fiscal year not as the calendar year?,960
2018,How do small cap stocks perform vs. large cap stocks (like Dow constituents) during bear trends?,961
2022,Understanding taxes when buying goods at a store,962
2025,“Top down” and “bottom-up approach”,963
2027,The Canadian dividend tax credit: Why is it that someone can earn a lot in dividends but pay no/little tax?,964
2028,Personal “Profit & Loss Statement” required for mortgage?,965
2035,Is the need to issue bonds a telltale sign that the company would have a hard time paying coupons?,966
2038,Overpaid Rent Owed By Real Estate,967
2039,Gym membership tax deductible?,968
2049,How to tell if you can trust a loan company?,969
2050,How to transfer money to yourself internationally?,970
2053,What legal action can Paypal take against me if I don't pay them and I have a negative balance?,971
2054,Is there a limit on the dollar amount of a personal check?,972
2057,Bringing money to UK for investment purposes,973
2059,So the vending machine tore my $5 in pieces. What now?,974
2061,Are there extra fees for a PayPal Premier account?,975
2063,Does an employee have the right to pay the federal and state taxes themselves instead of having employer doing it?,976
2064,Is there such thing as a Checking account requiring pre-approval / white-list?,977
2065,Credit History and Outstanding Debts in Hungary,978
2066,Why do companies have a fiscal year different from the calendar year?,979
2069,"For somebody that travels the same route over and over again, what are some ways to save on airfare?",980
2071,Can I account for start-up costs that occur before incorporation?,981
2073,Landlord living in rental unit - tax implications?,982
2074,How were self employed folk taxed in the U.K. before 1997,983
2079,Can dues and subscriptions expenses be deducted 100% to calculate taxable income in an LLC company?,984
2082,Merrill Lynch historical stock prices - where to find?,985
2083,How feasible would it be to retire just maxing out a Roth IRA?,986
2085,Non Resident Alien(Working full time on F1-OPT) new car sales tax deduction,987
2087,Assessing the value of an ETF,988
2090,Confirming that stocks are listed under my name,989
2091,Do my parents need to pay me minimum wage?,990
2092,How is a Condominium / Apartment Building fiscally identified?,991
2094,Can preventive health checkup be claimed as a separate expense from medical expenses?,992
2097,"Why are prices in EUR for consumer items often the same number as original USD price, but the GBP price applies the actual exchange rate?",993
2098,Restricting a check from being deposited via cell phone,994
2100,Why is retirement planning so commonly recommended?,995
2103,How to become an investment banker?,996
2104,"Got a “personal” bonus from my boss. Do I have to pay taxes and if so, how do I go about that?",997
2106,What is today's price of 15 000 Euro given 15 years ago?,998
2107,How long does it take for a Tangerine no-fee money-transfer email to be delivered?,999
2109,"If I send money to someone on student visa in USA, will he need to pay taxes on that?",1000
2111,What does it mean for a normal citizen like me when my country's dollar value goes down?,1001
2112,Sell a stock and buy a new one,1002
2113,Where I can find the exact time when a certain company's stock will be available in the secondary market?,1003
2115,Will prices really be different for cash and cards?,1004
2116,"Tracking my spending, and incoming and outgoing (i.e cashflow)",1005
2119,How does a 2 year treasury note work?,1006
2120,1040 or 1040NR this time?,1007
2121,How aggressive should my personal portfolio be?,1008
2122,Minimizing loss during two-way currency transfers involving foreign entities,1009
2124,"Dow Jones Industrial Average (DJIA), NASDAQ 100, and S&P 500 index historical membership listing?",1010
2126,Good Percentage Return on Equity?,1011
2128,Is transfer of long term investment proceeds from India considered taxable in the U.S.?,1012
2133,How does UpWork allow US companies to make payments outside of the US?,1013
2135,Who can I get to help me roll my 401(k) into an IRA when I live overseas?,1014
2136,What determines price fluctuation of groceries,1015
2138,Can I withdraw from my Roth IRA retirement account to fund a startup?,1016
2139,"When a stock price rises, does the company get more money?",1017
2143,Is this formula accurate for weighing the difference between an S-Corp and LLC?,1018
2144,"How do I find a legitimate, premium credit repair service?",1019
2145,Are there any benefits of FMLA beyond preserving your job?,1020
2146,What benefits do “title search companies” have over physically visiting a land records offices?,1021
2147,Should I buy my house from my landlord?,1022
2148,Hourly rate negotiation tips for paid internship,1023
2149,“Debt Settlement Order” Text Spams – How do they work?,1024
2150,Solo-401k interaction with employer sponsored 401k. Limits of contribution from Schedule C income,1025
2151,"What is the point of the stock market? What is it for, and why might someone want to trade or invest?",1026
2152,Credit card issued against my express refusal; What action can I take?,1027
2153,What's my risk of buying a house for a friend and sell back to him?,1028
2157,How to divide a mortgage and living area fairly?,1029
2160,How to maximize small business 401k contribution?,1030
2162,VAT and German freelance working on international project,1031
2164,Best way for for soon to turn 18 to learn about money?,1032
2165,Why do consultants or contractors make more money than employees?,1033
2169,"Why invest for the long-term rather than buy and sell for quick, big gains?",1034
2170,2 houses 450k each or one 800k?,1035
2172,Is inflation a good or bad thing? Why do governments want some inflation?,1036
2173,What are the costs to establish an LLC and to maintain it?,1037
2174,"Why does the share price tend to fall if a company's profits decrease, yet remain positive?",1038
2175,When does it make financial sense to take advantage of employer's tuition reimbursement program?,1039
2176,How can I stop a merchant from charging a credit card processing fee?,1040
2177,Should I find a regular job or continue doing what am doing?,1041
2178,Can I claim the standard deduction being an Indian citizen and non-resident in USA for tax purposes?,1042
2179,How to get a credit card as a minor?,1043
2184,Ideal investments for a recent college grad with very high risk tolerance?,1044
2185,Is it wise to invest in a stock with a large Div yield?,1045
2186,Is it sensible to redirect retirement contributions from 401(k) towards becoming a landlord?,1046
2187,How to report Canadian income from a small contract job?,1047
2188,What is value investing? What are the key principles of value investing?,1048
2189,I may earn a lot of cash soon through self-employment on a lucrative project.  How to handle the tax?,1049
2191,Why would someone want to sell call options?,1050
2192,What to do with a distribution as a young person?,1051
2193,How much money do you have to make every year before you have to pay tax?,1052
2196,"Paying taxes on income earned in the US, but from a company based in Norway",1053
2197,Should I have a higher credit limit on my credit card?,1054
2198,Why does my bank suddenly need to know where my money comes from?,1055
2199,How can rebuilding a city/large area be considered an economic boost?,1056
2200,Money transfer from Australia to India - avoid receiving ends service tax,1057
2201,Possibility of donations in an educational site,1058
2202,Can two companies own stock in each other?,1059
2203,Does inflation equal more loans?,1060
2205,Tax considerations for outsourcing freelance work to foreign country,1061
2206,Are there brokers or companies who trade Forex and make money for us on our investment? And do you think fxtradeinvestment is legit?,1062
2207,How much time would I have to spend trading to turn a profit?,1063
2209,"Formula for recalculation of a bad loan, i.e. where payments were missed?",1064
2210,How long should I keep an uncleared transaction in my checkbook?,1065
2211,"PayPal wants me to “add a bank account”, another funding source. Credit card isn't working. Why?",1066
2212,Definition of gross income (Arizona state tax filing requirements),1067
2213,How is Discover different from a Visa or a MasterCard?,1068
2216,Transfer money from a real estate sale in India to the US,1069
2218,How can a Canadian establish US credit score,1070
2220,What are some examples of unsecured loans,1071
2221,Do I have to pay a capital gains tax if I rebuy different stocks?,1072
2222,Claiming income/deductions on an illegal apartment,1073
2225,"Pros, cons, and taxation of Per Diem compensation?",1074
2228,"Best way to day trade with under $25,000",1075
2231,Pay via Debit Card or Bank's portal,1076
2232,Can I transfer self-employed income into LLC?,1077
2233,How to gift money anonymously to an individual after collection thru a donation site?,1078
2235,"How can I determine if leaving a lower paying, tax advantaged, job for a higher paying one makes sense financially?",1079
2236,What should I do with a savings account in another country?,1080
2237,"Help! I've cancelled their service, but this company continues to bill my credit card an annual fee. What can I do?",1081
2238,Do I need to file a tax return as a student?,1082
2239,Alternative to Jumbo Mortgage,1083
2241,How does a online only bank protect itself against fraud?,1084
2243,"Should I lease, buy new, or buy used?",1085
2244,"Huge return on investment, I feel like im doing the math wrong",1086
2245,What is the best way to short the San Francisco real estate market?,1087
2246,Are there online brokers in the UK which don't require margin account?,1088
2247,Is there such a thing as a deposit-only bank account?,1089
2248,Do you know of any online monetary systems?,1090
2250,Is buying and selling Bitcoin (and other cryptocurrency) legal for a student on F-1 Visa doing OPT in USA?,1091
2251,Why does HMRC still require “payment on account” after I have moved to PAYE?,1092
2252,High dividend stocks,1093
2254,Is there any downside to using temporary credit card numbers with subscription services?,1094
2259,What happens to bank account of non-resident alien who falls out of status?,1095
2261,New 1099 employee with Cobra insurance,1096
2263,What things should I consider when getting a joint-mortgage?,1097
2265,Benjamin Graham: Minimum Size of the company,1098
2267,W8-BEN for an Indian Citizen,1099
2269,501(3)(c) to donators for trophy party,1100
2273,Is there any truth to the saying '99% of the world's millionaires have become rich by doing real estate'?,1101
2275,Which Roth IRA is the best for a 21 year old who has about $1500?,1102
2276,How do credit card banks detect fraudulent transactions without requiring a travel advisory?,1103
2277,How does the market adjust for fees in ETPs?,1104
2278,What is expense growth in this diagram?,1105
2279,Is it safe to accept money in the mail?,1106
2280,How to find the smallest transaction fees and commissions available and reduce trading overhead?,1107
2281,Is per diem taxable?,1108
2282,Do I have to work a certain amount of hours in order to get paid monthly?,1109
2283,Where can I find historic ratios by industry?,1110
2284,Live in Florida & work remote for a New York company. Do I owe NY state income tax?,1111
2286,Why would analysts recommend buying companies with negative net income?,1112
2287,Mortgage interest income tax deduction during year with a principal residence change,1113
2288,"If a company's assets are worth more than its market cap, can one say the shares must be undervalued?",1114
2290,"For Federal Crimes, where does the money collected from penalties go?",1115
2291,Do I have to pay the internet installation charges for my home's company internet?,1116
2292,What is the best way to determine if you should refinance a mortgage?,1117
2293,Moving savings to Canada?,1118
2294,Optimal way for withdrawing vested company match from my 401k?,1119
2295,searching for historic exchange rate provider which meets this example data,1120
2297,Any specific examples of company valuations according to Value Investing philosophy?,1121
2300,Does Reuters provide the 4pm London Spot rate for currencies?,1122
2301,How do I protect money above the FDIC coverage limit?,1123
2304,How can I make a one-time income tax-prepayment to the US Treasury?,1124
2305,Is there a lower threshold for new EU VAT changes coming 1 Jan 2015 related to the sale of digital goods?,1125
2308,"In the USA, why is the Free File software only available for people earning less than $62k?",1126
2310,can the government or debt collectors garnish money from any bank account to which the debtor has access?,1127
2311,Contract job (hourly rate) as a 1099: How much would I be making after taxes?,1128
2312,In what state should I register my web-based LLC?,1129
2314,Do altcoin trades count as like-kind exchanges? (Deferred capital gains tax),1130
2315,Which state do saving interests come from?,1131
2317,"Incorporating, issuing stock and evaluating it",1132
2319,Pros and cons of using a personal assistant service to manage your personal finances?,1133
2320,How can I calculate interest portion of income when selling a stock?,1134
2322,What's the difference when asked for “debit or credit” by a store when using credit and debit cards?,1135
2323,Tax deductions on empty property,1136
2326,Personal Banking using accrual method,1137
2327,Do company-provided meals need to be claimed on my taxes?,1138
2328,What are the differences among all these different versions of Vivendi?,1139
2331,Investing in third world countries,1140
2332,Net income correlation with Stock Price,1141
2333,Ongoing Automatic Investment Fee,1142
2335,"Giving kids annual tax free gift of $28,000",1143
2336,Can Professional Certifications be written off in taxes?,1144
2338,Trader Fostering Program on Futures Day Trading,1145
2339,Is paying off your mortage a #1 personal finance priority?,1146
2341,why do I need an emergency fund if I already have investments?,1147
2343,The Benefits/Disadvantages of using a credit card,1148
2345,Should I pay off a 0% car loan?,1149
2346,2 401k's and a SEP-IRA,1150
2347,"In double entry book-keeping, how should I record writing of a check?",1151
2350,How can I legally and efficiently help my girlfriend build equity by helping with a mortgage?,1152
2353,"If I have no exemptions or deductions, just a simple paycheck, do I HAVE to file taxes?",1153
2354,"Are there guidelines for whom you should trust for financial advice (online, peer, experts, only myself, etc)",1154
2357,Including the region where you live in your investment portfolio?,1155
2358,"Interest on security deposits paid to landlords, in Michigan?",1156
2359,Bank of the Sierra: Are they legit? How can the checking interest APY be so high?,1157
2360,"How does historical data get adjusted for dividends, exactly?",1158
2361,"What economic, political and other factors influence mortgage rates (and how)?",1159
2362,Why do US retirement funds typically have way more US assets than international assets?,1160
2364,Do I need to file taxes when selling on eBay or Amazon?,1161
2365,Making your first million… is easy! (??),1162
2366,What are the risks of Dividend-yielding stocks?,1163
2368,Where to deduct gambling losses?,1164
2369,are there any special procedures for managing non-petty cash?,1165
2371,Is sales tax for online purchases based on billing- or shipping address?,1166
2372,Single employee - paying for health insurance premiums with pre-tax money,1167
2373,"Everyone got a raise to them same amount, lost my higher pay than the newer employees",1168
2375,FHA Reduction Notices From Third-Party Companies - Scam? Or Something To Consider?,1169
2377,Is there any way to buy a new car directly from Toyota without going through a dealership?,1170
2379,Should a high-school student invest their (relative meager) savings?,1171
2380,Pending euro payment to a usd account,1172
2382,Why would my job recruiter want me to form an LLC?,1173
2387,Meaning of capital market,1174
2393,Effective returns on investment in housing vs other financial instruments,1175
2396,Apartment lease renewal - is this rate increase normal?,1176
2397,"California resident, Delaware C-Corp - Taxes for 1-person software freelancer?",1177
2403,Why would I choose a 40-Year depreciation instead of the standard 27.5-Year?,1178
2404,Investor returns from crowdfunding,1179
2405,Should I be claiming more than 1 exemption?,1180
2408,Can I transfer my West Australian rock lobster quota units into my SMSF?,1181
2410,Interest on self assessment tax,1182
2413,What's the best way to make money from a market correction?,1183
2414,Do I need to prove 'Garage Sale' items incurred a loss,1184
2418,Where can I find definitive terms for a preferred share?,1185
2420,"Should we prepay our private student loans, given our particular profile?",1186
2425,Does investing money in other currencies help pad losses in case of a stock market crash?,1187
2428,how does one start an investing club (as a company)?,1188
2429,Is a debt collector allowed to make a hard inquiry on your credit report?,1189
2430,"In the UK, can authors split a single advance on a book over multiple tax returns?",1190
2431,How much (paper) cash should I keep on hand for an emergency?,1191
2432,Where can I find recent information about which major shareholders changed their positions in a given stock?,1192
2434,Bank will not accept loose change. Is this legal?,1193
2435,How to measure the cost/value of an Asset in the Financial Statement,1194
2436,60% Downpayment on house?,1195
2438,Why don't banks give access to all your transaction activity?,1196
2439,How do brokerage firms make money?,1197
2440,Why do people buy stocks that pay no dividend?,1198
2441,Is building a corporation a good option?,1199
2444,Can this year's free extension-to-pay be filed electronically? IRS Form 1127,1200
2446,Why credit cards are sold through banks and not from Visa or MasterCard directly,1201
2447,"In a competitive market, why is movie theater popcorn expensive?",1202
2448,Why isn't money spent on necessities deductible from your taxes?,1203
2450,My account's been labeled as “day trader” and I got a big margin call. What should I do? What trades can I place in the blocked period?,1204
2451,using credit card and paying back quickly,1205
2452,Can I do periodic rollovers from my low-perfoming 401k to an IRA?,1206
2453,"As an American working in the UK, do I have to pay taxes on foreign income?",1207
2454,How can I find out what category a merchant falls into for my credit card's cashback program? [duplicate],1208
2455,Gift card fraud: To whom to report? How to recover funds? Is the party which issued me the card liable?,1209
2456,How does on-demand insurance company Trov prevent insurance fraud or high prices?,1210
2457,Personal Tax Deduction for written work to a recognized 501c3,1211
2459,I'm currently unemployed and have been offered a contract position. Do I need to incorporate myself? How do I do it?,1212
2461,Working in Iran for foreign company,1213
2463,How can I estimate the value of private stock behind employee stock options?,1214
2466,understand taxes when geting money from a project built long time ago plus my full time job,1215
2467,Filing 1040-NR when I have been outside the US the entire year?,1216
2468,Is buying a lottery ticket considered an investment?,1217
2469,Is there any way to pay online in a country with no international banking system,1218
2470,How to incentivize a real-estate broker to find me a cheap house,1219
2474,How can online trading platforms be trustworthly?,1220
2475,Why do banks encourage me to use online bill payment?,1221
2478,Form as LLC or S Corp to reduce tax liability,1222
2479,Good at investing - how to turn this into a job?,1223
2480,Alternatives to Intuit's PayTrust service for online bill viewing and bill payment?,1224
2481,Is Stock Trading legal for a student on F-1 Visa in USA? [duplicate],1225
2482,Does a restaurant have to pay tax on a discount?,1226
2483,Can my brother fix his credit?,1227
2484,Should I pay half a large balance this month before I get my CC statement?,1228
2485,Money put down on home,1229
2487,Saving for retirement without employer sponsored plan,1230
2488,Why will the bank only loan us 80% of the value of our fully paid for home?,1231
2489,Lend money at a rate linked to the prime rate,1232
2490,Is Bogleheadism (index fund investing) dead?,1233
2491,Is it legal to receive/send “gifts” of Non-Trivial Amounts to a “friend”?,1234
2492,Why do credit cards have minimum limits?,1235
2493,What mix of credit lines and loans is optimal for my credit score?,1236
2494,Taxation from variations in currency,1237
2497,Strategies for saving and investing in multiple foreign currencies,1238
2501,Would there be tax implications if I used AirBnB as opposed to just renting out a unit normally?,1239
2502,What to do if a state and federal refund is denied direct deposit?,1240
2504,Are there any e-commerce taxation rules in India?,1241
2505,"Are reimbursements from company taxable,and do I need to deduct them?",1242
2506,Rental Property - have someone look for you,1243
2508,How do I get a Tax Exemption Certificate for export from the US if I am in another country?,1244
2509,Free/open source Unix software that pulls info from all my banks/brokers/credit cards?,1245
2510,Creating S-Corp: Should I Name My Wife as a Director/Shareholder?,1246
2511,Why do credit cards require a minimum annual household income?,1247
2512,Why is the total 401(k) contribution limit (employee + employer) so high?,1248
2514,Should I take contributions out of my Roth IRA to live off of?,1249
2520,Withdraw USD from PayPal without conversion to my home currency of EUR?,1250
2521,How can I determine which stores are regarded as supermarkets for a rewards credit card?,1251
2522,When should I walk away from my mortgage?,1252
2523,Multi-Account Budgeting Tools/Accounts/Services,1253
2524,Adding a 180 day expiration to checks,1254
2526,Consumer Loans vs Mortgages,1255
2527,One company asks for picture of my debit card,1256
2529,How can I save money on a gym / fitness membership? New Year's Resolution is to get in shape - but on the cheap!,1257
2531,Emptying a Roth IRA account,1258
2532,How does stock dilution work in relation to share volume?,1259
2533,"US citizen sometimes residing in spain, wanting to offer consulting services in Europe, TAXES?",1260
2536,How to evaluate stocks? e.g. Whether some stock is cheap or expensive?,1261
2537,Which US services allow small/micro-payments using a credit card?,1262
2538,Buying a home with down payment from family as a “loan”,1263
2539,How does refinancing work?,1264
2541,"Why don't some places require a credit card receipt signature, and some do?",1265
2543,"What ETF best tracks the price of gasoline, or else crude oil?",1266
2544,Any extra fees charged by passive stock and bond ETFs on top of the standard fees?,1267
2545,Should the bank cover money lost due to an unsuccessful transfer?,1268
2546,What's the fuss about Credit Score / History?,1269
2547,Can I use FOREX markets to exchange cash?,1270
2552,Does cash back apply to online payments with credit card,1271
2553,Are there any banks in Europe that I can have an account without being in that country?,1272
2554,Is there a way to monitor when executives or leaders in a company sell off large holdings?,1273
2559,Why is the breakdown of a loan repayment into principal and interest of any importance?,1274
2560,What are the reasons to get more than one credit card?,1275
2561,Buy and sell stock at specific earnings,1276
2563,Why must identification be provided when purchasing a money order?,1277
2565,What are the financial advantages of living in Switzerland?,1278
2570,"Best way to start investing, for a young person just starting their career?",1279
2571,Foreign company incorporated in US and W9,1280
2572,What special considerations need to be made for a US citizen who wishes to purchase a house in Canada?,1281
2573,What effect would a company delisting from the LSE to move to china have on shareholders?,1282
2575,"How long should I keep my tax documents, and why?",1283
2577,Why are typical 401(k) plan fund choices so awful?,1284
2578,Making higher payments on primary residence mortgage or rental?,1285
2583,EIN for personal LLC: Is this an S-Corp?,1286
2585,What are institutional investors?,1287
2592,What is the added advantage of a broker being a member of NFA in addition to IIROC,1288
2594,tax deduction for 30k loan,1289
2596,How much life insurance do I need?,1290
2597,Is there a catch to offers of $100 when opening up a new checking account?,1291
2599,What are online payment options with no chargeback protection?,1292
2601,Shorting: What if you can't find lenders?,1293
2602,Should I get an accountant for my taxes?,1294
2603,What's the difference between TaxAct and TurboTax?,1295
2604,Do I need to pay tax on the amount of savings I have in the bank?,1296
2605,When are stock trade fees deducted?,1297
2606,Where to categorize crypto-currencies,1298
2608,How smart is it really to take out a loan right now?,1299
2609,"In a house with shared ownership, if one person moves out and the other assumes mortgage, how do we determine who owns what share in the end?",1300
2613,What is meant by “unexpected expenses” in my 401k plan?,1301
2615,Earning salary from USA remotely from New Zealand?,1302
2616,Live in Oregon and work in Washington: Do I need to file Oregon state taxes?,1303
2618,How smart is it to really be 100% debt free?,1304
2619,Can't the account information on my checks be easily used for fraud?,1305
2620,How to share income after marriage and kids?,1306
2622,Is the gross amount of US debt dangerous for the small investor?,1307
2623,What are some time tested passive income streams?,1308
2624,How secure is my 403(b)? Can its assets be “raided”?,1309
2625,How is an ETF's NAV determined?,1310
2626,Stop paying VAT on digital sales when earnings are under £81k,1311
2627,"Why do some people go through contortions to avoid paying taxes, yet spend money on expensive financial advice, high-interest loans, etc?",1312
2630,Is housing provided by a university as employer reported on 1040?,1313
2631,Capital Gains in an S Corp,1314
2632,"Why do stocks go up? Is it due to companies performing well, or what else? [duplicate]",1315
2637,Does the rise in ACA premiums affect employer-provided health insurance premiums?,1316
2641,What caused this drop?,1317
2645,How do markets “factor in” a future event?,1318
2650,How to secure one's effort when working on a contract?,1319
2655,Is accident insurance worth it for my kids who play sports,1320
2656,In what ways can a public company ask for money?,1321
2657,Why is it not a requirement for companies to pay dividends?,1322
2658,MasterCard won't disclose who leaked my credit card details,1323
2660,What steps are required to transfer real estate into a LLC?,1324
2663,How Should I Go About Buying a Car? (College Student),1325
2665,Opening American credit cards while residing in the UK,1326
2667,What dictates the costs of creating an options contract? (Commissions breakdown),1327
2668,Smart to buy a house in college?,1328
2670,Non Resident Alien Spouse Treated As Resident - Self Employment Income,1329
2671,What to do when paying for an empty office space?,1330
2672,Should I buy or lease a car given that its not a super luxury car and I only drive 15 miles/d on avg?,1331
2674,Tax on insurance payment due to car deemed as total loss?,1332
2677,Working for recruiter on W-2 vs. working for client on 1099?,1333
2678,How are derivatives different from bucket shops?,1334
2679,Can one be non-resident alien in the US without being a resident anywhere else?,1335
2680,Unusual real estate market with seemingly huge rental returns,1336
2683,Monthly money transfers from US to Puerto Rico,1337
2684,Why do people buy insurance even if they have the means to overcome the loss?,1338
2686,401(k) lump sum distribution limited because of highly compensated employees?,1339
2687,What would a stock be worth if dividends did not exist? [duplicate],1340
2688,Valuing a company and comparing to share price,1341
2689,How does 1099 work with my own company,1342
2690,Safe and cheap way to send money from Canada to South America,1343
2691,What are the tax liabilities for an international transaction?,1344
2692,"Is it worth incorporating, when working in Canada as a contractor for an employer in the US?",1345
2693,Will getting a second credit card help my credit rating?,1346
2699,Is it possible as a non-Indian citizen to create an Indian bank account (denominated in rupees) that can exchange & repatriate its funds?,1347
2702,What should I be aware of as a young investor?,1348
2703,What factors should I consider in picking a bond?,1349
2704,Do credit checks affect credit scores?,1350
2705,Why are the banks and their customers in the United States still using checks? [duplicate],1351
2706,Why did the Swiss National Bank fix the EUR/CHF exchange rate at CHF 1.20?,1352
2707,Are the sellers selling pre-IPO shares over these websites legitimate or fake?,1353
2708,Is gold really an investment or just a hedge against inflation?,1354
2711,What is the basis of an asset that is never depreciated?,1355
2714,To rebalance or not to rebalance,1356
2715,What is the interest rate online brokerages paying out tied to?,1357
2716,Selling on eBay without PayPal?,1358
2717,Scam or Real: A woman from Facebook apparently needs my bank account to send money,1359
2719,What benefits are there to having a Pension (Retirement Account) In Ireland?,1360
2720,Why do 1099 forms take so long for brokerages to prepare and send out?,1361
2721,How do I fold side-income into our budget so my husband doesn't know?,1362
2722,Does exposure to financials in corporate bond funds make sense?,1363
2725,Should I remodel or buy a bigger house?,1364
2726,What should I do with my money?,1365
2728,Do I have to pay tax on money I earn as a tutor?,1366
2730,Health insurance deduction on schedule C if also full time employee with w2?,1367
2731,Tax for Basket with Coupon containing two different VAT rates,1368
2733,"Why do Americans have to file taxes, even if their only source of income is from a regular job?",1369
2734,Does reading financial statements (quarterly or annual reports) really help investing?,1370
2736,Why is routing number called ABA/ABN number?,1371
2739,First concrete steps for retirement planning when one partner is resistant,1372
2740,"Is it practical to take actual delivery on a futures contract, and what is the process?",1373
2742,Should I sell my individual stocks and buy a mutual fund,1374
2743,"A guy scammed me, but he gave me a bank account number & routing number. Can I use that to take out what he owes me?",1375
2745,How to reduce mortgage rate with low income but high assets,1376
2748,Effect of Job Change on In-Progress Mortgage Application,1377
2751,Should I invest in a Health Insurance +1 policy from my Employer?,1378
2752,What's the minimum revenue an LLC must make in Florida or NY states?,1379
2753,Is buying or selling goods for gold or silver considered taxable?,1380
2754,What factors would affect the stock price of a sports team?,1381
2756,Why so much noise about USA's credit rating being lowered?,1382
2757,How can I minimize the impact of the HST?,1383
2758,How is a relocation fee of more than 40k taxed?,1384
2763,Do the tax consequences make it worth it for me to hold ESPP stock?,1385
2764,Taxes for citizen of EU country #1 living in EU country #2 and working from home for non-EU country #3?,1386
2765,How does sales tax holiday change tax?,1387
2768,How can one go short in Uber?,1388
2772,How can I improve my auto insurance score?,1389
2773,Computer vendor not honoring warranty. What's the next step?,1390
2774,Why haven't there been personal finance apps or softwares that use regression modeling or A.I.?,1391
2775,"Ordering from Canada, charged in CAD or USD?",1392
2776,Are credit histories/scores international?,1393
2779,Any problem if I continuously spend my credit card more than normal people?,1394
2781,Is there a rule of thumb to help “Sanity check” insurance costs?,1395
2786,How long does it take for money to transfer into a mastercard?,1396
2787,Should I stockpile nickels?,1397
2793,What are the tax implications of lending to my own LLC?,1398
2794,Double-entry bookkeeping: How to account for non-monetary taxable benefits received from employer?,1399
2795,Moving 401k balance into self-directed IRA,1400
2797,New York State - NY Tax on Foreign Sourced Income for NY Non-Resident,1401
2798,Am I responsible for an annual fee on a credit card I never picked up?,1402
2799,Medical Bill Consolidation,1403
2803,Do I have to explain the source of *all* income on my taxes?,1404
2804,"Buying a building with two flats, can I rent one out and still get a residential mortgage?",1405
2806,Which Benjamin Graham book should I read first: Security Analysis or Intelligent Investor?,1406
2807,What exactly is a wealth management platform?,1407
2813,What do I need to be aware of if I choose to resell property early (in Alberta)?,1408
2815,Shifting income to 401k,1409
2816,Does this plan make any sense for early 20s investments?,1410
2817,How is someone tax exempt at Walmart in Canada?,1411
2818,If something is coming into my account will it be debit or credit in my account?,1412
2819,How much is university projected to cost in Canada in 18 years?,1413
2821,How can I improve my credit score if I am not paying bills or rent?,1414
2823,Checks not cashed,1415
2824,Changing Bank Account Number regularly to reduce fraud,1416
2826,Is it wise to invest small amounts of money short-term?,1417
2827,Car Insurance - Black box has broken and insurance company wants me to pay?,1418
2828,Can I deduct equipment that I'm required to purchase by my employer?,1419
2829,"For a single company listed in multiple exchanges in different countries, are the shares being offered the same?",1420
2830,Is there any instrument with real-estate-like returns?,1421
2832,"What does “Settling your Debt” entail, and how does it compare to other options?",1422
2833,"Stocks taxed just for selling, or just when withdrawing?",1423
2834,Mexican Index Mutual Funds,1424
2835,What would the broker do about this naked call option?,1425
2837,Simple loan with a mortage as collateral,1426
2838,Why do employer contributions count against HSA limits?,1427
2839,Why should we expect stocks to go up in the long term?,1428
2840,2008-2009 Stock Market Crash — what caused the second drop?,1429
2841,Accounting equation: does income really decrease equity?,1430
2844,Am I putting myself at any security risks by putting all my money in one bank institution?,1431
2845,UK Ltd taxation on stocks/bonds income and real estate rent income,1432
2846,Can anyone else make an online payment for me?,1433
2848,Splitting Hackathon Prize Money to minimize tax debt,1434
2849,RRP/list price/retail price and cars?,1435
2851,What's a good free checking account?,1436
2853,"In India, what is the difference between Dividend and Growth mutual fund types?",1437
2854,Does my net paycheck decrease as the year goes on due to tax brackets filling up?,1438
2855,Can I open a Solo 401(k) if I am an independent contractor but also work part-time as an employee?,1439
2859,Question about ex-dividend date timing,1440
2860,Can a company donate to a non-profit to pay for services arranged for before hand?,1441
2861,Can I work with two or more mortgage brokers at the same time?,1442
2863,How to find a reputable company to help sell a timeshare?,1443
2864,Is Amazon's offer of a $50 gift card a scam?,1444
2865,Where can I find historical ratios of international stock indexes?,1445
2867,What do brokerage firms do?,1446
2868,No transaction fee ETF trades - what's the catch?,1447
2872,Is there a NY tax form to use when one is missing a K-1 (or 1065) from an LLC?,1448
2873,question regarding W4,1449
2875,Increase or decrease amount to be withheld each pay period?,1450
2877,Does working in finance firms improve a person's finance knowledge?,1451
2878,"Over the long term, why invest in bonds?",1452
2879,"What does “interest rates”, without any further context, generically refer to?",1453
2881,Is it a good strategy to +cash out refi every six months?,1454
2882,How Often Should I Chase a Credit Card Signup Bonus?,1455
2883,How can I get free or discounted checks for my bank account?,1456
2887,1000 pound to invest,1457
2888,Clear example of credit card balance 55 days interest-free “trick”?,1458
2889,Can a recruiting agency demand information to file an I-9 before I have a job?,1459
2890,Add $5000 to existing retirement account,1460
2894,Is the address on 1040 and MD resident 502 my previous address in 2013 or my current address?,1461
2896,Why can I refinance my recent car loan at a lower rate than I had received originally?,1462
2897,Can I change my loan term from 60 to 36 months?,1463
2901,What percent of your portfolio should be in a money market account?,1464
2902,Does a failed chargeback affect my credit score?,1465
2904,Should I file a change of address with the IRS?,1466
2905,Is it worth working at home to earn money? Can I earn more money working at home?,1467
2906,Why do some symbols not have an Options chain for specific expiration dates?,1468
2907,Can I deduct “Non-Reimbursable Expenses”?,1469
2913,Can I estimate other people's credit limit at the grocery store?,1470
2914,Can housing prices rise faster than incomes in the long run?,1471
2915,Would you withdraw your money from your bank if you thought it was going under?,1472
2918,Why don't institutions share stock recommendations like Wall Street analysts?,1473
2919,My landlord is being foreclosed on. Should I confront him?,1474
2920,income tax for purchased/sold short term & long term shares,1475
2921,US Banks offering Security Tokens in 2012,1476
2924,What evidence or research suggests that mid- or small-capitalization stocks should perform better than large caps?,1477
2925,Diagnostic Questions to Determine if Renter intends to pay,1478
2926,Warren and it's investments [duplicate],1479
2927,"Where should my money go next: savings, investments, retirement, or my mortgage?",1480
2929,I'm 18. How to build good monthly income at my 20's?,1481
2930,Pay online: credit card or debit card?,1482
2933,What are the best software tools for personal finance?,1483
2934,Postbank (Germany) - transferring money to the US - what are the best options?,1484
2936,What reason would a person have to use checks in stores?,1485
2937,High-risk investing is better for the young? Why?,1486
2938,What debts are both partners liable for in a 'community property' state?,1487
2939,Do personal checks expire? [US],1488
2941,How to properly do background check for future tenant in my own house?,1489
2943,Is it possible to quantify the probability of sudden big movements for a high-volume stock?,1490
2944,What happens if the term insurance company closes?,1491
2945,renter's insurance for causing property damage,1492
2947,How do you write a check with cents?,1493
2949,W-4 and withholding taxes for self-employed spouse,1494
2952,Is equity research from large banks reliable?,1495
2953,How to prevent myself from buying things I don't want,1496
2954,what is the likely reason that the bank have a different year end than the other companies,1497
2955,Is leveraging notoriety to raise stock prices illegal in the US?,1498
2956,How do I explain why debt on debt is bad to my brother?,1499
2959,Would parking at a parking lot near or in my residence prevent me from paying for it with my transit FSA?,1500
2960,Do property taxes get deducted 100% from the Annual Tax Return or only a fraction of them?,1501
2962,international student tax deduction while trading,1502
2965,What does a CFP do?,1503
2966,"Is legal sending dollars to someone in Mexico, and sending them back for profit?",1504
2969,"High credit utilization, some high interest - but credit score not overly bad. How to attack debt in this situation?",1505
2972,Meanings of “price of the derivative”,1506
2976,Super-generic mutual fund type,1507
2977,Should I collect receipts after paying with a card?,1508
2978,Should I exchange my Scottish pounds for English ones?,1509
2983,Cheapest USD to GBP transfer,1510
2984,Contributing factors to historical increase in trading volume,1511
2987,Do mutual fund companies deliberately “censor” their portfolios/funds?,1512
2990,"Is it accurate to say that if I was to trade something, my probability of success can't be worse than random?",1513
2991,Self assessment expenses - billing date or payment date?,1514
2992,Why is a stock that pays a dividend preferrable to one that doesn't?,1515
2995,Comparing/reviewing personal health insurance plans for the self-employed,1516
2996,what are the benefits of setting up an education trust fund for children?,1517
2997,devastated with our retirement money that we have left,1518
2999,Can rent be added to your salary when applying for a mortgage?,1519
3002,Effect on Bond asset allocation if Equity markets crash?,1520
3004,Estate taxes and the top 1 percent by net worth,1521
3009,"Saving for a down payment on a new house, a few years out. Where do we put our money next?",1522
3010,Does investing in a company support it?,1523
3012,Why buy insurance?,1524
3015,Deduct Health Care Premiums for Family When Employer Only Pays for Me,1525
3016,Live in California but work for Illinois-based company,1526
3019,Taxing GoFundMe Donations,1527
3021,Sleazy Bait and Switch Marketing — Is this legal?,1528
3023,"Please explain the relationship between dividend amount, stock price, and option value?",1529
3024,Is it wise for an independent contractor to avoid corporation tax by planning to only break even each year?,1530
3025,Tax me more: Can I pay extra to the government so I don't have to deal with all this paperwork?,1531
3026,What does “check payable to” mean?,1532
3028,Why small retail stores ask for ID with a credit card while big don't,1533
3029,What is the difference between hedging and diversification? How does each reduce risk?,1534
3030,How to evaluate an annuity,1535
3032,How to calculate my real earnings from hourly temp-to-hire moving to salaried employee?,1536
3034,Is buying a home a good idea?,1537
3035,How come the government can value a home more than was paid for the house?,1538
3037,Why would a car company lend me money at a very low interest rate?,1539
3041,"In Canada, how much money can I gift a friend or family member without them being taxed on it?",1540
3042,Can I write off (deduct) expenses in a period where my corporation makes no money?,1541
3044,When do I pay taxes if I'm self employed?,1542
3045,Offshore bank account with online International wire-transfer facility for Indians,1543
3046,Preferred vs Common Shares in Private Corporation,1544
3047,Borrowing money and then investing it — smart or nart?,1545
3048,Bonus issue - Increasing share capital,1546
3050,Proper etiquette for loans from friends,1547
3052,"Merchant dispute with airline over missed flight, and which credit cards offer protection?",1548
3053,Why is the highest quintile the only quintile whose wealth exceeds its income?,1549
3055,Is there any advantage to owning equity in a company compared to a royalty agreement?,1550
3056,Who can truly afford luxury cars?,1551
3057,Paying myself a dividend from ltd company,1552
3058,Optimal term/number of months for car finance or lease?,1553
3059,Calculating the total capital of a company?,1554
3063,What are the implications of a corporate stock repurchase or share buyback program?,1555
3064,How do I determine ownership split on a franchise model?,1556
3066,"Home owners association for houses, pro/cons",1557
3068,"What kind of life insurance is cheaper? I'm not sure about term vs. whole vs. universal, etc",1558
3076,How can I have credit cards without having a credit history or credit score?,1559
3083,Company asking for card details to refund over email,1560
3084,What Did Benjamin Graham Mean by Earnings Stability in The Intelligent Investor?,1561
3086,Long vs. short term capital gains on real estate,1562
3088,What is the difference between equity and assets?,1563
3089,Why is the fractional-reserve banking not a Ponzi scheme?,1564
3090,On paper I have 1 share in my company. How can I sell a smaller percentage of my company to another party?,1565
3093,I received $1000 and was asked to send it back. How was this scam meant to work?,1566
3094,How to calculate car insurance quote,1567
3095,What is meant by one being in a “tax bracket”?,1568
3097,What are my investment options in real estate?,1569
3098,should the Market Capitalization be equal to the Equity of the firm,1570
3099,Buying a multi-family home to rent part and live in the rest,1571
3100,What are the tax benefits of a LLC vs a sole proprietorship?,1572
3104,Can I force him to pay?,1573
3105,Indicators a stock is part of a pump and dump scheme?,1574
3106,Tax Form 1099 and hourly worker do i file a W-2 if my employer filed the 1099 for me?,1575
3107,Should I refi a rental property to reduce income tax from positive cash flow and use the equity pulled out to fund an annuity?,1576
3108,What are FICA taxes for a sole proprietor in the United States,1577
3109,Is technical analysis based on some underlying factors in the market or do they work simply because other people use them?,1578
3110,Multiple accounts stagnant after quitting job.,1579
3111,Tax and financial implications of sharing my apartment with my partner,1580
3112,What's a normal personal debt / equity ratio for a highly educated person?,1581
3116,A check I received was lost. My options?,1582
3118,How do I figure out the next step in deciding to sell my home to the market or to a uniquely interested buyer?,1583
3121,"When transferring money between two parties, under what circumstances is it considered taxable income?",1584
3122,Are stock investments less favorable for the smaller investor?,1585
3123,Are those “auto-pilot” programs a scam or waste of time?,1586
3126,What kind of company is USAA?,1587
3127,How do I calculate two standard deviations away from the stock price?,1588
3128,Can mutual fund prices have opening gaps? Might my order to be filled at a higher price?,1589
3129,Primary Residence to Investment Property - Changing PMI Terms,1590
3130,"When you're really young and have about 2K to start investing $ for retirement, why do some people advise you to go risky?",1591
3131,Mailed in One-time Payment by Check,1592
3134,Using financial news releases to trade stocks?,1593
3135,how late can i put money into an IRA and still have it count for 2015?,1594
3136,Multiple people interested in an Apartment,1595
3137,“Inflation actually causes people not to spend”… could it be true?,1596
3138,property owned 50/50 between my brother and me,1597
3139,Why does Bank of America sometimes refer to itself as Banc of America on some documents?,1598
3140,What is the cost of “free” trades?,1599
3141,Intrinsic value of non-voting shares which don't pay dividends,1600
3142,How to shop for mortgage rates ?,1601
3143,Do you have to be mega-rich to invest in companies pre-IPO?,1602
3144,Would it ever be a bad idea to convert a traditional IRA to a Roth IRA with the following assumptions?,1603
3145,Recommended education path for a future individual investor?,1604
3146,Investing in low cost index fund — does the timing matter?,1605
3147,Is it legal for a landlord to report a large payment to a tenant using Form 1099?,1606
3150,Primerica: All it claims to be?,1607
3151,Do retailers ever stock goods just to make other goods sell better?,1608
3152,Which dividend bearing stock should be chosen by price?,1609
3154,What does ES1 refer to in this picture?,1610
3156,Can a credit card company raise my rates for making a large payment?,1611
3157,What tax advantage should I keep an eye for if I am going to relocate?,1612
3158,What determines a tax resident in Florida,1613
3159,At what point does it become worth it to file an insurance claim?,1614
3164,Do US banks exchange info with countries abroad?,1615
3165,I want to invest in Gold. Where do I go and buy it?,1616
3166,Why are credit cards preferred in the US?,1617
3167,Does it make sense to take out student loans to start an IRA?,1618
3168,Are index trackers subject to insolvency risk?,1619
3169,Confused about employee stock options: How do I afford these?,1620
3170,When's 0% financing the least costly (best) option?,1621
3173,How can I find a checking account that allows for automated transfers of dynamic amounts?,1622
3174,How do third-party banks issue car loans?,1623
3175,Ordering From UK to Base Overseas - VAT exempt?,1624
3178,Bait-and-switch on new car lease,1625
3181,Why do cash back credit cards give a higher rate for dining and gasoline purchases?,1626
3182,Does Edmunds get a kick-back from the use of Edmunds Price Promise?,1627
3183,Is it better to buy this used car from Craigslist or from a dealership?,1628
3185,Escrow Removal Fee?,1629
3188,"Why is Net Asset Value (NAV) only reported by funds, but not stocks?",1630
3190,Are AAA private-sector corporate bonds safer than government bonds?,1631
3191,Does the profit of a company directly affect its stock or indirectly by causing people to buy or sell?,1632
3192,How can I avoid international wire fees or currency transfer fees?,1633
3193,Do I not have a credit score?,1634
3194,US sanctions against foreign citizens,1635
3195,How to refuse a Clearxchange payment?,1636
3197,Is it correct to call an exchange-traded note a type of ETF?,1637
3198,Why are banks providing credit scores for free?,1638
3199,"Should I keep most of my banking, credit, and investment accounts at the same bank?",1639
3202,Insurance broker - Online vs. physical location?,1640
3203,Are these scenarios considered as taxable income?,1641
3204,What home improvements are tax deductible?,1642
3205,Receive money from US Client to Myself in India by selling services,1643
3206,Can a merchant charge you more in the US if you want to use a credit card?,1644
3207,How do you invest in real estate without using money?,1645
3209,How can I claim tax back from whilst I was working in Austria?,1646
3210,Is a company allowed to give employees an option for a bonus to be paid out as a 401k match or cash?,1647
3211,What data does a seller receive when I pay by credit card?,1648
3214,Where can I find filings of HUD-1 statements?,1649
3215,How can you possibly lose on investments in stocks?,1650
3216,What is a maximum amount that I can wire transfer out of US?,1651
3218,How does remittance work? How does it differ from direct money transfer?,1652
3222,"How do taxes work with donations made to an individual, e.g. for free software I wrote?",1653
3224,"Why is company provided health insurance tax free, but individual health insurance is not?",1654
3225,Should you co-sign a personal loan for a friend/family member? Why/why not?,1655
3227,"What can I replace Microsoft Money with, now that MS has abandoned it?",1656
3228,Idea for getting rich using computers to track stocks,1657
3231,Why do only motor insurers employ “No Claims Discounts”?,1658
3232,Renting from self during out of area remodel project - deductible?,1659
3233,Why do governments borrow money instead of printing it?,1660
3234,Prepaying a loan: Shouldn't the interest be recalculated like a shorter loan?,1661
3235,Why do card processing companies discourage “cash advance” activities,1662
3237,What is the difference between a check and a paycheck?,1663
3238,What's the process to buy an old house to tear it down and create a new one?,1664
3240,How to take advantage of home appreciation,1665
3241,Got charged ridiculous amount for doctor's walk in visit. What are my options?,1666
3242,Are parking spaces and garage boxes a good investment?,1667
3243,Why would a public company not initiate secondary stock offerings more often?,1668
3244,How To Assign Payments Received Properly In GnuCash?,1669
3246,Will my Indian debit card work in the U.S.?,1670
3247,How to read a balance sheet to determine if a company has enough money to keep paying their employees?,1671
3249,What are the advantages and disadvantages of leasing out a property or part of a property (such as a basement apartment)?,1672
3250,How do I enter Canadian tax info from US form 1042-S and record captial gains from cashing in stock options?,1673
3251,What does Capital Surplus mean?,1674
3252,Why would a tender offer be less than the market price?,1675
3253,How do you get out of a Mutual Fund in your 401(k)?,1676
3255,Ask for credit decrease,1677
3256,Do Fundamentals Matter Anymore in Stock Markets?,1678
3257,Investing $50k + Real Estate,1679
3258,UK - How to receive payments in euros,1680
3261,Online Foreign Exchange Brokerages: Which ones are good & reputable for smaller trades?,1681
3262,In what category would I put a loan I took to pay an expense,1682
3265,"In debts now, help please",1683
3270,Real estate loans for repairs,1684
3272,How do I figure out if I will owe taxes,1685
3274,What are some factors I should consider when choosing between a CPA and tax software,1686
3275,How to process IRS check as a non-resident?,1687
3278,Payroll reimbursments,1688
3279,Are Credit Cards a service to banks?,1689
3280,"For net worth, should I value physical property at my cost to replace it, or the amount I could get for selling it?",1690
3281,Why are people from UAE and Dubai so rich?,1691
3282,When should I open a “Line of credit” at my bank?,1692
3286,"Company wants to sell all of its assets, worth more than share price?",1693
3287,Why do I not see goods and services all change their price when inflation is high?,1694
3289,Hiring freelancers and taxes,1695
3290,Should the price of fuel in Australia at this point be so high?,1696
3292,"Are my purchases of stock, mutual funds, ETF's, and commodities investing, or speculation?",1697
3295,Why do grocery stores in the U.S. offer cash back so eagerly?,1698
3297,Transferring money between two banks,1699
3298,How do I research if my student loan company is doing something illegal?,1700
3299,I carelessly invested in a stock on a spike near the peak price. How can I salvage my investment?,1701
3301,Is the Swiss stock market inversely correlated with the Swiss Franc like Japan today?,1702
3302,How does high frequency trading work if money isn't available for 2-3 days after selling?,1703
3303,Mortgage refinancing fees,1704
3307,Are BIC and SWIFT code the same things?,1705
3309,Do I need another health insurance policy?,1706
3313,How do you choose which mortgage structure is appropriate when buying a home?,1707
3314,Buying my first car out of college,1708
3315,what if a former employer contributes to my 401k in the year following my exit?,1709
3316,found a 1994 uncashed profit sharing retirement plan check,1710
3317,Is there a Canadian credit card which shows holds?,1711
3318,How does a brokerage firm work?,1712
3319,Should we park our money in our escrow account?,1713
3322,What is a stock warrant? How do warrants work?,1714
3324,Where can I find information on corporate bonds (especially those rated as “junk”) ?,1715
3326,"Short-sell, or try to rent out?",1716
3327,I cosigned on a house for my brother,1717
3328,Are tax deductions voluntary?,1718
3329,Can a wealthy investor invest in or make a deal with a company before it goes public / IPO?,1719
3330,How many days do I have to hold a stock before it is considered a capital gain by the CRA?,1720
3332,What effect would sovereign default of a European country have on personal debt or a mortgage?,1721
3333,Home Valuation in a Dodgy neighborhood,1722
3336,Shorting Obvious Pump and Dump Penny Stocks,1723
3337,I just made $50K from selling my house. How should I invest the proceeds?,1724
3338,How can I check my credit score?,1725
3339,"Oh, hail. Totaled car, confused about buy-back options",1726
3340,How long should I keep my bills?,1727
3341,Where can I open a Bank Account in Canadian dollars in the US?,1728
3342,How to double-entry bookkeep money incoming from sold items,1729
3343,Investing: P/E Ratio basic question,1730
3345,What one bit of financial advice do you wish you could've given yourself five years ago?,1731
3346,"Flexplan - a company is taking over another, do I pay the balance?",1732
3348,Can a company stop paying dividends?,1733
3349,"CD interest rate US vs abroad, is there a catch?",1734
3351,Electric car lease or buy?,1735
3352,"What are some valuable sources for investment experience, when there is very little to no money to start with?",1736
3354,What actions can I take against a bank for lack of customer service?,1737
3355,What is the minimum age for early retirement,1738
3356,How to use a companion fare if the total fare cost is more than the companion fare limit,1739
3358,Do gift cards expire? Does a gift certificate's value depreciate? How long can I keep them for?,1740
3359,How can one get their FICO/credit scores for free? (really free),1741
3360,Bi-weekly payment option,1742
3361,Should I be worried that I won't be given a receipt if I pay with cash?,1743
3364,Canceling credit cards - insurance rate increase?,1744
3366,"What's the benefit of a credit card with an annual fee, vs. a no-fee card?",1745
3367,What is a checking account and how does it work?,1746
3368,"What is the fastest way to retire, using passive income on real estate",1747
3370,How To Record Income As An Affiliate ( UK ),1748
3373,Quandl financial data : unexpected dividend,1749
3376,How to help a financially self destructive person?,1750
3377,Should I charge my children interest when they borrow money?,1751
3378,"Is insurance worth it if you can afford to replace the item? If not, when is it?",1752
3380,Do companies only pay dividends if they are in profit?,1753
3381,I keep getting overcharged at the grocery store. Foul play?,1754
3383,Why is auto insurance ridiculously overpriced for those who drive few miles?,1755
3384,Can a bank hold my deposit on a closed account?,1756
3385,Should I try to hedge my emergency savings against currency and political concerns?,1757
3386,Why are interest rates on saving accounts so low in USA and Europe?,1758
3387,UK Contractor with Limited Company,1759
3389,How will going from 75% Credit Utilization to 0% Credit Utilization affect my credit score?,1760
3391,Better rate for investment between CD or savings,1761
3392,At what interest rate should debt be used as a tool?,1762
3393,How can contractors recoup taxation-related expenses?,1763
3395,What is the best way for me to invest my money into my own startup?,1764
3398,Which countries allow eChecks?,1765
3399,Which technical indicators are suitable for medium-term strategies?,1766
3400,How to pay taxes on YouTube if I'm a dependent?,1767
3401,Recording of personal property contribution to S-Corp in QuickBooks,1768
3402,Should I really pay off my entire credit card balance each month or should I maintain some balance?,1769
3408,Does the Fed keeping interest rates low stimulate investment in the stock market and other investments?,1770
3409,How to find if a public company has taken out a loan?,1771
3411,What is a Master Limited Partnership (MLP) & how is it different from plain stock?,1772
3412,How to account for a shared mortgage in QuickBooks Online?,1773
3415,Money transfer to the U.K,1774
3416,Transfering money from NRE to saving account is taxable or not,1775
3417,Are there any credit cards with a statement period longer than 1 month?,1776
3418,how much of foreign exchange (forex/fx) “deep liquidity” is really just unbacked leverage and what is the effect?,1777
3420,How dividend payout happens,1778
3422,ISA - intra year profits and switching process,1779
3423,"Why does the calculation for IRR use revenue, not profit?",1780
3424,Sale of house profit gifted to child,1781
3425,"On a debt collection agency's letter, what does “balance” refer to?",1782
3426,How can I borrow in order to improve a home I just bought?,1783
3427,What are pros and cons of UK Building Societies compared to banks?,1784
3428,Why does my checking/savings account offer a higher interest rate than a standalone savings account?,1785
3429,Do I need to file taxes jointly with my girlfriend if we live together?,1786
3431,How do credit card payments work? What ensures the retailer charges the right amount?,1787
3432,What's the general principle behind choosing saving vs. paying off debt?,1788
3433,Can used books bought off Amazon be claimed as a tax deduction in Australia?,1789
3434,privacy concerns when receiving money from paypal from strangers?,1790
3436,Health insurance lapsed due to employer fraud. How to get medications while in transition?,1791
3437,In what circumstances will a bank waive the annual credit card fee?,1792
3438,How to calculate cash loss over time?,1793
3439,How to realize capital gains before going from non-resident alien to resident alien in USA,1794
3440,No-line-of-credit debit card?,1795
3442,Do classes have to pay sales tax on materials used?,1796
3443,Why are interbank payment (settlement) systems closed for weekends and holidays?,1797
3444,"Working as a freelancer overseas, but US Citizen, what is my tax situation?",1798
3452,Are stock prices likely drop off a little bit on a given friday afternoon?,1799
3454,How will a 1099 work with an existing W-2?,1800
3455,Hedging against Exchange Rate Risk,1801
3457,"If someone gives me cash legally, can my deposit trigger an audit for them?",1802
3458,Why are estimated taxes due “early” for the 2nd and 3rd quarters only?,1803
3459,Is it a bad idea to buy a motorcycle with a lien on it?,1804
3460,How to manage household finances (income & expenses) [duplicate],1805
3463,Can signing up at optoutprescreen.com improve my credit score?,1806
3466,"Buy home and leverage roommates, or split rent?",1807
3467,Auto Insurance: Adding another car to the existing policy (GEICO),1808
3471,Why might a brokerage firm stop offering a particular ETF commission free?,1809
3474,Can an S-Corp write off work and merchandise expenses donated to a non-profit organization?,1810
3475,What happens to my stocks when broker goes bankrupt?,1811
3476,"If a stock doesn't pay dividends, then why is the stock worth anything?",1812
3478,What are the primary investment strategies people use and why do they use them?,1813
3481,Make punctual contributions to IRS based on earnings,1814
3482,"Pensions, why bother?",1815
3483,When is the right time to buy a new/emerging technology?,1816
3484,Does payment in goods count as “income” for tax purposes?,1817
3485,Is a “total stock market” index fund diverse enough alone?,1818
3487,What is the difference between “good debt” vs. “bad debt”?,1819
3489,What is the difference between a stock and a bond?,1820
3491,Is the Net Profit the 'final word' on a company's health?,1821
3492,"If a startup can always issue new shares, what value is there to stocks/options?",1822
3493,"If I own x% of company A, and A buys company B, do I own x% of B?",1823
3494,Is it really possible to get rich in only a few years by investing?,1824
3496,"When paying estimated quarterly taxes, can I prorate the amount based on the irregular payment due dates?",1825
3497,Can banks deny that you've paid your loan?,1826
3498,What's the folly with this stock selection strategy,1827
3501,"Paid cash for a car, but dealer wants to change price",1828
3502,What is a Student Loan and does it allow you to cover a wide range of expenses relating to school?,1829
3504,Owing state tax Interest and a result of living in Maryland and working in Virginia,1830
3505,"Is it true that if I work 6 months per year, it is better than to work for 1 calendar year and take a break for 1 year?",1831
3508,Understanding the Nasdaq insider trading information,1832
3509,Withdrawing large sums of money,1833
3510,Connection between gambling and trading on stock/options/Forex markets,1834
3511,The cost of cleaning the house that we rented far exceeds the security deposit. Should we bother?,1835
3514,"For how long is a draft check valid, and where do the funds sit?",1836
3516,Where to start with personal finance?,1837
3517,"Making $100,000 USD per month, no idea what to do with it",1838
3518,Hiring a teenager as a household employee,1839
3519,How can I escalate a credit dispute when the bureau “confirms” the item?,1840
3520,"Choosing the “right” NAPFA advisor, and whether fees are fair, etc.?",1841
3521,How do amortization schedules work and when are they used?,1842
3522,Are bonds really a recession proof investment?,1843
3524,What happens after a counterparty defaults on a derivative trade?,1844
3526,What is the meaning of public stock price data from before the official first day of trading? [duplicate],1845
3527,"What if 40% of the remaining 60% Loan To Value (ratio) is not paid, or the borrower wants to take only 60% of the loan?",1846
3529,What do people mean when they talk about the central bank providing “cheap money”? What are the implications for the stock market?,1847
3532,Free brokerage vs paid - pros and cons,1848
3536,How does a change in market cap affect a company's operational decisions?,1849
3537,"VAT in UK, case of cultural industry and overseas invoices",1850
3538,Buying a home without a Real Estate Agent - Who should I get to do the paperwork?,1851
3540,Questions about government bonds that have already matured,1852
3541,What are the key facts to research before buying shares of a company?,1853
3544,Why do the 1 and 2 euro cent coins exist and why are they used?,1854
3545,Is my mortgage more likely to be sold if I pre-pay principal?,1855
3546,What should I do to pick the right consultant to open offshore bank account,1856
3547,Importance of dividend yield when evaluating a stock?,1857
3548,Buying a car and learning to drive versus paying up study loans,1858
3549,Why is there two currencies in Venezuela's money?,1859
3551,Can an IRA be taxed?,1860
3552,Do people tend to spend less when using cash than credit cards?,1861
3553,Can after-hours trading affect options pricing?,1862
3555,Purchasing a home using collateral,1863
3556,What do Earnings Per Share tell potential shareholders?,1864
3558,Is giving my girlfriend money for her mortgage closing costs and down payment considered fraud?,1865
3560,Freelancing and getting taxes taken out up front instead of end of year?,1866
3561,Is the very long-term growth of the stock market bound by aggregate net income?,1867
3562,Personal Loan issuer online service,1868
3564,Account that is debited and account that is credited,1869
3565,How safe is a checking account?,1870
3567,Will getting a new credit card and closing another affect my credit?,1871
3568,Do I repay Social Security Disability Insurance (SSDI) if I suddenly have income and assets,1872
3570,On claiming mileage and home office deductions,1873
3571,what is the point of the part b late enrollment penalty?,1874
3572,Dispute credit card transaction with merchant or credit card company?,1875
3573,Is it a good practice to keep salary account and savings account separate?,1876
3574,Credit report - Not able to establish identity,1877
3575,"New company doesn't allow 401k deposits for 6 months, what to do with money I used to deposit?",1878
3577,Avoiding Double-Reporting Income (1099-MISC plus 1099-K),1879
3579,What is a mutual fund?,1880
3580,Why do people take out life insurance on their children? Should I take out a policy on my child?,1881
3581,Investing in a growth stock periodically,1882
3582,Credit cards: How is a cash advance different from a purchase? Why are the fees so high?,1883
3583,S&P is consistently beating inflation?,1884
3584,Is there a standard check format in the USA?,1885
3585,Why do stock prices change? [duplicate],1886
3586,"Was this bill forgotten by a medical provider, and do notices need to be sent before collections?",1887
3587,What are the benefits to underwriters in a secondary offering?,1888
3589,Facebook buying WhatsApp for 19 Billion. How are existing shareholders affected?,1889
3590,Remote jobs and incidental wage costs: What do I have to consider?,1890
3591,When is an IPO considered failure?,1891
3593,What are the tax liabilities for an Indian citizen working in the US?,1892
3595,My bank refused to do a charge back,1893
3596,Should I cancel an existing credit card so I can open another that has rewards?,1894
3598,How to rebalance a portfolio without moving money into losing investments,1895
3599,Is it advisable to go for an auto loan if I can make the full payment for a new car?,1896
3601,US Bank placing a hold on funds from my paycheck deposit: Why does that make sense?,1897
3602,Determining current value for real estate for inheritance purposes,1898
3603,Could the loan officer deny me even if I have the money as a first time home buyer?,1899
3606,GnuCash: expense tracking/amounts left under limits,1900
3610,Why can't the government simply payoff everyone's mortgage to resolve the housing crisis?,1901
3611,What are my options for this high interest student loan?,1902
3613,Why does the Fed use PCE over CPI?,1903
3614,How to find out if a company is legit?,1904
3616,"For the first time in my life, I'm going to be making real money…what should I do with it?",1905
3618,What is a “Junk Bond”?,1906
3619,When do companies typically announce stock splits?,1907
3620,Precious metal trading a couple questions,1908
3621,How does a high share price benefit a company when it is raising funds?,1909
3622,Why could rental costs for apartments/houses rise while buying prices can go up and down?,1910
3624,Do bond interest rate risk premiums only compensate for the amount investors might lose?,1911
3627,Making an offer on a property - go in at market price?,1912
3628,Is it possible to split taxation of funds earned from a crowdfunding campaign over multiple years?,1913
3629,Higher auto insurance costs: keep car or switch to public transit?,1914
3631,Smartest Place to Put Tax Refund,1915
3632,"Should I sell a 2nd home, or rent it out?",1916
3634,"How companies choose earnings release dates, & effect on Implied Volatility",1917
3635,How can I increase my hourly pay as a software developer?,1918
3637,How to negotiate when you have something to give back?,1919
3638,Slow destruction on co-signed property,1920
3640,Should I scale down my 401k?,1921
3642,Exotic Car Flipping as a Strategic Investment? (US-CAN),1922
3643,How to protect your parents if they never paid Social Security?,1923
3644,Should I buy a home or rent in my situation?,1924
3645,Cheapest way to wire or withdraw money from US account while living in Europe,1925
3647,Is the amount taxable if my grandfather sells agricultural land,1926
3648,Apartment Security Deposit refunds in Maryland,1927
3649,Are the guaranteed returns of regulated utilities really what they sound like?,1928
3650,College student - I'm a 'dependent' and my parents won't apply for the Parent PLUS loan or cosign a private loan,1929
3651,Should I pay off my car loan within the year?,1930
3653,"Which practice to keep finances after getting married: joint, or separate?",1931
3655,Avoiding Capital Gains Long Term,1932
3656,Should I pay cash or prefer a 0% interest loan for home furnishings?,1933
3657,"What is the best asset allocation for a retirement portfolio, and why?",1934
3658,Gigantic point amount on rewards card - what are potential consequences?,1935
3660,Why does an option lose time value faster as it approaches expiry,1936
3661,What would I miss out on by self insuring my car?,1937
3662,Can Mutual Funds Invest In the Start Up Market?,1938
3665,US tax for a resident NRI,1939
3666,How to withdraw money from currency account without having to lose so much to currency conversion?,1940
3667,How do I get into investing?,1941
3671,How are stock buybacks not considered insider trading?,1942
3672,Co- Signed car loan and need to have the other signer relinquish claim to ownership,1943
3674,Cash flow implications of converting primary mortgaged residence to rental,1944
3677,Does the IRS give some help or leniency to first-time taxpayers?,1945
3678,Can a CEO short his own company?,1946
3680,What are the differences between gold/siver “coin” vs. “round”?,1947
3681,What happens if I just don't pay my student loans?,1948
3684,"Treatment of web domain ownership & reselling for tax purposes: Capital asset, or not?",1949
3685,Why does it take so long to refund to credit card?,1950
3686,Am I still building a credit score if I use my credit card like a debit card?,1951
3687,Implications of receiving small amounts of money on the side,1952
3688,Personal loan to a friend procedure,1953
3689,Under what circumstance will the IRS charge you a late-payment penalty for taxes?,1954
3690,Is VAT applied when a tradesman charges for materials?,1955
3691,Do I need to write the date on the back of a received check when depositing it?,1956
3692,What are the pitfalls of loaning money to friends or family? Is there a right way to do it?,1957
3695,gift is taxable but is “loan” or “debt” taxable?,1958
3698,I got my bank account closed abruptly how do I get money out?,1959
3699,"Double-entry bookkeeping: When selling an asset, does the money come from, Equity or Income?",1960
3700,What foreign exchange rate is used for foreign credit card and bank transactions?,1961
3701,What do I do with a P11D Expenses & Benefits form?,1962
3702,Do market shares exhaust?,1963
3703,"How do 'payday money' stores fund their 'buy now, pay later' loans?",1964
3705,Can an unmarried couple buy a home together with only one person on the mortgage?,1965
3710,Why would a person not want to purchase a Personal Liability (Umbrella) insurance policy?,1966
3712,How do I calculate ownership percentage for shared home ownership?,1967
3715,"I earn $75K, have $30K in savings, no debt, rent from my parents who are losing their home. Should I buy a home now or save?",1968
3718,What happens if I intentionally throw out a paycheck?,1969
3719,The Purpose of Change Machines,1970
3720,Do I even need credit cards?,1971
3722,Should I accept shares as payment?,1972
3725,Where can I find the current price to rent ratio of the locality of my interest?,1973
3727,Is it a gift or not?,1974
3728,Wife sent to collections for ticket she paid ten years ago,1975
3729,Any reason to be cautious of giving personal info to corporate fraud departments?,1976
3731,How Do I Fix Excess Contribution Withdrawl,1977
3732,How can I build up my credit history when I have nearly none,1978
3733,Rental Application Fees,1979
3734,My bank often blocks my card during purchases - what is the most reliable bank card? (UK),1980
3736,What does “balance sheet banks” mean in this context?,1981
3737,~$75k in savings - Pay off house before new home?,1982
3738,"For a car, what scams can be plotted with 0% financing vs rebate?",1983
3739,Dividend vs Growth Stocks for young investors,1984
3740,What is a Discount Called in the Context of a Negative Interest Rate?,1985
3741,Buy car vs lease vs long term rent for 10 years period,1986
3745,How do I protect myself from a scam if I want to help a relative?,1987
3747,"What should I do with $4,000 cash and High Interest Debt?",1988
3750,How to check the paypal's current exchange rate?,1989
3752,Want to buy a car but have not enough money,1990
3753,What percent of my salary should I save?,1991
3754,What happens to my savings if my country defaults or restructures its debt?,1992
3755,Ensuring payment from client,1993
3756,Explanations on credit cards in Canada,1994
3758,Yahoo Finance not showing detailed information for foreign stocks,1995
3760,How to respond to a customer's demand for payment extension?,1996
3761,Retirement formula for annual compound interest with changing principal,1997
3762,What is a typical investment portfolio made up of?,1998
3763,Should I Use an Investment Professional?,1999
3764,What exactly happens during a settlement period?,2000
3768,Should I purchase a whole life insurance policy? (I am close to retirement),2001
3769,Value of credit score if you never plan to borrow again?,2002
3773,"For SSI, is “authorized user” status on a bank account the same as “ownership”?",2003
3774,Insurance company sent me huge check instead of pharmacy. Now what?,2004
3779,"How much of my home loan is coming from a bank, how much it goes back?",2005
3783,Are there any statistics that support the need for Title Insurance?,2006
3785,Would it make sense to take a loan from a relative to pay off student loans?,2007
3787,My medical bill went to a collection agency. Can I pay it directly to the hospital?,2008
3790,Can I buy a new house before selling my current house?,2009
3798,How do you measure the value of gold?,2010
3803,If I want a Credit Card offered through a different Credit Union should I slowly transition my banking to that CU?,2011
3804,Flex spending accounts and hsa when changing jobs,2012
3805,Buying my first car: why financing is cheaper than paying cash here and now?,2013
3807,What are the typical repayment plans for Credit Cards in the United States?,2014
3809,Joint account that requires all signatures of all owners to withdraw money?,2015
3810,"I am trying to start a “hedge fund,” and by that, I really just mean I have a very specific and somewhat simple investment thesis that I want to",2016
3811,How should minor children be listed as IRA beneficiaries?,2017
3812,What could be the harm in sharing my American Express statements online?,2018
3813,Borrowing money for a semi-urgent medical expense,2019
3814,Saving/ Investing a lump sum,2020
3815,CFD market makers: How is the price coupled to the underlying security?,2021
3817,Can individuals day-trade stocks using High-Frequency Trading (HFT)?,2022
3818,Is debt almost always the cause of crashes and recessions?,2023
3819,What factors you have do you count on to speculate effectively?,2024
3820,"As a minor in the UK do I need to pay taxes on self-employment income, and if so how?",2025
3821,What factors should I consider when evaluating index funds?,2026
3826,Is keeping track of your money and having a budget the same thing?,2027
3828,How does a big lottery winner cash his huge check risk-free?,2028
3831,Lending to the bank,2029
3832,"What's the best application, software or tool that can be used to track time?",2030
3833,How to account for Capital Gains (Losses) in double-entry accounting?,2031
3834,Could someone explain this scenario about Google's involvement in the wireless spectrum auction?,2032
3835,For young (lower-mid class) investors what percentage should be in individual stocks?,2033
3838,Is 401k as good as it sounds given the way it is taxed?,2034
3839,How can banks afford to offer credit card rewards?,2035
3840,Will a credit card company close my account if I stop using it?,2036
3841,How to determine contractor hourly rate and employee salary equivalents?,2037
3843,Has anyone heard of Peerstreet?,2038
3844,How is Los Angeles property tax calculated if a 50% owner later buys out the other 50%?,2039
3845,Are stocks only listed with one exchange in one place?,2040
3846,What is a “convertible note”?,2041
3847,Why was my Credit Limit Increase Denied?,2042
3853,Pay or not pay charged-off accounts for mortgage qualification,2043
3854,Filing Taxes for Two Separate Jobs Being Worked at the Same Time?,2044
3855,When will the 2017 US Federal Tax forms be released?,2045
3856,Clothing Store Credit Card Account closed but not deleted,2046
3857,Cashing a cheque on behalf of someone else,2047
3858,Can i have NRE accounts without OCI card?,2048
3860,How should I go about creating an estate plan?,2049
3861,What things are important to consider when investing in one's company stock?,2050
3862,Credit balance on new credit card,2051
3863,What is the future of 401(k) in terms of stability and reliability?,2052
3865,Would I ever need credit card if my debit card is issued by MasterCard/Visa?,2053
3869,"A debt collector will not allow me to pay a debt, what steps should I take?",2054
3871,At what point do index funds become unreliable?,2055
3872,Should I finance a new home theater at 0% even though I have the cash for it?,2056
3873,Trading : how to deal with crashes (small or big),2057
3877,Starting with Stocks or Forex?,2058
3878,Are multiple hard inquiries for a specific loan type okay?,2059
3879,Problems with Enterprise Value and better valuation techniques,2060
3880,I have a million dollars of disposable income. What should I do to best benefit the economy?,2061
3881,What should we consider when withdrawing a large amount of money from a bank account?,2062
3882,Tax On Unsold Mined Bitcoin,2063
3883,Is it common in the US not to pay medical bills?,2064
3885,How do public-company buyouts work?,2065
3886,Why is it rational to pay out a dividend?,2066
3887,"What exactly is a “bad,” “standard,” or “good” annual raise? If I am told a hard percentage and don't get it, should I look elsewhere?",2067
3890,Profiting from the PWC Money Tree,2068
3891,How much do large sell orders affect stock price?,2069
3892,How to deal with the credit card debt from family member that has passed away?,2070
3893,"$65000/year or $2500 every two weeks: If I claim 3 exemptions instead of zero, how much would my take home pay be?",2071
3895,"Is it worth investing in Index Fund, Bond Index Fund and Gold at the same time?",2072
3896,"Car insurance (UK) excludes commute to and from work, will not pay on claim during non-commute",2073
3900,Student loan payments and opportunity costs,2074
3903,Is it true that more than 99% of active traders cannot beat the index?,2075
3904,Switching Roth IRA ( from American Funds to Vanguard),2076
3905,What is “financial literacy” and how does one become “financially literate”?,2077
3906,Equation to determine if a stock is oversold and by how much?,2078
3908,Are low commission trading sites safe?,2079
3910,How to get started with the stock market? [duplicate],2080
3912,"As a US Permanent Resident, how much money I can send from the US to India in my NRE account per year?",2081
3913,"Should I pay off my 50K of student loans as quickly as possible, or steadily? Why?",2082
3914,Is house swapping possible?,2083
3915,Is it normal to think of money in different “contexts”?,2084
3916,OTC Stocks - HUGE gains?,2085
3918,Are there any rules against penalizing consumers for requesting accurate credit reporting?,2086
3919,Where do traders take their prices data from? How can it be different from their brokers'?,2087
3920,Non-qualified Savings Plan vs. 401(k) for Highly Compensated Employee,2088
3923,Can a dealer keep my deposit (on a non-existant car) if my loan is not approved?,2089
3924,Received an unexpected cashiers check for over $2K from another state - is this some scam?,2090
3925,"How can I help others plan their finances, without being a “conventional” financial planner?",2091
3931,How do wire transfers get settled?,2092
3933,How does one value Facebook stock as a potential investment?,2093
3935,I cosigned for a friend who is not paying the payment,2094
3938,Why don't more people run up their credit cards and skip the country?,2095
3939,"When one pays Quarterly Estimated Self Employment Taxes, exactly what are they paying?",2096
3940,Where can I lookup accurate current exchange rates for consumers?,2097
3942,Can landlord/property change unit after approval and payment of fees?,2098
3943,How to get rid of someone else's debt collector?,2099
3946,Do performers pay taxes on comped meals and hotels?,2100
3949,What should I do with the change in my change-jar?,2101
3950,Buying a small amount (e.g. $50) of stock via eToro “Social Trading Network” using a “CFD”?,2102
3951,Negative Balance from Automatic Options Exercise. What to do?,2103
3952,When does giving a gift “count” for tax year?,2104
3953,"Selling property outside the US - gains are taxable, but how do they convert?",2105
3956,"Employer skipped payments, should I allow them to defer payment until Jan 2017?",2106
3957,Tax implications of diversification,2107
3959,Recognizing the revenue on when virtual 'credits' are purchased as opposed to used,2108
3960,End of financial year: closing transactions,2109
3962,How much would it cost me to buy one gold futures contract on Comex?,2110
3963,what is difference between stock and dividend?,2111
3964,Is it possible to improve stock purchase with limit orders accounting for volatility?,2112
3965,"Given current market conditions, how / when should I invest a $200k inheritance?",2113
3966,Setting up auto-pay. Should I use my bank that holds mortage or my personal bank?,2114
3967,Real estate agent best practice,2115
3968,What is a better way for an American resident in a foreign country to file tax?,2116
3969,Selling equities for real-estate down payment,2117
3970,Working Capital Definition,2118
3971,What's the catch in investing in real estate for rent?,2119
3973,"How is it possible that a preauth sticks to a credit card for 30 days, even though the goods have already been delivered?",2120
3974,"Do I need to report to FInCEN if I had greater than $10,000 worth of bitcoin in a foreign bitcoin exchange?",2121
3977,"How to get started with savings, paying off debt, and retirement?",2122
3978,"Why do new car loans, used car loans, and refinanced loans have different rates and terms?",2123
3979,What did John Templeton mean when he said that the four most dangerous words in investing are: ‘this time it’s different'?,2124
3982,Are there any risks from using mint.com?,2125
3984,Is www.onetwotrade.com a scam?,2126
3985,"What prices are compared to decide a security is over-valued, fairly valued or under-valued?",2127
3987,Am I exposed to currency risk when I invest in shares of a foreign company that are listed domestically?,2128
3989,What kind news or information would make the price of a stock go up?,2129
3990,Weekly budgets based on (a variable) monthly budget,2130
3992,1.4 million cash. What do I do?,2131
3993,What effect would currency devaluation have on my investments?,2132
3996,Can expense ratios on investment options in a 401(k) plan contain part of the overall 401(k) plan fees?,2133
3998,"Is it better for a public company to increase its dividends, or institute a share buyback?",2134
3999,Does the sale of personal items need to be declared as income on my income taxes?,2135
4001,In the UK what are citizens legally obliged to do (in order to not be fined),2136
4002,Why are Rausch Coleman houses so cheap? Is it because they don't have gas?,2137
4003,What determines the price of fixed income ETFs?,2138
4005,401(k) Investment stategies,2139
4006,What happens to 401(k) money that isn't used by the time the account holder dies?,2140
4008,How to calculate how much house I can afford?,2141
4013,What is a normal amount of money to spend per week on food/entertainment/clothing?,2142
4015,How to get into real estate with a limited budget,2143
4017,How can one relatively easily show that low expense ratio funds outperform high expense ratio funds?,2144
4018,Withdraw funds with penalty or bear high management fees for 10 years?,2145
4020,How will the New credit reporting rules affect people who are already struggling financially?,2146
4021,How do I know when I am financially stable/ready to move out on my own?,2147
4024,Bank denying loan after “subject-to” appraisal: What to do?,2148
4025,Why do P/E ratios for a particular industry tend to cluster around particular values?,2149
4028,"In general, is it financially better to buy or to rent a house?",2150
4032,Why do employers require you to spread your 401(k) contributions throughout the year to get the maximum match?,2151
4033,Why don't market indexes use aggregate market capitalization?,2152
4036,Why are capital gains taxed at a lower rate than normal income?,2153
4038,"Is there a benefit, long term, to life insurance for a youngish, debt, and dependent free person?",2154
4040,How does end-of-year interact with mutual fund prices (if it does)?,2155
4041,How Warren Buffett made his money,2156
4042,Can my employer limit my maximum 401k contribution amount (below the IRS limit)?,2157
4044,Why do people buy new cars they can not afford?,2158
4045,Do I still need to file taxes with the Canadian government if I am working in the U.S. on a TN visa for a few years?,2159
4046,I was given a 1099-misc instead of a w-2 what are my next steps?,2160
4048,Why do interest rates increase or decrease?,2161
4050,"For very high-net worth individuals, does it make sense to not have insurance?",2162
4051,"At tax time, what is the proper way to report cryptocurrency earnings and fiat income when you've started with “nothing”?",2163
4053,Relative worth of investment versus spending for the economy,2164
4054,Which % of the global economy is considered “emerging”?,2165
4055,Recommended finance & economy book/blog for a Software Engineer?,2166
4056,How does the debt:GDP ratio affect the country's economy?,2167
4057,"What is the effect of a high dollar on the Canadian economy, investors, and consumers?",2168
4058,What are the benefits of opening an IRA in an unstable/uncertain economy?,2169
4059,Why is everyone saying how desperately we need to save money “in this economy”?,2170
4061,Investment / Savings advice in uncertain economy,2171
4062,Where should I park my money if I'm pessimistic about the economy and I think there will be high inflation?,2172
4064,How is gold shared in worldwide economies?,2173
4065,"Totally new to finance, economy, where should I start?",2174
4067,Entering the stock market in a poor economy,2175
4069,How should residents of smaller economies allocate their portfolio between domestic and foreign assets?,2176
4070,How can a 'saver' maintain or increase wealth in low interest rate economy?,2177
4073,Why are some countries' currencies “weaker”?,2178
4074,Why is economic growth so important?,2179
4075,What is the main purpose of FED increase and decrease interest rate?,2180
4076,what's the best option to save money on everyday expenses?,2181
4077,What implications does having the highest household debt to disposable income ratio have on Australia?,2182
4078,What economic growth rate is required to halve U.S. unemployment?,2183
4079,Will the stock market continue to grow forever?,2184
4081,Why can't poor countries just print more money?,2185
4082,Is it normal that US Treasury bills(0.07%) yield smaller than interest rate(0.25%)?,2186
4083,What should I invest in to hedge against a serious crash or calamity?,2187
4085,Explain the HSI - why do markets sometimes appear in sync and other times not?,2188
4086,What happens if someone destroy money?,2189
4087,how derivatives transfer risk from one entity to another,2190
4088,Pros & cons of investing in gold vs. platinum?,2191
4089,How fast does the available amount of gold in the world increase due to mining?,2192
4090,Should I switch/rollover my IRA to a Gold IRA at Regal Assets?,2193
4091,"How do you find reasonably priced, quality, long lasting clothing?",2194
4097,Are Shiller real-estate futures and options catching on with investors?,2195
4098,How to hedge against specific asset classes at low cost,2196
4099,Demurrage vs inflation,2197
4100,Exposure to Irish Housing Market,2198
4101,Could one person with a card with no spending limit pay off everyone's debt?,2199
4104,Is Volvo a public company?,2200
4106,When is Cash Value Life Insurance a good or bad idea?,2201
4107,What does “Net Depreciation in Fair Value” mean on a financial report?,2202
4108,US citizen married to non-resident alien; how do I file taxes?,2203
4109,looking for research tool to plug in and evaluate theoretical historical returns,2204
4110,Where do short-term traders look for the earliest stock related news?,2205
4112,"Is Weiss Research, Inc. a legitimate financial research company?",2206
4113,Impact of Extreme Situations such as WW2 on “legendary” Investors' Returns?,2207
4115,What assets would be valuable in a post-apocalyptic scenario?,2208
4118,Balance Sheets: How a company can save money for further investments,2209
4119,Economics Books,2210
4120,Cannot get a mortgage because I work through a recruiter,2211
4121,What are some signs that the stock market might crash?,2212
4122,How does the world - in aggregate - generate a non-zero return?,2213
4123,Closing a credit card with an annual fee without hurting credit score?,2214
4124,What is the best way to save money from inflation and currency devaluation?,2215
4126,How can I buy government bonds from foreign countries?,2216
4128,401k compound interest vs other compound interest,2217
4131,When is it worth it to buy dividend-bearing stocks?,2218
4132,"What are my options for paying off the large balance of my federal, high interest student loans?",2219
4133,Is there any chance for a layperson to gain from stock exchange? [duplicate],2220
4134,How to compare the value of a Masters to the cost?,2221
4135,How to invest my British pound salary,2222
4136,company market capitalization to total (annual) stock market capitalization,2223
4137,My bank wants to lower my credit limit on my credit card. Will this impact me negatively?,2224
4138,What should my finances look like at 18?,2225
4139,Does anyone offer no interest loans?,2226
4140,Ray Dalio - All Weather Portfolio,2227
4141,How do I evaluate risk exposure to my U.K. bank in light of the possible collapse of the Euro or Eurozone economies?,2228
4143,Is there a measure that uses both cost of living plus income?,2229
4144,How to fill the IRS Offer In Compromise with an underwater asset?,2230
4145,What will be the capital gains tax after we sell a rental home?,2231
4147,Can you explain the mechanism of money inflation?,2232
4148,How to evaluate investment risk in practical terms,2233
4151,What is the most common and profitable investment for a good retirement in Australia?,2234
4154,"Should I consolidate loans and cards, or just cards, leaving multiple loans?",2235
4158,Is the BA Avios Visa airlines rewards card worth it?,2236
4159,Question about protecting yourself from company not beating earning eastimate,2237
4160,Should I consider my investment in a total stock market fund “diverse”?,2238
4161,Is an interest-only mortgage a bad idea?,2239
4162,"Using stable short-term, tax-free municipal bond funds to beat the bank?",2240
4163,Learning stock trading financing etc for someone from mathematical background [duplicate],2241
4165,Is UK house price spiral connected to debt based monetary system?,2242
4166,Is it unreasonable to double your investment year over year?,2243
4167,What are “headwinds” and “tailwinds” in financial investments?,2244
4168,Why certain currencies are considered safe havens in times of turmoil,2245
4170,Is there a financial product that allows speculation on GDP?,2246
4172,Why can't the Fed lower interest rates below zero?,2247
4173,Why does it matter if a Central Bank has a negative rather than 0% interest rate?,2248
4174,How to invest for the event of a US default?,2249
4176,Why doesn't Japan just divide the Yen by 100?,2250
4178,Is it sensible to keep savings in a foreign currency?,2251
4182,What expenses do most people not prepare for that turn into “emergencies” but are not covered by an Emergency Fund?,2252
4190,What is best investment which is full recession proof?,2253
4191,Effect of Quantitative Easing on Price of Bonds,2254
4193,If gold's price implodes then what goes up?,2255
4197,Query regarding international transaction between governments,2256
4200,Mortgage sold to yet another servicer. What are my options?,2257
4201,How to make money from a downward European market?,2258
4202,How does the price of oil influence the value of currency?,2259
4204,Considering buying a house in town with few major employers (economic stability),2260
4206,When will the U.K. convert to the Euro as an official currency?,2261
4208,"The U.S. National Debt: What is it, where did it come from, and how does it work?",2262
4210,What does an x% inflation rate actually mean?,2263
4213,What variety of hedges are there against index funds of U.S. based stocks?,2264
4214,Why doesn't the emerging markets index reflect GDP growth?,2265
4215,Why do 10 year Treasury bond yields affect mortgage interest rates?,2266
4216,"If banks offer a fixed rate lower than the variable rate, is that an indication interest rates may head down?",2267
4218,What governs the shape of price history graphs?,2268
4219,What will be the long term impact of the newly defined minimum exchange rate target from francs to euro?,2269
4220,Emerging markets index fund (VDMIX) for an inexperienced investor,2270
4222,Why would a central bank or country not want their currency to appreciate against other currencies?,2271
4223,Why does money value normally decrease?,2272
4224,"Pros & cons in Hungary of investing retirement savings exclusively in silver? What better alternatives, given my concerns?",2273
4227,How does the currency between countries relate,2274
4231,What do “cake and underwear” stocks refer to?,2275
4234,Is there a good rule of thumb for how much I should have set aside as emergency cash?,2276
4235,Equity prices during currency devaluation — Mexico 1994,2277
4236,What is the difference between speculating and investing?,2278
4237,Are Target Funds Unsafe - Post Q.E.?,2279
4239,Dividends Growing Faster than Cost of Capital,2280
4242,How inflation in China makes real exchange rate between China and US to rise?,2281
4243,I'm thinking of getting a new car … why shouldn't I LEASE one?,2282
4244,How are mortgage interest rates determined?,2283
4245,When will Canada convert to the U.S. Dollar as an official currency?,2284
4246,How will the fall of the UK Pound impact purchasing my first property?,2285
4247,What does the Fed do with the extra money it is printing?,2286
4250,Who creates money? Central banks or commercial banks?,2287
4253,What market conditions favor small cap stocks over medium cap stocks?,2288
4255,How to measure how the Australian dollar is faring independent of the US dollar,2289
4256,Please help me understand reasons for differences in Government Bond Yields,2290
4258,What is a “fiat” currency? Are there other types of currency?,2291
4259,Are there any hedged international funds in India?,2292
4260,How to rebalance a passive portfolio if I speculate a war is coming?,2293
4262,Ways to trade the Euro debt crisis,2294
4264,Does it make sense to buy a house in my situation?,2295
4267,Buy small-cap ETF when you already have large-cap of the same market,2296
4268,How big of a mortgage can I realistically afford?,2297
4271,Brent crude vs. USD market value,2298
4272,"Is Real Estate ever a BAD investment? If so, when?",2299
4276,"$10,000 to invest in the house - Pay down principal or spruce up to increase appraisal?",2300
4277,Repaying Debt and Saving - Difficult Situation,2301
4280,Are variable rate loans ever a good idea?,2302
4284,Adjusting a value for inflation each month using rolling 12-monthly inflation figures,2303
4288,Investing in USD from the Eurozone (Jan 2015),2304
4290,Are there special exceptions to the rule that (US) capital gains taxes are owed only when the gain materializes?,2305
4291,What should I reserve “emergency savings” for?,2306
4292,What are investment options for young married couple with no debt that have maxed out retirement savings?,2307
4296,Was this a good deal on a mortgage?,2308
4298,Why would a bank take a lower all cash offer versus a higher offer via conventional lending?,2309
4300,Upward Spike in US Treasuries despite S&P Downgrade in August 2011,2310
4302,What are the top “market conditions” to follow?,2311
4304,Why does quantitative easing negatively affect stocks?,2312
4305,Why would I buy a bond with a negative yield?,2313
4307,Should I pay off my student loan before buying a house?,2314
4309,Advice on preserving wealth in a volatile economic/political country,2315
4315,How to invest in the Russian oil market?,2316
4318,Are you preparing for a possible dollar (USD) collapse? (How?),2317
4319,"What should a 21 year old do with £60,000 ($91,356 USD) inheritance?",2318
4320,Should I get a personal loan to pay on my mortgage to go “above water” to qualify for a refinance?,2319
4322,How to invest in a currency increasing in value relative to another?,2320
4325,"Why does a stock's price fluctuate so often, even when fresh news isn't available?",2321
4328,"If USA defaults on its debt, will the T bond holder get back his money",2322
4329,How can I predict which way mortgage rates are moving?,2323
4332,What is the cause of sudden price spikes in the FOREX market?,2324
4333,What is a good way to save money on car expenses?,2325
4336,Fractional Reserve Banking and Insolvency,2326
4338,When is it better to rent and when is better buy in a certain property market?,2327
4340,What traditionally happens to bonds when the stock market crashes?,2328
4341,Is there any way to know how much new money the US is printing?,2329
4343,Is there a general guideline for what percentage of a portfolio should be in gold?,2330
4344,Does the common advice about diversification still hold in times of distress,2331
4348,Is keeping old credit cards and opening new credit cards with high limits and never using an ideal way to boost credit scores?,2332
4349,"I'm 20 and starting to build up for my mortgage downpayment, where should I put my money for optimal growth?",2333
4350,Why do stock prices of retailers not surge during the holidays?,2334
4353,How could the 14th amendment relate to the US gov't debt ceiling crisis?,2335
4354,"I have an extra 1000€ per month, what should I do with it?",2336
4355,What does bank do with “Repaid Principal”?,2337
4358,What is a good size distribution for buying gold?,2338
4359,Trading large volumes with penny profits per share,2339
4360,Is the stock market a zero-sum game?,2340
4361,What is inflation?,2341
4362,"5/1 ARM: Lifetime cap, First Adjustment Cap, Margin, and Annual Cap?",2342
4364,Nanny taxes and payroll service,2343
4366,Starting off as an investor,2344
4367,What choices should I consider for investing money that I will need in two years?,2345
4368,Does gold's value decrease over time due to the fact that it is being continuously mined?,2346
4369,What argument(s) support the claim that long-term housing prices trend upward?,2347
4370,Is this investment opportunity problematic?,2348
4373,How do I hedge properly against inflation and other currency risks?,2349
4374,Why does gold have value?,2350
4378,Are forward curves useful tools for trading decisions and which informations can be gathered from them?,2351
4380,Why does my car loan interest go up despite making payments on-time?,2352
4384,How do I figure out the market value of used books?,2353
4385,Are precious metals/collectibles a viable emergency fund?,2354
4386,Will a small investment in a company net a worthwhile gain?,2355
4388,Why are wire transfers and other financial services in Canada so much more expensive than in Europe?,2356
4389,Is it safe to take a new mortgage loan in Greece?,2357
4390,How should I interpret this industry research?,2358
4391,Does the USA have a Gold reserve?,2359
4395,The life cycle of money,2360
4396,"Stocks vs. High-yield Bonds: Risk-Reward, Taxes?",2361
4398,What's behind the long secular bull market in U.S. Treasuries?,2362
4399,"Pros & cons of buying gold directly vs. investing in a gold ETF like GLD, IAU, SGOL?",2363
4401,Can a non dividend-paying product (say ETF) suddenly start paying dividends?,2364
4403,How do I go about finding an honest & ethical financial advisor?,2365
4404,"Why do people use mortgages, when they could just pay for the house in full?",2366
4405,Homeowners: How can you protect yourself from a financial worst-case scenario?,2367
4407,When a Company was expected and then made a profit of X $ then that X$ increased it's share price. or those the Sellers and Buyers [duplicate],2368
4410,"Investments beyond RRSP and TFSA, in non-registered accounts?",2369
4418,What investment strategy would you deduce from the latest article from Charles Munger?,2370
4419,What low-fee & liquid exchange-traded index funds / ETFs should I consider holding in a retirement portfolio?,2371
4420,Can I make my savings keep in check with or beat inflation over a long time period via index funds?,2372
4421,What's the difference between buying bonds and buying bond funds for the long-term?,2373
4422,"Why do volatility stocks/ETFs (TVIX, VXX, UVXY) trend down in the long-term?",2374
4423,Why aren't bond mutual funds seeing huge selloffs now?,2375
4426,Must ETF companies match an investor's amount invested in an ETF?,2376
4427,What does inflation mean to me?,2377
4429,Does a falling dollar mean doom for real estate?,2378
4430,What is the economic explanation for the high cost of weddings?,2379
4434,What is the “point” (purpose) of the S&P 500?,2380
4435,Why did gold dip in 2011,2381
4436,How to motivate young people to save money,2382
4437,Buying Fixed Deposit in India from Europe,2383
4438,What is the “Bernanke Twist” and “Operation Twist”? What exactly does it do?,2384
4439,Is it ever logical to not deposit to a matched 401(k) account?,2385
4440,Should I buy a house or am I making silly assumptions that I can afford it?,2386
4441,What is a subsidy?,2387
4443,Who sets the prices on government bonds?,2388
4444,What does quantitative easing 2 mean for my bank account?,2389
4445,What is the best credit card for someone with no credit history,2390
4446,Why are “random” deposits bad?,2391
4453,Is it worth trying to find a better minimum down payment for a first time home buyer?,2392
4454,classify investments in to different asset types,2393
4456,What is the big deal about the chinese remnibi trading hub that opened in toronto,2394
4459,How frequently should I request additional credit?,2395
4462,What is the best way to stay risk neutral when buying a house with a mortgage?,2396
4463,Relation between interest rates and currency for a nation,2397
4468,Opportunity to buy Illinois bonds that can never default?,2398
4469,How foreign cash is beneficial for a country?,2399
4470,How will Brexit affect house mortgages?,2400
4471,How to quantify differences in return with low expense ratio vs high expense ratio mutual funds?,2401
4475,How would bonds fare if interest rates rose?,2402
4477,How much does taking a Microeconomics course help you understand the field of investing?,2403
4478,I don't understand all this techincal jargon,2404
4480,Should I buy a house because Mortgage rates are low,2405
4481,Paying tax for freelance work while travelling,2406
4482,How is not paying off mortgage better in normal circumstances?,2407
4483,"Teaching school kids about money - what are the real life examples of math, budgeting, finance?",2408
4485,Is there a country that uses the term “dollar” for currency without also using “cents” as fractional monetary units?,2409
4489,Are real estate prices memory-less?,2410
4490,What is the rationale behind stock markets retreating due to S&P having a negative outlook on the USA?,2411
4491,"As an investor or speculator, how might one respond to QE3 taper?",2412
4492,Does a stay at home mom need term life insurance?,2413
4494,Clarification of Inflation according to Forbes,2414
4495,Buying a foreclosed property,2415
4496,Optimal Asset Allocation,2416
4498,How to take advantage of record high household debt in Canada?,2417
4501,What are the economic benefits of owning a home in the United States?,2418
4502,"For a mortgage down-payment, what percentage is sensible?",2419
4503,Events that cause major movement in forex?,2420
4506,Effect of country default on house prices?,2421
4507,Why was S&P 500 PE Ratio so high on May 2009,2422
4511,Salary equivalency: London vs Berlin,2423
4517,Is it worth buying real estate just to safely invest money?,2424
4518,What does a well diversified self-managed investment portfolio look like?,2425
4521,Why are the administrative fees for the three biggest donor-advised funds identical?,2426
4524,Strategic countermeasures to overcome crisis in Russia,2427
4528,Why do some people say a house “not an investment”?,2428
4532,Latest China devaluation (24/08/2015) and the affect on house prices in UK,2429
4533,Thinking of doing an MBA: Is an $80K top MBA school better than a $24K online MBA school?,2430
4537,High Leverage Inflation Hedges for Personal Investors,2431
4538,"Saving $1,000+ per month…what should I do with it?",2432
4540,Why is being “upside down” on a mortgage so bad?,2433
4547,What is the pitfall of using the Smith maneuver,2434
4549,Why does the stock market index get affected when a terrorist attack takes place?,2435
4550,strategy for the out of favour mining sector,2436
4554,Is inflation inapplicable in a comparison of paying off debt vs investing?,2437
4556,"UK student loans, early repayment/avoiding further debt",2438
4558,When to buy and sell bonds,2439
4559,Why are currency forwards needed?,2440
4562,How do euro hedged index funds work?,2441
4564,Is Cost of Living overstated?,2442
4565,How can a person protect his savings against a country default?,2443
4566,Should I invest in the world's strongest currency instead of my home currency?,2444
4567,How to read a mutual fund spec sheet?,2445
4570,Can the Securities Investor Protection Corporation (SIPC) itself go bankrupt?,2446
4572,Is it possible for me to keep my credit card APR at 0% permanently?,2447
4574,Understanding the phrase “afford to lose” better,2448
4575,First job: Renting vs get my parents to buy me a house,2449
4576,"Buying a house, Bank or rent to own?",2450
4577,Peer to Peer Lending Small notes Vs Large Notes,2451
4580,Any experience with maxing out 401(k)?,2452
4582,How much money should I lock up in my savings account?,2453
4584,What forces cause a company to write down goodwill?,2454
4588,Do large market players using HFT make it unsafe for individual investors to be in the stock market?,2455
4589,"Formula to determine readiness to retire based on age, networth and annual expense",2456
4590,Is a fixed-price natural gas or electricity contract likely to save money?,2457
4591,How are bonds affected by the Federal Funds Rate?,2458
4592,Ways to save for child's college education where one need not commit to set contributions? [duplicate],2459
4594,Variations of Dual momentum,2460
4596,TOCOM oil in USD,2461
4601,Why are U.S. Treasury interest rates are so low vs. other nearly risk-free rates?,2462
4602,"As an investing novice, what to do with my money?",2463
4606,How do I bring money overseas?,2464
4609,Value of tokens bought at an older price,2465
4610,"Boyfriend is coowner of a house with his sister, he wants to sell but she doesn't",2466
4611,Investment property information resources,2467
4612,How do I know if a dividend stock is “safe” and not a “dividend yield trap”?,2468
4617,"What are the downsides that prevent more people from working in high-income countries, and then retiring in low-income (and cost of living) ones?",2469
4618,Why buy bonds in a no-arbitrage market?,2470
4619,Are the stocks of competitor companies negatively correlated?,2471
4620,"Should I invest in real estate to rent, real estate to live in, or just stocks and bonds to earn 10-15%?",2472
4621,"Should I start investing in property with $10,000 deposit and $35,000 annual wage",2473
4623,Recent college grad. Down payment on a house or car?,2474
4624,Protecting savings from exceptional taxes,2475
4625,Does high frequency trading provide economic value?,2476
4630,The Asset Allocation Paradox,2477
4633,Accepting high volatility for high long-term returns,2478
4634,"Should I invest in my house, when it's in my wife's name?",2479
4636,Is it possible for the average person to profit on the stock market?,2480
4642,What is the risk-neutral probability?,2481
4643,Prices go up and salary doesn't: where goes delta?,2482
4650,Retirement Options for Income,2483
4651,What does “Yield Curve” mean?,2484
4653,How do banks lose money on foreclosures?,2485
4654,Is diversification better,2486
4655,Moving from Google Finance to Yahoo Finance,2487
4657,Search index futures in Yahoo Finance or Google Finance,2488
4659,New car cash vs finance,2489
4662,Why does Google Finance show the NASDAQ Composite way up but Yahoo! Finance shows it slightly down?,2490
4663,Google Finance Cash Flow Statement,2491
4664,Yahoo finance vs SEC filings fundamentals,2492
4665,Finance the land on a non-financeable house?,2493
4667,Yahoo Finance shows incorrect data,2494
4668,Finance options for a new furnace.,2495
4669,Do query services like Google Finance and Yahoo Finance go back to correct busted and adjusted trades?,2496
4671,Why does Yahoo Finance list the 10y T note (TNX) at 1/10 of CBOE and Google Finance?,2497
4672,How do finance professionals procounce “CECL”?,2498
4673,How is yahoo finance P/E Ratio TTM calculated?,2499
4674,Personal finance management: precise or approximately?,2500
4675,Is there any “Personal” Finance app that allows 2 administrators?,2501
4676,Car finance (loan) insurance requirements (store car),2502
4679,Google Finance gain value incorrect because of currency fluctuation,2503
4682,"Specifically, what does the Google Finance average volume indicate?",2504
4683,Online Personal finance with QIF import,2505
4684,Finance car with or with out a balloon payment,2506
4686,Is there any online personal finance software without online banking?,2507
4688,Best personal finance software for Mac for German resident,2508
4689,Personal finance web service with account syncing in Germany,2509
4690,How to save criteria in Google Finance Stock Screener?,2510
4691,Return on asset (ROA) value for a stock is reported differently on Yahoo Finance and MarketWatch,2511
4692,"Retired, want to buy a mobile home; how to finance?",2512
4695,Where to start with personal finance in Canada?,2513
4696,Getting live data from Yahoo! Finance for the National Stock Exchange of India (NSE)?,2514
4698,What time period is used by yahoo finance to calculate beta,2515
4699,Can one use Google Finance to backtest (i.e. simulate trades in the past)?,2516
4701,Why does historical price data not go back all the way on Google Finance?,2517
4702,Correct Ways of Importing Personal Finance Transaction Data,2518
4703,Should I finance a used car or pay cash?,2519
4704,Finance algebra,2520
4705,Is it worth it to re-finance my car loan?,2521
4706,What's a good personal finance management web app that I can use in Canada?,2522
4707,Legal Financing,2523
4708,How Should I Start my Finance Life and Invest?,2524
4710,Yahoo Finance - Data inconsistencies between historic and current data,2525
4712,Is the Canadian Securities Course (CSC) enough to get started in the finance industry in Canada?,2526
4713,UK: Personal finance book for a twenty-something,2527
4716,how does one see the CBOE VIX index on Google Finance?,2528
4717,"Calculate Finance Rate, Interest Amount when we have below line Fees",2529
4719,Why is financial data of some public companies not available on Yahoo Finance?,2530
4720,Comparing option data between yahoo finance and CBOE for SPY options,2531
4721,Advantage of Financial Times vs. free news sources for improving own knowledge of finance?,2532
4722,Is it true that Income Tax was created to finance troops for World War I?,2533
4723,"Trustable, official sources on holdings, purchases and sales by finance academics/professionals?",2534
4724,Google Finance: Input Parameters For Simple Moving Averages,2535
4725,How does Yahoo finance adjust stock data for splits and dividends?,2536
4726,"Any Ubiquitous Finance App That is on Mac, iOS and Windows?",2537
4728,How does Google Finance calculate the Institution Owned metric for a stock,2538
4729,Why Google Finance puts to two decimal places for the trading volumes?,2539
4730,Is there a Yahoo Finance ticker for NYMEX Crude Oil Front Month?,2540
4731,What is the best cross-platform GPL personal finance tool available?,2541
4732,Personal finance software for Mac that can track stocks and mutual funds? (Even manual updating of share prices will do.),2542
4733,Why does Yahoo! Finance report different prices for the same index?,2543
4734,Money Saved on finance charges,2544
4735,Is there a finance API of some kind to get all holdings for a specific mutual fund?,2545
4736,Relative Strength Index: Yahoo vs Google Finance,2546
4738,Canadian personal finance software with ability to export historical credit card transactions?,2547
4739,US Dollar Index: a) where are long term charts;  also b) is it available on Google Finance by any chance?,2548
4741,What is the value in using the “split transaction” feature present in some personal finance management tools?,2549
4742,Why does Yahoo Finance and Google Finance not match historical prices?,2550
4745,"What are some good, easy to use personal finance software? [UK]",2551
4747,"According to yahoo finance, Vanguard's Dividend Growth Fund does not appear to have dividend growth. Why is that?",2552
4748,"For a car, would you pay cash, finance for 0.9% or lease for 0.9%?",2553
4749,Organizing Expenses/Income/Personal Finance Documents (Paperless Office),2554
4751,Comprehensive tutorial on double-entry personal finance?,2555
4752,New car price was negotiated as a “cash deal”.  Will the price change if I finance instead?,2556
4753,What does “Company Distribution” mean on Google Finance's stock screener?,2557
4754,How do I export or sync data from TD Ameritrade into Google Finance or another online Finance site?,2558
4755,Car dealers offering lower prices when financing a used car,2559
4757,online personal finance software that I can host myself,2560
4758,Best personal finance strategy to control my balance,2561
4759,Ticker symbols differences between Yahoo Finance and BestInvest,2562
4760,How to read Google Finance data on dividends,2563
4766,What is the meaning of realization in finance?,2564
4768,"Multi-user, non-US personal finance and budget software",2565
4769,"Free, web-based finance tracking with tag/label support?",2566
4770,How to finance my trading strategy in foreign exchange trading?,2567
4772,Financing Education through Credit Card or Student Loans,2568
4773,Can I rely on my home equity to finance large home repairs?,2569
4774,Where to find LEAPS option quotes (full chain)? CBOE & Yahoo! Finance not working,2570
4776,What happened to Home Depot's Stock in 1988?,2571
4778,How do I add my income to my personal finance balance?,2572
4779,I have a 2008 HHR under finance it needs a new engine,2573
4782,Good habits pertaining to personal finance for someone just getting started?,2574
4783,How can I raise finance to build a home for my family,2575
4786,Are there any dangers in publicly sharing my personal finance data?,2576
4787,What is the preferred way to finance home improvements when preparing to sell your house?,2577
4788,"How to handle Client Deposits in Xero (or any finance software, really)",2578
4789,"Car finance, APR rates and per week in adverts; help understanding them",2579
4790,Why do some services list an IPO date that is well after historical price data you can find elsewhere?,2580
4791,UK university student finance - should I use my sponsorship money to pay the debt?,2581
4792,Do retail traders get any advantage from learning methods of mathematical of finance?,2582
4793,Ongoing things to do and read to improve knowledge of finance?,2583
4795,Highest market cap for a company from historical data,2584
4796,Clarify Microsoft's explanation of MIRR,2585
4798,Can I evaluate the performance of a company using just OHLC data?,2586
4799,Do money markets fluctuate during market crashes?,2587
4801,"First home buyer, financing questions",2588
4802,How exactly could we rank or value how “rich” a company brand is?,2589
4803,Can I sell my home with owner financing when I still have an FHA loan? (and should I?),2590
4805,Will ADR owner enjoy same benefit as common shares holders,2591
4806,How to do a direct cash flow statement given a stock ticker,2592
4807,How to compute real return including expense ratio,2593
4808,How common are stock/scrip dividends (as opposed to cash dividends) in US equity markets?,2594
4809,Where can I see the detailed historical data for a specified stock?,2595
4810,Is it a good idea to teach children that work is linearly related to income?,2596
4811,How to find historical stock price for a de-listed or defunct company?,2597
4814,Can I use balance transfer to buy car?,2598
4815,"German stock exchange, ETR vs FRA",2599
4816,Monthly payment on a compounded daily car loan? [duplicate],2600
4817,What does “/” and “^” mean in ticker symbols? How to translate these symbols into yahoo?,2601
4818,Considering investing in CHN as a dividend stock,2602
4819,Can someone explain the Option Chain of AMD for me?,2603
4820,Figuring flood insurance into financing cost,2604
4821,Financed medical expenses and tax deductions,2605
4824,Financing with two mortgages: a thing of the past?,2606
4826,How websites like Google have access to stock market data?,2607
4828,How do I know if refinance is beneficial enough to me?,2608
4829,"Received a call to collect on a 17 year old, charged off debt. What do I do?",2609
4830,How to accurately calculate Apple's EPS,2610
4832,Curious about Liverpool FC situation,2611
4834,What publicly available software do professional stock traders use for stock analysis?,2612
4835,What does dividends passed mean in terms of stock?,2613
4836,What's the most correct way to calculate market cap for multi-class companies?,2614
4838,"Titles, Financing and Insurance. How do they work?",2615
4840,Why does Yahoo miss some mutual fund dividends/capital gains?,2616
4841,Payroll question,2617
4842,Tracking the Madrid Interbank Offered Rate (MIBOR) and the Euro Interbank Offered Rate (EURIBOR),2618
4843,"What is “beta” for an investment or a portfolio, and how do I use it?",2619
4847,What is approximate tax deduction for this scenario?,2620
4848,How to calculate Price/Earnings - Price/Sales - Price/Free Cash Flow for given stock,2621
4850,Fetching technical indicators from yahoo api,2622
4852,How can I find out what factors are making a stock's price rise?,2623
4854,Last trade is bought? or sold?,2624
4855,Evidence for Technical Analysis [duplicate],2625
4857,What kinds of information do financial workers typically check on a daily basis?,2626
4858,My Co-Signer is the Primary Account Holder for my Car Loan - Does this affect my credit?,2627
4859,Why does financial investor bother to buy derivatives and then hedge the position?,2628
4860,Which brokerages offer the best streaming quotes (tick level) for the best price?,2629
4861,Finding Debt/Equity Ratio with Market Value of Equity,2630
4867,What's the point of Ford loosening financing requirements?,2631
4871,Do governments support their own bonds when their value goes down?,2632
4873,Bond prices: Why is a high yield sometimes too good to be true?,2633
4874,"Stock stopped trading, what does this mean?",2634
4875,Why GOOG is “After Hours” while FB is “Pre-market”?,2635
4876,How to calculate PE ratios for indices such as DJIA?,2636
4877,Equity market inflow meaning,2637
4879,what does “private equity structures” mean?,2638
4880,Where to find historical quotes for the Dow Jones Global Total Stock Market Index?,2639
4881,Which online services offer logarithmic charts for equities such as index funds and ETFs?,2640
4882,Is there a law or regulation that governs the maximum allowable interest amount that can be charged on credit cards or in agreements where credit is extended?,2641
4883,Mortgage loan plus home loan,2642
4885,Who are the real big share holders of $AMDA?,2643
4886,How can I transfer and consolidate my 401k's and other options?,2644
4887,total of all dividend payments for a particular company,2645
4889,"Canada: New mortgage qualification rules, 2010: Why, what, & when in effect?",2646
4890,"Am I liable for an auto accident if I'm a cosigner but not on the title, registration, or insurance policy?",2647
4893,Are junk bonds advisable to be inside a bond portfolio that has the objective of generating stable income for a retiree?,2648
4894,"Is there a free, online stock screener for UK stocks?",2649
4895,Which account type to use for claimable expense I pay upfront for my employer?,2650
4896,Can I borrow against my IRA to pay off debt or pay for a car?,2651
4897,What does a stock's quoted value represent?,2652
4898,Why are big companies like Apple or Google not included in the Dow Jones Industrial Average (DJIA) index?,2653
4899,How does a TFSA work? Where does the interest come from?,2654
4900,How to calculate lump sum required to generate desired monthly income?,2655
4902,Why does ExxonMobil's balance sheet show more liabilities than assets?,2656
4903,Understanding stock market terminology,2657
4904,What assets does the term “security” encompass?,2658
4906,Analyze stock value,2659
4907,What could be the cause of a extreme high/low price in after hours market?,2660
4909,"How to calculate the number of months until a loan is paid off (given principal, APR and payment amount)?",2661
4910,Do options always expire on third Friday of every month,2662
4912,How to calculate interest payments without EBIT,2663
4913,Financial implications of purchasing a first home?,2664
4914,Should I use Mint.com?  Is it secure / trusted? [duplicate],2665
4915,How will Hello Wallet benefit me? Is it worth the cost?,2666
4916,What is the correct term to describe (shares owned * share value)?,2667
4917,Car financed at 24.90% — what can I do?,2668
4921,"What happens if I get approved for financing, but don't make the purchase?",2669
4922,Where can I find historical United States treasury note volume?,2670
4923,"(Arizona) Bought a car with financing, do I take it to DMV/DOT?",2671
4925,Calculate price to earning and price to sale value for given dataset,2672
4926,NYSE & NASDAQ: Mkt Cap: $1 billion+,2673
4927,Where can one download or subscribe to end of day price data for Tokyo stocks?,2674
4928,How and Where can I easily pull data for the Dow 30?,2675
4929,Free Historical Commodity Prices in txt?,2676
4932,Who sets the price and provides the quoted price values for stocks?,2677
4933,Owner-Financed home sale or Land Contract — how to handle the transaction and the ongoing entity?,2678
4934,Why does a real estate seller get to know the financing arrangements of the buyer?,2679
4935,Credit card interest calculator with grace period & different interest rate calculation methods?,2680
4937,What is a 401(k) Loan Provision?,2681
4938,Confused about google portfolio chart,2682
4939,How can I find a list of all North American ETF's including symbols?,2683
4940,Will a Barclaycard Visa help me in building up credit score?,2684
4941,Loan for car buy “cash” (third party) or bank loan,2685
4943,Negative properties of continuously compounded returns,2686
4944,"Working abroad in Australia, what is involved financially and administratively?",2687
4947,Get free option quotes,2688
4948,I gave an incorrect account number to pay my income taxes,2689
4949,Tax brackets in the US,2690
4950,View asset/holdings breakdown within fund,2691
4951,How do I get a list of the top performing funds between two given dates?,2692
4952,Organizing finances and assigning a number to each record type,2693
4954,Average Price of a Stock,2694
4957,Selling stocks - capital gains,2695
4959,"When a fund drops significantly, how can I research what went wrong? [duplicate]",2696
4961,T-mobile stock: difference between TMUSP vs TMUS,2697
4963,Some questions about investing [duplicate],2698
4964,Is it possible to buy UK Consols (perpetuities)?,2699
4965,Do budgeting % breakdowns apply globally?,2700
4969,GnuCash and ledger/hledger,2701
4970,Expecting to move in five years; how to lock mortgage rates?,2702
4971,Wisest option to pay for second career education,2703
4972,How to compute for losses in an upside down trade-in of a financed car?,2704
4973,Currency exchange problem,2705
4975,Solid reading/literature for investment/retirement/income taxes?,2706
4976,Can I use an HSA to pay financed payments for LASIK?,2707
4977,Auto loan and student loan balance,2708
4978,Multi-year profit/tax question,2709
4980,Where do online stock brokers get their real-time data from?,2710
4982,What to make of historical stock market volatility?,2711
4983,Effective interest rate for mortgage loan,2712
4984,"How to calculate the price of a bond based with a yield to Maturity, term and annual interest?",2713
4985,How can I compare the performance of a high dividend funds with other funds and or an index,2714
4987,What happened to buyers of ABT right before the split?,2715
4988,Fair Value of a monthly payment given two Bank Payment structures,2716
4989,Is there any reason not to put a 35% down payment on a car?,2717
4991,What's the best use for this money? Its only a small amount but can make a big difference to me,2718
4992,How and where to get the time series of the values USDEUR?,2719
4993,Does it make sense to refinance a 30 year mortgage to 15 years?,2720
4994,Biggest stock price gain vs. biggest mkt cap gain,2721
4995,"Books, Videos, Tutorials to learn about different investment options in the financial domain",2722
4996,"Currently a Microsoft Money user on PC, need a replacement suitable for Mac",2723
5000,"If I have AD&D through my employer, should I STILL purchase term life insurance?",2724
5002,Can you please explain what the information in this stock quote means?,2725
5003,How do you access an OFX server?,2726
5005,What is a good service that will allow me to practice options trading with a pretend-money account?,2727
5006,Investment for beginners in the United Kingdom,2728
5007,Stock Dividends & Splits: Are they always applied over night?,2729
5008,What is the ticker symbol for “Vanguard Target Retirement 2045 Trust Plus”?,2730
5009,Pay bill now or later?,2731
5010,What does negative Total Equity means in McDonald's balance sheet?,2732
5011,still have mortgage on old house to be torn down- want to build new house,2733
5012,Financing a vehicle a few months before I expect to apply for a mortgage?,2734
5013,Is there a term for total money owed to you?,2735
5014,Am I entitled to get a maintenance loan?,2736
5015,Rate of change of beta,2737
5017,I'm an American in my mid 20's. Is there something I should be doing to secure myself financially?,2738
5022,Which institutions in Canada offer true read-only guest accounts?,2739
5023,Can I profit from selling a PUT on BBY?,2740
5024,Am I eligible for a student maintenance loan?,2741
5025,Possible pro-rated division of asset strategies without a prenup?,2742
5029,Reinvesting earnings increases the book value of equity?,2743
5031,Margin when entered into a derivative contract,2744
5032,"When I ask a broker to buy stock, what does the broker do?",2745
5033,Where is “Cash Credit from Unsettled Activity” coming from?,2746
5034,Who performs the blocking on a Visa card?,2747
5035,How can I find out what percentage the publicly traded shares (float) are of the total company?,2748
5036,Identity theft?,2749
5037,Are the AARP benefits and discounts worth the yearly membership cost?,2750
5038,Online sites for real time bond prices,2751
5039,Why does a long/purchased call option have a long position in the option itself?,2752
5040,Rate of return of stock index,2753
5041,Mortgage loan and move money to US,2754
5042,Why do some companies (like this company) have such a huge per share price?,2755
5043,How do used vehicle exchange programs at car dealerships work?,2756
5044,How to find trailing 5-year stock returns for 1980s?,2757
5047,Need a loan to buy property in India. What are my options?,2758
5048,"I'm upside down on my car loan and need a different car, what can I do?",2759
5049,Should I use my non-tax advantaged investment account to pay off debt?,2760
5051,Is there any reason not to buy points when re-financing with intent not to sell for a while?,2761
5052,Using multiple bank accounts,2762
5053,What is this fund?,2763
5056,"How to get 0% financing for a car, with no credit score?",2764
5057,"Can a Line of Credit be re-financed? Is it like a mortgage, with a term?",2765
5059,Who could afford a higher annual deductible who couldn't afford a higher monthly payment?,2766
5060,Loan math problem,2767
5062,help with how a loan repayment is calculated,2768
5065,When to hire an investment professional?,2769
5066,How do annual risks translate into long-term risks?,2770
5068,"My mother's name is on my car title, how can I protect my ownership of the car in the event of her death?",2771
5069,Guide to save money in all-time life,2772
5070,Is a car loan bad debt?,2773
5071,Should I make partial pre-payments on an actuarial loan?,2774
5072,"How long to wait before refinancing a high interest car loan, after improving credit history?",2775
5073,Where can I find historic performance data on Barclays Aggregate Canadian Bond Index?,2776
5075,give free budgeting advice,2777
5077,What is meant by the term “representative stock list” here?,2778
5078,moving family deposits away from Greece (possibly in UK),2779
5079,Are there good investment options to pay off student loans?,2780
5081,Credit card transactions for personal finances,2781
5082,Where can I get interesting resources on Commodities?,2782
5084,Strange values in ARM.L price data 1998-2000 from Yahoo,2783
5087,How to invest 100k,2784
5088,How to calculate the closing price percentage change for a stock?,2785
5089,Why doesn't GnuCash auto-reconcile non-bank accounts?,2786
5091,Is there a term that better describes a compound annual growth rate (CAGR) when it is negative?,2787
5092,How do I buy bundled insurance policies?,2788
5093,"What forms (S-1, 8-K, etc) and keywords in news headlines signify dilution?",2789
5094,Unable to understand logic behind why there is no exit load on liquid fund,2790
5097,Strategy to pay off car loan before selling the car,2791
5098,"Stock trading models that use fundamental analysis, e.g. PEG ratios?",2792
5099,Calculate APR for under 1 year loan,2793
5100,Why is the volume highest at the beginning and end of a trading day?,2794
5101,"How are shares used, and what are they, physically?",2795
5102,What is the preferred way to set up personal finances?,2796
5103,"Why would parents, of a young adult without dependents, not profit from the young adult's Term Life Insurance?",2797
5104,Standard Deviation with Asset Prices?,2798
5105,Mortgage company withholding insurance proceeds,2799
5106,Can my spouse be the primary signer on my car's loan?,2800
5108,2 UAN Numbers allotted to my PAN Number,2801
5109,How can I remove the movement of the stock market as a whole from the movement in price of an individual share?,2802
5110,Why does shorting a call option have potential for unlimited loss?,2803
5111,Will refinancing my auto loan hurt my mortgage approval or help it?,2804
5113,What Happens to Cofounders' Shares when they IPO?,2805
5115,"Paying off loans early, or is there some way to reduce extortionate interest charges?",2806
5116,Easiest way to diversify savings,2807
5118,Is there a significant danger to market orders as opposed to limit orders?,2808
5119,Why is a stock dividend considered a dividend? What makes it different from a stock split?,2809
5120,Are the “debt reduction” company useful?,2810
5121,"I thought student loans didn't have interest, or at least very low interest? [UK]",2811
5122,Annuities question - Equations of value,2812
5124,Where can you find dividends for Australian Stock Market Shares (ASX) for more than 2 years of data?,2813
5126,Take car loan out of mortgage to improve equity,2814
5127,Want to buy expensive product online. Credit line on credit cards not big enough. How do “Preferred Account” programs work?,2815
5128,I'm halfway through a 5-year purchase financing deal on my car. It's expensive. Can I sell it and get a cheaper car?,2816
5129,The penalty on early redemption of a personal loan,2817
5131,Car dealer saying that they cannot see any credit information for my co-applicant. Could this be a scam?,2818
5132,How can someone with a new job but no credit history get a loan to settle another debt?,2819
5135,Can I add PMI to my principal balance when I take out a mortgage?,2820
5137,Can my federal adjusted gross income differ by $1 between my federal and state returns?,2821
5139,FICA was not withheld from my paycheck,2822
5141,Can I get a tax deduction for PMI?,2823
5143,How do I cash in physical stock certificates? (GM 1989),2824
5145,Do stock prices drop due to dividends?,2825
5148,Priced out of London property market. What are my accommodation investment options?,2826
5149,What is a mutual fund “high water mark” and how does it affect performance fees?,2827
5151,Calculating savings from mortgage interest deduction vs. standard deduction?,2828
5152,What drives the value of a stock? [duplicate],2829
5153,Auto insurance on new car,2830
5156,Auto Loan and Balance Transfer,2831
5158,Advice on low-risk long-term strategy for extra cash?,2832
5159,Put a dollar value on pensions?,2833
5160,Should I use a bank or a credit union for my savings account?,2834
5165,I have savings and excess income. Is it time for me to find a financial advisor?,2835
5166,Where can one graph portfolio performance over time?,2836
5168,"How can we get a hold of our finances again, with much less time to spend on accounting and budgeting, due to the arrival of our child?",2837
5169,How do I interpret these income tax numbers for Chinese public company Dangdang Inc. (DANG)?,2838
5174,Should I try to negotiate a signing bonus?,2839
5175,Home insurance score drastically decreases after car insurance claim?,2840
5177,GnuCash register reimbursements,2841
5180,Tax advantages of using 529 plans to save for child's education?,2842
5183,Should I learn to do my own tax?,2843
5184,"How to search efficiently for financial institutions, credit cards, etc (At least in Canada)?",2844
5188,How to manage paying expenses when moving to a weekly pay schedule and with a pay increase?,2845
5189,Thorough Description of Yield to Maturity?,2846
5191,Payment default penalties on annuities,2847
5192,Investment for young expatriate professionals,2848
5193,Why does 'further borrowing' always mean permanent extra mortgage accounts?,2849
5194,Which Novo Nordisk ticker is most tax efficient in a UK SIPP?,2850
5195,mortgage vs car loan vs invest extra cash?,2851
5197,Meaning of “credit”,2852
5198,What exactly changes following a stock split? Why doesn't “Shares” (on the following SEC balance sheet) change?,2853
5202,institutional ownership — why is it so convoluted,2854
5203,What is the meaning of Equal Housing Lender? Do non-banks need to display it?,2855
5204,Valuation Spreadsheet,2856
5205,How to quickly track daily cash expenses that don't come with a receipt?,2857
5207,Current accounts reward schemes and reciprocal standing orders?,2858
5210,What actions should I be taking to establish good credit scores for my children?,2859
5211,Resources to begin trading from home?,2860
5212,Investing Account Options,2861
5215,How do I apply for a mortgage after a cash closing on a property?,2862
5218,Stocks: Where can I find a list of bankrupt/diluting stocks in the US?,2863
5219,How much of a down payment for a car should I save before purchasing it?,2864
5222,Options for the intelligent but inexperienced,2865
5223,"W-4 was not updated when moving from part-time to full-time, still showed Tax-Exempt. What happens now?",2866
5224,Settling house with husband during divorce. Which of these two options makes the most sense?,2867
5225,Calculating the value of an investors inventory,2868
5227,"Wage earners of age ≥ 60 with dependents: What Life Insurance, if any, should they buy?",2869
5232,What is a straddle?,2870
5233,What is Systematic about Systematic Investment Plan (SIP) and who invented it?,2871
5236,Should I close unused credit cards before applying for another?,2872
5237,"Highstreet bank fund, custom ETF or Nutmeg?",2873
5238,Unemployment Insurance Through Options,2874
5239,"Next steps for (not me): a recently-divorced single mom, in California, with a 2yr-old",2875
5240,1099-MISC vs K-1 — duplicated numbers?,2876
5242,Construction loan for new house replacing existing mortgaged house?,2877
5243,How to interpret stock performance charts “vs S&P 500”,2878
5244,What questions should I ask a mortgage broker when refinancing a condo in Wisconsin?,2879
5245,Is socialtrend.com or/and feelthetrend.com legitimate?,2880
5246,"My university has tranfered me money by mistake, and wants me to transfer it back",2881
5247,Efficient International money transfer,2882
5251,How can the Samsung Upgrade Programme offer 0% APR?,2883
5252,What are some sources of information on dividend schedules and amounts?,2884
5257,"If I plan to buy a car in cash, should I let the dealer know?",2885
5258,Is there a good tool to view a stock portfolio's value as a graph?,2886
5260,What is the equivalent of the QQQ in the UK for the FTSE 100?,2887
5266,How much financial information should a buyer give an estate agent?,2888
5270,Free service for automatic email stock alert when target price is met?,2889
5272,Is investing in housing considered an adequate hedge against inflation?,2890
5274,What is this discrepency between Fidelity's and Google's stock price chart; large price spike?,2891
5275,Where can I find the dividend history for a stock?,2892
5278,Overnight charges for brokers holding stocks?,2893
5280,That “write your own mortgage” thing; how to learn about it,2894
5283,What resources can I use to try and find out the name of the manager for a given fund?,2895
5284,Is there an online cost-basis calculator that automatically accounts for dividend re-investments and splits?,2896
5286,Can GoogleFinance access total return data?,2897
5288,"Credit card grace period for pay, wait 1 day, charge?",2898
5289,Applying student loan proceeds toward tuition?,2899
5290,Is a stock's trade size history publicly available?,2900
5291,"Non-EU student, living in Germany, working for a Swiss company - taxes?",2901
5292,Online tools for monitoring my portfolio gains/losses in real time?,2902
5294,Walking away from an FHA loan,2903
5295,Will Indian young ones lose 18% of their EPF with new tax as per Budget 2016?,2904
5296,Why doesn't the market capitalization of a company match its acquisition price during a takeover?,2905
5297,Why is it in a company’s interest to have high stock prices? [duplicate],2906
5299,What impact does trading in a car have on your credit score?,2907
5303,Transfer car loan for better interest rate,2908
5306,What's the best online tool that can track my entire portfolio including gains/losses?,2909
5310,InteractiveBrokers: How to calculate overnight commissions for CFD?,2910
5313,Multiple hard inquiry for a single loan from car dealer?,2911
5315,I can't produce a title for a vehicle I just traded,2912
5317,"Evaluating an endowment policy for its fairness against other tax saving options in India such as PPF, EPF and even FDs",2913
5318,Do I have to explicitly apply for claim of tax rebate u/s 87A in India,2914
5320,Could ignoring sunk costs be used to make an investment look more attractive when it's really not?,2915
5321,I would like to publicly share the details of my investment portfolio. What websites add value in this regard?,2916
5323,At what damage amount should I pursue a homeowner's insurance claim?,2917
5324,Good way to record currency conversion transactions in personal accounting software?,2918
5325,"3-year horizon before trading up to next home: put windfall in savings, or pay off mortgage?",2919
5326,Should I use a TSP loan?,2920
5327,How to start investing/thinking about money as a young person?,2921
5328,Any other options for cash-out/construction loans?,2922
5329,Should I take a personal loan for my postgraduate studies?,2923
5330,"In Canada, are options available to subsidize conversion of a house into an energy efficient house?",2924
5333,"Term loan overpayment options: applied to principal, or…?",2925
5334,Should I carry less renter's insurance if I can self-insure?,2926
5335,Using credit cards online: is it safe?,2927
5341,Is it beneficial to my credit score if I close my youngest credit lines while preserving my current credit utilization rate?,2928
5346,Rent home temporarily with new owner occupied loan,2929
5348,Calculate a weekly payment on a loan when payment is a month away,2930
5349,Do I have to repay the First-Time Homebuyers tax credit if I refinance?,2931
5350,How can I get a mortgage I can't afford?,2932
5351,I co-signed a car but i am listed as the primary account holder for the loan,2933
5352,Where to find site with earnings calendar?,2934
5355,best free web app or tools to track one's cash flow,2935
5357,Book or web site resources for an absolute beginner to learn about stocks and investing?,2936
5359,Where can I find the nominal price of a stock prior a split into multiple companies?,2937
5360,How to buy out one person's share of a jointly owned vehicle with the lowest taxes and fees,2938
5364,What is the best use of “spare” money?,2939
5367,Buying a house for a shorter term,2940
5368,Why not pay in full upfront for a car?,2941
5371,Buying a car - advice needed,2942
5373,How much does a landlord pay in taxes?,2943
5376,Can a bank statement be submitted as a proof of investment?,2944
5377,Google free real-time stock quotes,2945
5379,Interest on Amount Exceeding CC Balance?,2946
5382,What is the 'real' monthly cost of a car?,2947
5383,How to plan in a budget for those less frequent but mid-range expensive buys?,2948
5384,Do individual stocks have futures trading,2949
5385,What percent of a company are you buying when you purchase stock?,2950
5387,United Kingdom: Where to save money for a property deposit,2951
5389,What is the Average Yield on High-Grade Corporate Bonds as of Now?,2952
5390,Definition of “secular” in the context of markets?,2953
5391,effect of bond issue on income statement,2954
5395,In NYC is there sales tax on services like computer / cell phone repair?,2955
5397,What is the correct pronunciation of CAGR?,2956
5401,Trading an FHA loan to bank for an REO,2957
5405,Pay off car or use money for down payment,2958
5407,Company revenue increased however stock price did not,2959
5408,What college degree should I pursue to learn about stock and forex markets?,2960
5412,Why is it good to borrow money to buy a house?,2961
5413,First time home buyer. How to negotiate price?,2962
5415,First time investing advice (Canada),2963
5418,Calculate investment's interest rate to break-even insurance cost [duplicate],2964
5428,Can you help me find an ETF Selection website that evaluates my ETF holdings?,2965
5429,Evidence for timing market in the short run?,2966
5432,Can my rent to own equity be used as a downpayment?,2967
5433,Possible replacement for Quicken,2968
5434,Questioning my Realtor,2969
5435,Getting over that financial unease? Budgeting advice,2970
5437,Mitigate Effects Of Credit With Tangible Money,2971
5439,Should I get a auto loan to diversify my credit lines if I have the cash to pay upfront,2972
5440,Is CFD a viable option for long-term trading?,2973
5446,Where I can find S&P 500 stock data history?,2974
5451,My ex sold our car that still had money owed,2975
5453,Shareholders meetings — the announcement of significant news,2976
5454,Online service that computes implied volatility,2977
5455,"Outstanding car bill, and I am primary but have not driven it for 2 years",2978
5458,How can I get a home loan within 2 years of bankruptcy?,2979
5461,"Refinancing a vehicle, longer term with extra in the kitty, or shorter term and just make scheduled payment?",2980
5462,Accounting for currency depreciation,2981
5463,Remitting Money To India Towards Home Loan Repayment,2982
5466,How to pay for Alzheimer's care?,2983
5467,What are my tax-advantaged investment options at a university job?,2984
5468,Historical data files for NYSE/NASDAQ daily open/close price data?,2985
5471,Where can one find intraday prices for mutual funds?,2986
5477,Are REIT worth it and is it a good option to generate passive income for a while?,2987
5479,What is the best approach to save money for College for three kids?,2988
5480,Is it possible to know the probability that a trade is successful?,2989
5483,Ways to get individual securities from ETF's,2990
5485,Will an ETF increase in price if an underlying stock increases in price,2991
5487,Any Loop Holes for Owner Occupancy?,2992
5488,What ETF or other security tracks closest to 30 year mortgage rates?,2993
5489,Is there a good forum where I can discuss individual US stocks?,2994
5491,Historical P/E ratios of small-cap vs. large-cap stocks?,2995
5492,"What is a good way to keep track of your credit card transactions, to reduce likelihood of fraud?",2996
5493,Separating money in bank account without opening another account,2997
5495,Source(s) for hourly euro/usd exchange rate historic data?,2998
5496,"When I pay off my mortgage loan, what would really happen?",2999
5497,What kinds of exchange-traded funds (ETFs) should specifically be avoided?,3000
5499,Passive vs. active investing past performance comparison/data?,3001
5500,Should I switch to this high rate checking account for my emergency fund?,3002
5504,Pay down on second mortage when underwater?,3003
5507,Why is there so much interest on home loans?,3004
5509,Dad paying for my new home in cash. How can I buy the house from him?,3005
5512,How should I choose an additional retirement investment plan?,3006
5513,Can you explain why these items are considered negatives on my credit report?,3007
5515,Is the Chrysler extended warranty coverage worth it?,3008
5517,Does a larger down payment make an offer stronger?,3009
5519,Can an immigrant get a mortgage in the us?,3010
5521,"Like a Roth IRA for intellectual property, offshore assignment?",3011
5524,Sell home to buy another home for cash,3012
5525,Is it worth it to reconcile my checking/savings accounts every month?,3013
5526,Helping girlfriend accelerate credit score improvement,3014
5527,How can I tell if this internet sales manager is telling me the real “true cost” of a new car to the dealer,3015
5528,How to fund sabbatical to prepare house for sale?,3016
5530,Complete Opposite Calculations and Opinions - Using Loan to Invest - Paying Monthly Installments with Monthly Income,3017
5532,"First time investing in real-estate, looks decent?",3018
5537,"What is title insurance, and should I get title insurance for my home?",3019
5538,Any good software for value investment?,3020
5540,What does PMI mean?,3021
5542,Refinance a land loan into a mortgage loan,3022
5545,Calculating theoretical Present Value,3023
5548,Can value from labor provided to oneself be taxed?,3024
5552,How do I choose 401k investment funds?,3025
5555,Will I always be able to get a zero-interest credit card?,3026
5556,Are there any funds tracking INDEXDJX:REIT?,3027
5558,Why are fund managers' average/minimum purchase price from form 13F the same?,3028
5562,What are good games to play to teach young children about saving money?,3029
5563,Is refinancing my auto loan just to avoid dealing with the lender that issued it a crazy idea?,3030
5564,How to see a portfolio's overall profit or loss on Yahoo Finance?,3031
5566,How do I factor dividends and yield into the performance of a security?,3032
5567,How much in cash equivalents should I keep in the bank? [duplicate],3033
5568,Need something more basic than a financial advisor or planner,3034
5570,Can future rental income be applied to present debt-to-income ratio when applying for second mortgage?,3035
5571,How can I compare having accounts at various banks without opening an account?,3036
5574,What prevents investors from buying high yield stocks and selling them as soon as their dividend is paid out?,3037
5576,implementation of risk managed momentum strategy,3038
5577,Pay for a cheap car or take out a loan?,3039
5579,"Should I make additional payments on a FHA loan, or save up for a refinance?",3040
5580,Checking the math on a Truth-in-Lending Disclosure,3041
5581,Remortgaging my home to release capital for second property,3042
5582,How do I know what loan terms I can qualify for?,3043
5583,Is a real estate attorney needed for builder deposit contract?,3044
5586,What is the difference between Protected-equity loan vs Equity loan?,3045
5587,Should I trade in a car I own to lower my payments on a new lease?,3046
5590,Sell or keep rental Property?,3047
5591,Is it common for a new car of about $16k to be worth only $4-6k after three years?,3048
5596,“Convertible -debt/note/bond/debentures” which of these are the same or different?,3049
5597,"Error in my car loan papers, what do I do?",3050
5600,Stranger in Asia wants to send me $3000 in Europe over Western Union because he “likes me”? [duplicate],3051
5601,Buying a home - brokerage fee,3052
5605,Are there any disadvantages of Progress Draw Mortgage?,3053
5606,What are the differences between an investment mortgage and a personal mortgage?,3054
5608,Is there a good book that talks about all the type of products to invest?,3055
5609,Is it adventageous to expedite my wedding before the new year for tax savings?,3056
5610,How can I find if I can buy shares of a specific company?,3057
5611,"Buying a house, how much should my down payment be?",3058
5612,Hearing much about Dave Ramsey. Which of his works is best in describing his “philosophy” about money?,3059
5613,How can this be enough to fund a scholarship in perpetuity?,3060
5614,Sell your home and invest in growth stock mutual fund,3061
5617,New or Used Car Advice for Recent College Grad,3062
5623,What are the disadvantages of using a small leverage?,3063
5628,Should I avoid credit card use to improve our debt-to-income ratio?,3064
5630,Will paying off my car early hinder my ability to build credit?,3065
5632,How can I decide whether do a masters even if I have go into debt after doing it?,3066
5633,Need help with the psychology of investing: past failures and future fears,3067
5634,High expense ratio funds - are they worth it?,3068
5635,Calculating Future Value: Initial deposit and recurring deposits of a fixed but different Value,3069
5636,"If the co-signer on my car loan dies, can the family take the car from me like they're threatening to?",3070
5637,Is “folio” an acceptable contraction of “portfolio”?,3071
5638,How to find a public company's balance sheet and income statement?,3072
5641,Google market cap,3073
5642,How can a 529 plan help me save for my child's college education?,3074
5643,Living in my own rental property,3075
5648,"Returning to the UK after working in Switzerland, What to do with my Swiss Francs?",3076
5649,Put idle savings to use while keeping them liquid,3077
5650,First time home buyer: Can you withdraw funds from a Roth 401k for a first time home purchase?,3078
5652,(Legitimate & respectable) strategies to generate “passive income” on the Internet?,3079
5654,"If I put a large down payment (over 50%) towards a car loan, can I reduce my interest rate and is it smart to even put that much down?",3080
5656,"Why would refinancing my mortgage increase my PMI, even though rates are lower?",3081
5659,401k Option - Lifecycle or S&P Index - what are pros and cons?,3082
5660,"want to refinance FHA loan, may move out unexpectedly and would like to keep as investment property, what are my options?",3083
5665,Where to Park Proceeds from House Sale for 2-5 Years?,3084
5667,Can extra mortgage payments be made to lower the monthly payment amount?,3085
5668,What is the formula for determining estimated stock price when I  only have an earning per share number?,3086
5670,Good yield vs. safer route (Checking vs. Savings),3087
5671,"Are TD e-Series Funds worthwhile, or am I better off with ETFs? Why or why not?",3088
5672,operating income,3089
5673,Comparing the present value of total payment today and partial payments over 3 months,3090
5674,Buying a house. I have the cash for the whole thing. Should I still get a mortgage to get the homeowner tax break?,3091
5677,Are online mortgage lenders as good as local brick-and-mortar ones?,3092
5678,How to determine duration of a common stock whose dividends grow in perpetuity?,3093
5682,How can one tell if a company's quarterly financial report represents a profit or loss?,3094
5684,Is there a way to tell how many stocks have been shorted?,3095
5686,How does Value get rounded in figuring out Bonds Value?,3096
5687,"Stock grant, taxes, and the IRS",3097
5689,Are prepayment penalties for mortgages normal?,3098
5692,I'm 23 and was given $50k. What should I do?,3099
5693,What is the p/e ratio?,3100
5694,Shouldn't a Roth IRA accumulate more than 1 cent of interest per month?,3101
5696,Capital losses on early-purchased stock?,3102
5697,"In accounting and investment, what is the difference and relationship between balance and position",3103
5700,"Which US market indexes (Dow/DJIA, S&P500, NASDAQ) include reinvested dividends?",3104
5701,"Now that Microsoft Money is gone, what can I do? [duplicate]",3105
5703,Buy index mutual fund or build my own?,3106
5704,Relocating and buying a house simultaneously - How to handle pre-approval on fluctuating yearly income?,3107
5708,What happens to an Earnest Money Deposit if underwriting falls through?,3108
5709,Are there any banks with a command-line style user interface?,3109
5711,Debit card for minor (< 8 y.o.),3110
5712,Do you avoid tax when taking a home equity loan?,3111
5715,Why do only a handful of Canadian companies have options trading on their stocks?,3112
5716,Are car buying services worth it?,3113
5717,Is avoiding fees commonly found with CFD trading possible?,3114
5718,How much does it cost to build a subdivision of houses on a large plot of land?,3115
5719,How to decide which private student loan is right for me?,3116
5723,Calculating pay off for credit card with multiple APRs,3117
5724,What are some tips for getting the upper hand in car price negotiations?,3118
5728,Buying real estate with cash,3119
5729,Mortgage refinancing,3120
5731,Will I be turned down for a car loan?,3121
5732,I bought a new car for a month and wanted to return it,3122
5733,APR for a Loan Paid Off Monthly,3123
5734,Which graduate student loans are preferable?,3124
5735,Should I get cash from credit card at 0% for 8 months and put it on loans?,3125
5739,Asset allocation when retirement is already secure,3126
5740,How much should a new graduate with new job put towards a car?,3127
5743,Archive Financial Records by Account or by Year,3128
5746,401k Rollover - on my own or through my financial advisor?,3129
5752,What factors of a stock help determine its potential,3130
5754,How often do typical investors really lose money?,3131
5755,How are mortgage payments decided? [duplicate],3132
5758,Impact on Credit Worthiness (Getting A Loan with a Co-signer vs without),3133
5760,Can Warren Buffet's method be distilled into basic steps?,3134
5761,"What is the true value, i.e. advantages or benefits, of building up equity in your home?",3135
5762,Interactive Brokers Margin Accounts,3136
5765,When does it make sense for the money paid for equity to go to the corporation?,3137
5767,"4 months into a 30 month car loan, need new engine, can't sell any body parts",3138
5770,Any difference between buying a few shares of expensive stock or a bunch of cheap stock,3139
5772,"Can I invest in the USA or EU from an Asian 3rd-world country, over the Internet?",3140
5773,Would every FX currency pair or public stock that is under the 30 level using Relative Strength Index (RSI) be an undervalued pair?,3141
5774,"Does a budget comprise expenses, and/or revenue?",3142
5775,Personal Loan: How to define loan purpose,3143
5776,Is there a debit card that earns miles (1 mile per $1 spent) and doesn't have an annual fee?,3144
5777,"When shorting a stock, do you pay current market price or the best (lowest) available ask price?",3145
5783,Empirical performance data of ETFs and Mutual Funds tracking identical Indexes?,3146
5784,How can I save on closing costs when buying a home?,3147
5787,How can a person with really bad credit history rent decent housing?,3148
5788,What would happen if I were to lose all equity in my condo when it's time to renew the mortgage?,3149
5789,"Quantiative Easing fuels stock markets, but why?",3150
5791,Paid off oldest CC keep it open or close it?,3151
5792,Should I take out a loan vs pay off with mother's help?,3152
5797,"Pay down the student loan, or buy the car with cash?",3153
5798,F-1 Visa expired - Unable to repay private student loan. What to do?,3154
5800,How to measure systematic risk of a stock?,3155
5802,Do Americans still need extra health care / medical insurance after reform to health care? [U.S.],3156
5804,Paying off student loan or using that money for a downpayment on a house,3157
5805,Deceived by car salesman,3158
5806,Home loan: loss payable clause in favor of lender for home insurance?,3159
5807,Where do I find the exercise price and date for warrants?,3160
5810,"Capital gains loss, can IRS waive the loss?",3161
5811,Why would you use an IFA for choosing a pension fund,3162
5813,Why do they call them “financial products”?,3163
5814,Cost basis allocation question: GM bonds conversion to stock & warrants,3164
5815,"How to calculate money needed for bills, by day",3165
5817,Should an IRA be disclaimed to allow it to be distributed according to a will?,3166
5818,Lowest Interest Options for Short-Term Loan,3167
5820,Will I be liable for taxes if I work for my co. in India for 3 months while I am with my husband in UK,3168
5822,Buying insurance (extended warranty or guarantee) on everyday goods / appliances?,3169
5826,"Buy tires and keep car for 12-36 months, or replace car now?",3170
5828,Calculating required rate of return for an income-generating savings account,3171
5830,Can i short securities in a normal(non-margin) account,3172
5832,Life insurance policy,3173
5834,What happen in this selling call option scenario,3174
5835,Are there any disadvantages to DHA Investment Properties?,3175
5837,How to get a down payment for your next home?  Use current home as the down payment on the new one?,3176
5840,Should retirement fund be equal to amount of money needed for financial independence?,3177
5841,Should I put more money down on one property and pay it off sooner or hold on to the cash?,3178
5842,Why YTM is higher than current yield in discount bond,3179
5843,Calculate Future Value with Recurring Deposits,3180
5845,Is Investments by Bodie just an expanded version of Essentials of Investments?,3181
5849,What headaches will I have switching from Quicken to GnuCash?,3182
5850,"The doctor didn't charge the health insurance in time, am I liable?",3183
5854,How do I calculate the dwelling coverage I need from the information I have?,3184
5855,Analyst estimates for an insurance company,3185
5856,Why are options created?,3186
5857,Buying a House and Taking Part of 20% to move initial payment date forward,3187
5860,"What happens if one brings more than 10,000 USD with them into the US?",3188
5861,Are long-term bonds risky assets?,3189
5865,How could USA defaulting on its public debt influence the stock/bond market?,3190
5866,What is the best way to make a bet that a certain stock will go up in the medium term?,3191
5872,Are capitalization rate and net profit margin the same thing?,3192
5873,"If I have a home loan preapproval letter for x, can the seller know this without me explicitely telling them?",3193
5874,"Unmarried couple buying home, what are the options in our case?",3194
5876,Investment in mutual fund in India for long term goals,3195
5877,Home Renovations are expensive.. Should I only pay cash for them?,3196
5878,What emergencies could justify a highly liquid emergency fund?,3197
5879,Do banks give us interest even for the money that we only had briefly in our account?,3198
5882,Double-entry accounting: how to keep track of mortgage installments as expenses?,3199
5883,Do I pay a zero % loan before another to clear both loans faster?,3200
5884,What are the pros and cons of buying an item on installments with zero percent interest?,3201
5885,How much money should I put on a house?,3202
5889,Should I always pay my credit at the last day possible to maximize my savings interest?,3203
5890,How to build a U.S. credit history as a worker on a visa?,3204
5891,Comparing keeping old car vs. a new car lease,3205
5892,I'm about to be offered equity by my employer. What should I expect?,3206
5894,What does it mean that stocks are “memoryless”?,3207
5895,Building financial independence,3208
5896,Sanity check on choosing the term for a mortgage refinance,3209
5897,How to calculate average drawdown of a trading system?,3210
5900,Long term investment for money,3211
5902,Ways to establish credit history for international student,3212
5904,what are the downsides of rolling credit card debt in this fashion,3213
5905,"For a car loan, how much should I get preapproved for?",3214
5910,Can mortgage insurance replace PMI?,3215
5911,Timing between loans and applying for a new credit card,3216
5912,"Get car loan w/ part time job as student with no credit, no-cosigner but no expenses",3217
5913,What do I need to consider when refinancing one home to pay the down-payment of another?,3218
5914,Tax treatment of renovation costs and mortgage interest on a second house,3219
5915,Rent or buy with 0 down,3220
5918,"Stocks and bonds have yields, but what is a yield?",3221
5923,Do my 401k/Roth accounts benefit from compounding?,3222
5925,The Big Short - shorting vs CDS,3223
5928,Transfer from credit to debit,3224
5930,How come I can't sell short certain stocks? My broker says “no shares are available”,3225
5931,Are there statistics showing percentage of online brokerage customers that are actually making a profit trading forex/futures/options?,3226
5932,Why does a ETN that is supposed to track Crude Oil like UWTI show constant decline every year? And am I an idiot for investing in it?,3227
5933,"Is it better to pay an insurance deductible, or get an upgrade?",3228
5934,"Is it better to buy a computer on my credit card, or on credit from the computer store?",3229
5935,Split buying a house 3 ways. How do I approach this?,3230
5937,"Is it a good idea to get a mortgage when buying a house, for credit reasons?",3231
5938,Stock market order execution,3232
5939,Discount Rate vs. IRR,3233
5943,Why would a company like Apple be buying back its own shares?,3234
5945,Are 'no interest if paid in in x months' credit cards worth it?,3235
5946,Why are stocks having less institutional investors a “good thing”?,3236
5947,What are the usual terms of a “rent with an option to buy” situation?,3237
5948,Harmony Gold Mining Company is listed on the NYSE and JSE at different prices?,3238
5952,What fees should I expect when buying and/or selling a house?,3239
5954,I have made all the payments on a car I cosigned. Do I have to fight for possession of the vehicle?,3240
5956,Do there exist any wikipedia type sites for evaluating financial service providers?,3241
5957,What does the average log-return value of a stock mean?,3242
5958,"What to do with $50,000?",3243
5960,How accurate is Implied Volatility in predicting future moves?,3244
5961,Credit rating in Germany,3245
5962,Is dividend included in EPS,3246
5963,"If I get a bill (e.g. for internet service), is that a debt I owe? If no, what are the practical difference between a bill and a debt?",3247
5965,Can I be building a house with the bank forever?,3248
5966,How much more than my mortgage should I charge for rent?,3249
5968,Which tax year does a bonus fall under?,3250
5969,Issuing bonds at discount - computing effective interest rate,3251
5976,"Do financial advisers in Canada who work at the bank, make investing decisions not in your best interest?",3252
5977,Which is the better strategy for buying stocks monthly?,3253
5982,Why REIT prices are not going down while bonds are being hammered?,3254
5983,Dad paid cash for house and we want to put it in my name,3255
5984,Typical discount for cash purchase on $1+ million homes?,3256
5985,"Consolidate my debt? Higher APR, but what does that actually mean?",3257
5987,“Correct” answer on Visa credit quiz doesn't make sense,3258
5989,How can I help my friend change his saving habits?,3259
5992,Understanding differences between S&P500 index-tracking ETFs,3260
5997,"I've tracked my spending and have created a budget, now what do I do with it?",3261
5999,What's the catch with biweekly mortgage payments?,3262
6000,Name first on car loan can you also be the cosigner,3263
6006,What's The Best Way To Pay Off My Collections?,3264
6008,Rejecting a second hand car from a dealer under UK Consumer Rights Act,3265
6010,What is most time-efficient way to track portfolio asset allocation?,3266
6012,"How to find a good third-party, 401k management/advice service?",3267
6013,Ask FBI permission to withdraw large sums from your checking or savings?,3268
6014,Is there a way to roll over short-term gains and avoid capital gain tax,3269
6015,Can the U.S. government retroactively tax gains made earlier in the fiscal year?,3270
6017,How can I understand why investors think a particular company should have a high PE ratio?,3271
6018,"How to spend more? (AKA, how to avoid being a miser)",3272
6021,How Does A Special Memorandum Account Work,3273
6023,"I can make a budget, but how can I get myself to consistently follow my budget?",3274
6025,"Will I, as a CS student, be allowed to take loans for paying the fees of Ivy Leagues?",3275
6027,"Why can't a US state default, but a EU state can?",3276
6029,"$200k in an IRA, unallocated. What's the safest investment?",3277
6030,Basic Info On Construction Loans,3278
6031,Digital money pots?,3279
6032,Previous owner of my home wants to buy it back but the property's value is less than my loan… what to do?,3280
6034,"Given a certain yearly savings, how much can I spend on a capital improvement? NPV of future cash flow",3281
6037,Can I deduct child's charitable deduction from my taxes?,3282
6038,Looking for advice on rental property,3283
6042,What is the best source of funding to pay off debt?,3284
6043,Does it make sense to buy an index ETF (e.g. S&P 500) when the index is at an all-time high?,3285
6044,Why index funds have different prices?,3286
6045,In which situations is it better to consider a loan instead of paying cash?,3287
6046,Can I pay into a Stocks & Shares LISA as well as a regular S&S ISA?,3288
6049,Credit Card Purchase - 'it is the bank's money no[t] yours' ?,3289
6053,How does a no-limit charge card affect your credit score?,3290
6054,(Theoretical) Paying credit cards with other credit cards,3291
6056,collateralized mortgage obligations,3292
6062,Isn't the subtraction of deprecation and amortization redundant in the calculation of Owner's Earnings?,3293
6064,Starting long-term savings account as a college student,3294
6065,"In Australia, how to battle credit card debt?",3295
6069,Cash or Bonds (UK),3296
6070,car purchase loan versus car collateral loan,3297
6072,How to approach building credit without a credit card,3298
6073,End-of-season car sales?,3299
6075,Do the gain and loss during futures rollover each month will be even out in long run?,3300
6076,Where can I find company filing information in Singapore?,3301
6077,Will having a secondary signee with bad credit on a mortgage raise or lower interest?,3302
6078,Responsible investing - just a marketing trick?,3303
6079,Should I participate in a 401k if there is no company match?,3304
6082,Most common types of financial scams an individual investor should beware of?,3305
6085,Which student loans to pay off first: Stafford or private?,3306
6086,Impact of RMD on credit worthiness,3307
6087,Why do so many NFL (pro football) players have charities?,3308
6093,"How should I be contributing to my 401(k), traditional or Roth?",3309
6099,"23 and on my own, what should I be doing?",3310
6100,Advantages of paying more of your mortgage while you know you won't continue to live there your whole life,3311
6104,How to prepare to purchase a house? (Germany),3312
6108,Car Loan upside down--refinance before selling?,3313
6112,How do you quantify investment risk?,3314
6113,Are there Cashflow Positive Investment Properties in the USA?,3315
6115,How to get the lowest mortgage rate on a new purchase?,3316
6116,How should I distribute my savings?,3317
6119,How do I refinance a car loan into someone else's name so it can be their car?,3318
6123,Why ADP does not accurately withhold state and federal income tax (even if W4 is correct)?,3319
6124,Comparison between buying a stock and selling a naked put,3320
6125,How to improve credit score and borrow money,3321
6128,hardship withdrawal,3322
6129,How is the price of VXX determined?,3323
6134,Should I get a car loan before shopping for a car?,3324
6135,Are stock prices purely (or mostly) only based on human action?,3325
6138,Relocating for first real job out of college?,3326
6139,How do I Fundamentally Analyze this Stock so I may see if the Company is Running Well?,3327
6140,"Should I pay off my mortgage, begin retirement savings, or build my emergency fund?",3328
6141,Is it legal if I'm managing my family's entire wealth?,3329
6144,Shared groceries expenses between roommates to be divided as per specific consumption ratio and attendance,3330
6145,What exactly is a “derivative”?,3331
6147,What is the difference between a bad/bounced check and insufficient funds?,3332
6148,Possible to use balance transfers to avoid interest with major credit cards?,3333
6149,Is it possible to make quarterly returns in hedge funds?,3334
6150,My company didn't pay taxes on my behalf,3335
6151,"How should we prioritize retirement savings, paying down debt, and saving for a house?",3336
6152,Did basically all mutual funds have a significant crash in 2008?,3337
6157,How do you go about buying a house directly from an owner? I.e. no broker involved?,3338
6158,What are the disadvantages to borrowing money for energy conservation measures / solar panels?,3339
6159,Optimize return of dividends based on payout per share,3340
6161,How can I figure out how a stock's price would change after I buy shares?,3341
6166,Who gets the periodic payments when an equity is sold on an repurchase agreement?,3342
6167,Do dividend quotes for U.S. stocks include witheld taxes?,3343
6168,How is your credit score related to credit utilization?,3344
6171,Optimal down payment amount,3345
6176,Disputing Items to Improve Credit Report,3346
6177,Wash Sales and Day Trading,3347
6178,What are the advantages of doing accounting on your personal finances?,3348
6179,Should I pay off my credit card online immediately or wait for the bill?,3349
6180,Why bid and ask do not match the price at which the stock is being traded [duplicate],3350
6181,"In the stock market, why is the “open” price value never the same as previous day's “close”?",3351
6184,How should I pay off my private student loans that have a lot of restrictions?,3352
6186,Lease vs buy car with cash?,3353
6187,P/E multiples for privately held companies?,3354
6190,How do brokers make money from margin accounts?,3355
6194,Legal right to ask for someone bank records UK,3356
6195,Should I use put extra money toward paying off my student loans or investing in an index fund?,3357
6196,Selling a car with a lien,3358
6200,Is there an online service that provides public company information through a public API?,3359
6202,At what point should I go into credit card debt?,3360
6206,"In the USA, does the income tax rate on my wages increase with the amount of money in my bank account?",3361
6207,To sell or to rent the house?,3362
6210,How do I make a small investment in the stock market? What is the minimum investment required?,3363
6211,How are Canada Universal Child Care Benefit (UCCB) & related tax measures changing in 2015?,3364
6214,HELOC vs. Parental Student Loans vs. Second Mortgage?,3365
6215,What is the equation for an inflation adjusted annuity held in perpetuity?,3366
6217,What's a reliable way for a non-permanent resident alien in the USA to get an auto loan?,3367
6218,To use a line of credit or withdraw from savings,3368
6220,Trouble sticking to a budget when using credit cards for day to day transactions?,3369
6225,Should the poor consider investing as a means to becoming rich?,3370
6226,What is the meaning of “short selling” or “going short” a stock?,3371
6227,stock option grant being cancelled because strike price greater than FMV and replaced with a new grant at a higher strike price,3372
6228,How does compounding of annual interest work?,3373
6229,Can zero-coupon bonds go down in price?,3374
6231,"Opening 5 credit cards at once with no history to ruin, is it a good idea?",3375
6233,Should I fund a move by borrowing or selling other property assets?,3376
6234,First time homeowner and getting a mortgage?,3377
6236,Why don't people generally save more of their income?,3378
6238,How to increase my credit score,3379
6240,Does money made by a company on selling its shares show up in Balance sheet,3380
6243,"When filing taxes in Canada, in what cases does box 39 on the T4 get reported as half of box 38?",3381
6244,How do share dilution scams make money?,3382
6245,What are the possible metrics for evaluating annual performance of a portfolio?,3383
6246,Having trouble with APR calculation,3384
6248,Strategy for investing large amount of cash,3385
6253,Should I buy out my brother on a property we will inherit before making improvements?,3386
6255,"After consulting HR Block, are you actually obligated to file your taxes with them, if they've found ways to save you money?",3387
6257,"Evidence for/against negative correlation between commodity futures, stocks",3388
6259,What does it mean when the broker does not have enough shares to short?,3389
6263,"Why are real-term bond yields systematically declining, and what does it mean for investors?",3390
6264,Why is the price of my investment only updated once per day?,3391
6265,Borrowed shares how are they tracked?,3392
6269,Is it possible to eliminate PMI (Personal/Private Mortgage Insurance) on a mortgage before reaching 20% down on principal?,3393
6270,Refinance when going to sell?,3394
6271,Advice for college student: Should I hire a financial adviser or just invest in index funds?,3395
6272,"First Time Home Buyers - Down Payment, PMI and Points",3396
6275,What is a bull put spread?,3397
6276,Does an individual share of a stock have some kind of unique identifier?,3398
6279,Why is there inconsistent returns difference between direct and regular Mutual Funds?,3399
6280,What retirement plans/options should i pick for a relatively unstable career path?,3400
6281,How to Create Personal Balance Sheet and Budget Plan for Several Accounts,3401
6283,What does it mean to long convexity of options?,3402
6286,Why do banks insist on allowing transactions without sufficient funds?,3403
6288,Saving up for an expensive car,3404
6290,What is a good 5-year plan for a college student with $15k in the bank?,3405
6291,Fundamentals of creating a diversified portfolio based on numbers?,3406
6293,Difference between Hedge Fund and Private Equity?,3407
6294,Deposit cash into US bank account,3408
6295,Should I use a credit repair agency?,3409
6296,Calculate time to reach investment goals given starting balance?,3410
6297,Identifying “Dividend Stocks”,3411
6298,How to measure a currencies valuation or devaluation in relevance to itself,3412
6299,What should a 19 year old with a moderate inheritance look for in a financial advisor?,3413
6302,A little advice please…car loan related,3414
6304,Oversimplify it for me: the correct order of investing,3415
6305,How much time does a doctor's office have to collect balance from me?,3416
6306,401k with paltry match or SPY ETF?,3417
6309,Next option(s) after house is not selling on market?,3418
6312,Is there any real purpose in purchasing bonds?,3419
6314,Foreign national currently working in U.S. & investing in 401(k) plan: How will taxes apply?,3420
6316,What are the easier to qualify home loans in Canada?,3421
6319,Making a big purchase over $2500. I have the money to cover it. Should I get a loan or just place it on credit?,3422
6320,Use of free and clear houses as Collateral,3423
6325,Should I open a credit card when I turn 18 just to start a credit score?,3424
6326,Are companies like EquityZen legitimate and useful?,3425
6327,Beginning investment,3426
6328,Saving for a non-necessity,3427
6329,Separated spouse filed for SNAP benefits as single. Does this affect ability to file taxes jointly?,3428
6331,"Do developed country equities have a higher return than emerging market equities, when measured in the latter currency?",3429
6332,Can I negotiate a 0% transaction fee with my credit card company?,3430
6333,"Need exit strategy for aging mother who owns aging rental properties, please",3431
6334,Is it OK to use a credit card on zero-interest to pay some other credit cards with higher-interest?,3432
6337,Is it ok to have multiple life time free credit cards?,3433
6338,Is there a good options strategy that has a fairly low risk?,3434
6339,How can I investigate historical effect of Rebalancing on Return and Standard Deviation?,3435
6340,Is there an advantage to keeping a liquid emergency fund if one also has an untapped line of credit?,3436
6343,How to avoid getting back into debt?,3437
6345,How to find an optimum linear combination of various investments?,3438
6346,Is person-person lending/borrowing protected by law?,3439
6349,What is the best way to get cash from my retirement accounts for a home down payment?,3440
6350,Snowball debt or pay off a large amount?,3441
6353,Does home equity grow with the investment put into the house?,3442
6356,Credit card closed. Effect on credit score (USA),3443
6357,Possibility to buy index funds and individual funds in a Canadian TFSA,3444
6358,Should I pay off my 401k loan or reinvest the funds elsewhere?,3445
6361,How can home buying be considered a sound investment with all of that interest that needs to be paid?,3446
6363,What return are you getting on your money from paying down a mortgage on a rental property?,3447
6364,What exactly do fund managers of index trackers do?,3448
6368,Home sale: No right to terminate?,3449
6375,Didn't apply for credit card but got an application denied letter?,3450
6377,Best way to invest money as a 22 year old?,3451
6378,What are the advantages of a Swiss bank account?,3452
6381,Did my salesman damage my credit? What can I do?,3453
6384,Will I be able to purchase land?,3454
6385,Is candlestick charting an effective trading tool in timing the markets?,3455
6387,What factors make someone buy or sell a stock?,3456
6388,Can someone explain how government bonds work?,3457
6389,How should I handle student loans when leaving University and trying to buy a house?,3458
6390,Would open source credit score formulas be feasible?,3459
6394,Why there's always a very huge volume of trades for AAPL every day before market close?,3460
6397,What is the effect of dividends on the futures price of an index,3461
6399,How is Butterfly Trade Strategy good if the mid Strike price is already past?,3462
6401,How is the time-premium on PUT options calculated,3463
6402,How to calculate how far a shorted stock's price can rise before broker issues a margin call?,3464
6403,How does an index rearrange its major holdings,3465
6405,How an ETF reinvests dividends,3466
6406,Looking at Options Liquidity: what makes some stocks so attractive for options traders?,3467
6407,Is it legal to sell my stock at any specified price to a specified person in US Market?,3468
6411,How often does a stock price change and where is this defined?,3469
6412,I received a share of Apple stock. Now what?,3470
6413,How do dividend reinvestment purchases work?,3471
6415,What is down -34% in stock terms?,3472
6416,Which Earnings Figure for Graham's “Stock Selection for the Defensive Investor”?,3473
6417,U.S. stock sales- tax on sale for NR Canadian,3474
6418,Options profit calculation and cash settlement,3475
6419,Where can I find historical P/E ratios for companies?,3476
6421,GAAP or non-GAAP numbers in nasdaq.com?,3477
6422,Does negative P/E ratio mean stock is weak?,3478
6423,Do stocks give you more control over your finances than mutual funds?,3479
6425,Schwab wants to charge me interest on the money I received for selling TSLA short,3480
6426,What happens to options after a stock split?,3481
6427,How much is one “lot” of EUR/USD?,3482
6428,Algorithmic trading in linux using python,3483
6430,Understanding the symbols next to the Ticker,3484
6431,Does selling mixed-term stocks with a LIFO tax strategy make sense?,3485
6439,"Bid-Ask at market open, which comes first? [duplicate]",3486
6440,Why did Apple instantly become the most volatile stock in the US?,3487
6442,Tools to evaluate REITs,3488
6446,"When following a buy and hold investment strategy, on what conditions should one sell?",3489
6450,"If I have all this stock just sitting there, how can I lend it out to people for short selling?",3490
6451,How to read options prices,3491
6452,What is the effect of a cancelled stock order on a stock and the market?,3492
6455,Who owned my shares before me?,3493
6457,Why would anyone buy a government bond?,3494
6458,Should a retail trader choose a broker with access to dark pools,3495
6459,Stock market transaction cost calculation,3496
6464,Are there any market data providers that provide a query language?,3497
6466,"If I buy a share from myself at a higher price, will that drive the price up so I can sell all my shares the higher price?",3498
6469,What is the meaning of “writing put options”?,3499
6480,How to find SEC filings that are important to stock market,3500
6482,Price/Time priority order matching - limit order starvation,3501
6483,Sale of jointly owned stock,3502
6484,How do 401k handle rate of return,3503
6485,Why are American-style options worth more than European-style options?,3504
6486,"Are spot market ,regular market and ready market same in stock trading if not then what is the difference?",3505
6488,What are the gains from more liquidity in ETF for small investors?,3506
6491,Brief concept about price movement of a particular stock [duplicate],3507
6492,If my put option reaches expiration on etrade and I don't log in to the site will it automatically exercise if it's in the money or be a total loss?,3508
6496,"Options for dummies. Can you explain how puts & calls work, simply?",3509
6497,How can my dad (grandpa) transfer shares to my 2 year old son?,3510
6499,Missing 401(k) dividends,3511
6501,Are these really bond yields?,3512
6503,"Option on an option possible? (Have a LEAP, put to me?)",3513
6506,Conservative ways to save for retirement?,3514
6507,What taxes are assessed on distributions of an inherited IRA?,3515
6508,What part of buying a house would make my net worth go down?,3516
6509,What percentage of my stock portfolio should be international (non-US) stocks?,3517
6510,Stocks that only have 1 really high peak,3518
6511,eurodollar future,3519
6512,How much lump sum investment in stocks would be needed to yield a target stable monthly income?,3520
6513,Shares; are they really only for the rich/investors?,3521
6517,How do I find quality Wind power / renewable energy mutual funds?,3522
6519,Is it true that the price of diamonds is based on a monopoly?,3523
6520,Why is it that stock prices for a company seem to go up after a layoff?,3524
6524,Difference between GOOGL and GOOG,3525
6527,What does F[YY]e mean in reporting,3526
6528,What's the average rate of return for some of the most mainstream index funds?,3527
6529,What is KIRCHSTRASSE on my statement bill?,3528
6530,How should I value personal use television for donation?,3529
6531,Converting bank statements to another currency?,3530
6532,Do buyers of bond ETFs need to pay for accrued interest?,3531
6533,What is the difference between state pension plans and defined contribution plans?,3532
6534,How to find out if I have a savings account already?,3533
6535,What are some good software packages for Technical Analysis?,3534
6536,Can a stock exchange company actually go bust?,3535
6537,Can you sell on the settlement date?,3536
6540,Recovering over-contribution to Social Security between two employers?,3537
6541,What are some pre-tax programs similar to FSA that I can take advantage of?,3538
6542,"Motley fool says you can make $15,978 more per year with Social Security. Is this for real?",3539
6543,Digital envelope system: a modern take,3540
6546,"I have $10,000 sitting in an account making around $1 per month interest, what are some better options?",3541
6548,What happens when they run out of letters?,3542
6549,Is it commonly possible to buy an “Option for a Mortgage at a specific Interest Rate”?,3543
6550,How do I invest and buy/sell stocks?  What does “use a broker” mean?,3544
6551,Total ETF value decreased after underlying stock increased in price,3545
6552,Why is Google's current nasdaq market cap almost twice the current share price * the No. of shares outstanding?,3546
6553,Does FHA goes hand in hand with PMI ?,3547
6555,Is a property that comes with tenants a risk?,3548
6557,Does a SIM only cell phone contract help credit rating?,3549
6558,What scrutiny to expect if making large purchase with physical cash? [duplicate],3550
6561,Can I get a mortgage from a foreign bank?,3551
6563,stock for a particular brand,3552
6564,What taxes does a US citizen doing freelance work (self-employed) in the UK have to pay to the US government?,3553
6565,What is the “substantial difference” that might occur in the google shares? [duplicate],3554
6566,Investing money 101,3555
6567,historical data for analysing pensions,3556
6569,How can I buy these ETFs?,3557
6570,How can I know the minimum due credit card payment and date for an ANZ Visa card?,3558
6572,Germany Tax Question - Non-Resident and not employed in Germany,3559
6573,Interaction between health exchange and under-65 Medicare coverage,3560
6574,How do exchanges match limit orders?,3561
6575,Anyone have experience with Brink's 5% savings account?,3562
6576,"Trading on forex news, Interactive Brokers / IDEALPRO, and slippage",3563
6577,Tracking down forgotten brokerage account,3564
6578,While working overseas my retirement has not gone into a retirement account. Is it going to kill me on the FAFSA?,3565
6579,Does a stock really dip in price on the ex-dividend date? And why would it do this?,3566
6581,ETFs mirroring consistently outperforming companies?,3567
6582,How to calculate P/E ratio for S&P500 sectors,3568
6583,"Can I transfer money from a personal pension to a SIPP, while leaving the original pension open?",3569
6585,How to correctly track a covered call write (sell to open) in double-entry accounting?,3570
6587,What is the purpose of the wash sale rule?,3571
6588,Can PayPal transfer money automatically from my bank account if I link it in PayPal?,3572
6589,Should I Have Received a 1099-G?,3573
6590,bid & ask prices and technical indicators,3574
6591,How can I find ISIN numbers for stock options?,3575
6592,How to protect yourself from fraud when selling on eBay UK,3576
6593,Can you buy gift cards at grocery store to receive a higher reward rate?,3577
6594,Is it inadvisable to leave a Roth IRA to charity upon death?,3578
6595,Building a Taxable Portfolio Properly,3579
6596,What is the ticker symbol of the mini Google stock?,3580
6597,Malaysian real estate: How to know if the market is overheated or in a bubble?,3581
6598,Roth vs. Whole Insurance vs. Cash,3582
6601,Negatives to increased credit card spending limit? [duplicate],3583
6602,Is there a return-on-investment vs risk graph anywhere?,3584
6604,What are my options to deal with Student Loan debt collectors?,3585
6607,What happens to the original funds when a certified bank check is not cashed?,3586
6608,"If I want to take cash from Portugal to the USA, should I exchange my money before leaving or after arriving?",3587
6609,How is the actual trade on exchanges processed for simple stock orders?,3588
6610,"As a parent of a high school student, what should my short-term cash policy be to optimize my college costs?",3589
6615,What happens to class action awards for a stock in an IRA?,3590
6616,Potential phishing scam?,3591
6618,Would cross holding make market capitalization apparently more?,3592
6619,Buying a mortgaged house,3593
6621,How much money are you actually trading with options?,3594
6624,Stock prices using candlesticks,3595
6626,Diversify or keep current stock to increase capital gains,3596
6631,Can I get a dividend “free lunch” by buying a stock just before the ex-dividend date and selling it immediately after? [duplicate],3597
6632,What is S/P in “Tax Deduction S/P”?,3598
6633,How a company in India can misuse my PAN number and its scanned copy that I provided as an interview candidate?,3599
6634,Why won't my retirement account let me write a “covered put”?,3600
6636,Please explain: What exactly is a CDS or “Credit Default Swap”?,3601
6637,What is a negotiable security and how are they related to derivatives?,3602
6639,What does net selling or buying of a stock mean?,3603
6641,Which shareholders cause news-driven whole market stock swings?,3604
6643,What is street-side booking?,3605
6649,In which country can I set up a small company so that I pay a lower rate of corporate tax?,3606
6650,Potential pitfalls of this volume trading strategy,3607
6655,When are equal-weighted index funds / ETFs preferable to market-cap-weighted funds?,3608
6656,What's are the differences between “defined contribution” and “defined benefit” pension plans?,3609
6658,ADR vs Ordinary shares,3610
6661,Can I rollover an “individual retirement annuity” to an IRA?,3611
6663,"Why don't SPY, SPX, and the e-mini s&p 500 track perfectly with each other?",3612
6664,What is the difference between a stop order and a stop limit order?,3613
6665,What rules govern when a new option series is issued?,3614
6666,"Who determines, and how, the composition of the S&P 500 index?",3615
6669,Historical share price at exact day and time,3616
6670,Is selling put options an advisable strategy for a retiree to generate stable income?,3617
6673,Why do investors buy stock that had appreciated?,3618
6677,"Is stock in a company considered a good or a service, or something else?",3619
6678,Can I participate in trading Facebook shares on their IPO day from any brokerage?,3620
6680,Merchant dispute with airline over changed itinerary,3621
6682,Can you explain this options calls & puts quote table to me?,3622
6685,Option Trading / Demo Account,3623
6688,Why is short-selling considered more “advanced” than a simple buy?,3624
6691,Who gets how many shares when an IPO is oversubscribed?,3625
6692,Why do some stocks have a higher margin requirement?,3626
6693,Starter Enterprising Investor,3627
6695,Home office deduction using simplified method & expensing of non-permanent office modification?,3628
6696,Will Short Sale Prevent Me From Getting VA Home Loan Later?,3629
6697,Do other countries have the equivalent of Australia's Negative Gearing?,3630
6698,Can I get my property taxes lowered?,3631
6699,Is it beneficial to convert non-investment real estate to rental if I need to make major repairs? (USA/Missouri),3632
6700,Evidence For/Against Real Estate Investing Vis-a-vis Investing in ETFs,3633
6701,Townhouse or stand-alone house for a first home?,3634
6702,Buying a more expensive house as a tax shelter (larger interest deduction)?,3635
6705,I am moving to a new city. How do I plan and prepare - financially - for the move?,3636
6707,Explain: “3% annual cost of renting is less than the 9% annual cost of owning”,3637
6711,Is my mother eligible for SNAP?,3638
6716,Is there any downside snapping a picture (or scanning a copy) of every check one writes vs. using a duplicate check?,3639
6717,Would I qualify for a USDA loan?,3640
6719,Debit cards as bad as credit cards?,3641
6720,What happens to people without any retirement savings?,3642
6724,"How could I find someone to find a room for me to live in? (For a fee, of course.)",3643
6725,Is laminate flooring an “Improvement” or “Depreciable Property”?,3644
6726,I am looking for software to scan and read receipts,3645
6728,Rental Properties: Is it good or bad that I can't find rental listings on that street?,3646
6729,What to do with old company's 401k? [duplicate],3647
6730,How to use proceeds of old house sale shortly after buying new house?,3648
6731,How are ADRs priced?,3649
6732,Do real nappies (reusable / cloth diapers) really save money?,3650
6733,How can I spend less?,3651
6736,What is the different between one company's two OTCMKTS symbols?,3652
6738,Austrailian tax resident earning salary in the UK - how much tax do I pay on foreign income?,3653
6739,Reinvesting dividends and capital gains,3654
6740,How does my broker (optionsXpress) calculate probabilities that the stock will hit a certain price?,3655
6741,what is a mortgage gift exchange?,3656
6742,How to get started with options investing?,3657
6743,How to protect a Stock you still want to own from a downturn?,3658
6745,What can make a stock price rise without good news or results?,3659
6748,Is there extra risk in owning an ADR vs. the underlying stock?,3660
6749,Why should the P/E ratio of a growth stock match its percentage earnings growth rate?,3661
6750,Can a company block a specific person from buying its stock?,3662
6751,Treatment of donations of appreciated stock to a IRC §501(c)(7) Social Club?,3663
6754,How should I decide whether to buy more shares of a stock when its price drops?,3664
6755,Can compensation income from an employee stock purchase plan be negative?,3665
6756,Gauge the strength of the resistance level of a stock just using EMA,3666
6757,Can someone explain recent AAMRQ stock price behavior to me?,3667
6758,Can I invest in the London stock market when resident on a visa?,3668
6759,What do I need to start trading in the NSE (National Stock Exchange)?,3669
6761,Is the money you get from shorting a stock free to use for going long on other stocks?,3670
6762,Is it possible to buy stock as a gift for a minor without involving the guardians?,3671
6764,Why most of apple stock price since 10years have been gained overnight?,3672
6765,Announcement of rights offering (above market price) causing stock price increase [duplicate],3673
6767,Did the New York Stock Exchange ever close on a weekday so they could file paperwork?,3674
6768,How do I get the latest or even realtime information of institutions stock buy/sell action?,3675
6769,"College student interested in starting a stock portfolio, how much should I invest?",3676
6770,Can company owners use lay offs to prevent restricted stock from vesting before an acquisition?,3677
6773,Periodicity in stock charts,3678
6774,Deal with stock PSEC,3679
6777,Why do stock or commodity prices sometimes rise suddenly just before market close?,3680
6781,How does order matching happen in stock exchanges?,3681
6782,Consequences of buying/selling a large number of shares for a low volume stock?,3682
6783,Stock Exchange price target,3683
6784,New to Stock Trading,3684
6788,"When Employees are “Granted” Stock Options, is the Company encouraging Long-Term investments from them?",3685
6789,How can I calculate the volatility(standard deviation) of a stock price? and/or ROI (return on investment) of a stock?,3686
6790,How is a long call and short stock portfolio equivalent to lending money,3687
6793,List of web sites or online forums for stock picking and security analysis,3688
6794,Do I need to report a capital gain/loss for stock given as a bonus and already taxed?,3689
6797,On what time scales are stock support and resistance levels meaningful?,3690
6798,Do precious metals and mining sector index funds grow as much as the general stock market?,3691
6799,What is the fair value of a stock given the bid and ask prices? Is there such a relationship?,3692
6801,Why did I lose 2 cents more than the difference in the stock prices on my Robinhood trade?,3693
6804,Can I actually get a share of stock issued with a piece of paper anymore?,3694
6806,Would selling significantly below market affect the value of a stock,3695
6808,How to understand adding or removing “liquidity” in stock markets with market/non-market orders?,3696
6809,Saving tax for long term stock investment capital gain by quiting my current job?,3697
6810,Is there a kind of financial advisor for stock investors? How to find a good one?,3698
6812,What is high trading volume in a stock indicative of? Is high liquidity a good thing or a bad thing?,3699
6816,Is it possible that for shares to be reinvested in a stock you already sold?,3700
6817,How can I buy an OTC stock listed in Nasdaq from India?,3701
6822,does one have to keep stock until the dividend payment date to get the dividend? (Record Date vs Payment Date) [duplicate],3702
6823,Do I need to pay taxes in the US as an Alien Resident for my Canadian stock capital gains,3703
6825,Does a stock's price represent current liquidation of all shares?,3704
6828,Can unclear or deceptive company news and updates affect the stock price in the opposite direction of where the company is actually headed?,3705
6831,Why do stock exchanges close at night?,3706
6833,When an in-the-money stock option expires does the broker always execute it or does its value become worthless if the owner doesn't execute it?,3707
6836,Large BUY LIMIT orders' effect on a stock's price,3708
6839,"How it actually works? Selling a call on a stock I hold, but has done poor, might the market thinks may rise",3709
6840,How will a limit order be executed when the stock market opens if there is a large change from the price of the day before?,3710
6843,"Should I sell my stocks when the stock hits a 52-week high in order to “Buy Low, Sell High”?",3711
6844,How do I interpret this analysis from Second Opinion?,3712
6845,What is a 10 Year Treasury Note and How Can it be Used to Calculate the Intrinsic Value of a Stock?,3713
6847,What does Dividend 165% mean in stock market?,3714
6851,Using Marine Traffic (AIS) to make stock picks?,3715
6852,Why do so many people trade a bankrupt company's stock?,3716
6853,Incentive Stock Option (ISO) tax question - more specific this time,3717
6855,Who owns NASDAQ? Does it collect fees from stock transactions?,3718
6856,How will my stock purchase affect my taxes?,3719
6857,Shares in stock exchange and dividend payout relationship,3720
6859,Are stock purchases on NASDAQ trackable to personal information?,3721
6861,Is it possible to trade US stock from Europe ?,3722
6863,Which technical analysis indicators are considered leading stock market indicators?,3723
6865,Why public companies care how their stock price fluctuates? [duplicate],3724
6866,What should I do with my stock options?,3725
6869,How to change stock quantity in KMyMoney investment editor?,3726
6870,When to start investing in the stock market?,3727
6871,Question about stock taxes buy/sell short term,3728
6874,UK Online Stock Tradiing for Beginner and Small Amounts?,3729
6876,What is an “at close order” in the stock market?,3730
6878,Stock options value,3731
6879,Is there a mathematical formula to determine a stock's price at a given time?,3732
6881,"Understanding summary of brokerage account value, cash balance, buying power?",3733
6882,Can I use a different HSA than PayFlex that came with aetna?,3734
6883,Why do people build a stock portfolio if one could get a higher return from bank interest than dividend per annum?,3735
6884,"If I use stock as collateral for a loan and I default, does the bank pay taxes when they sell my stock?",3736
6885,How can the ROE on a stock be more than 100%?,3737
6886,Wash sale rule impact on different scenarios between different types of accounts,3738
6887,Wash sale rule question,3739
6889,Are dividends the only thing linking stocks to corporate performance?,3740
6894,How does a limit order work for a credit spread?,3741
6897,At what percentage drop should you buy to average down,3742
6898,"For an equivalent company security, does it make more sense to trade them in country with dividend tax free?",3743
6900,What exactly is BATS Chi-X Europe?,3744
6902,"What is the options industry changing about option symbols in February, 2010?",3745
6904,"When trading put options, is your total risk decreased if you are in a position to exercise the option?",3746
6905,Options vs Stocks which is more profitable,3747
6906,How many stocks will I own in n years if I reinvest my dividends?,3748
6908,Uni-Select (UNS.TO) Market Cap Incorrect?,3749
6910,Why can Robin Hood offer trading without commissions?,3750
6911,Is there a time limit to cover an open short position? [duplicate],3751
6914,Price movement behaviour before earnings announcements,3752
6915,Whats the difference between a qualified and an unqualified covered call?,3753
6916,Total gain of portfolio including sold stocks?,3754
6917,Can I exercise my put if a company goes bankrupt?,3755
6918,Are leverage/ko products the only reasonable way to trade stocks?,3756
6919,"How does Big Money work? (i.e. stocks, Enron, net worth)",3757
6921,"If an option's price is 100% made up of its intrinsic value, is there a way to guarantee a non-loss while having a chance at a profit?",3758
6927,UK: How to *leave* self select stock and shares ISA (without selling the shares)?,3759
6931,"Using stock markets in Europe, how can I buy commodities / resources, to diversify my portfolio?",3760
6935,Where to find out conversion ratio between General Motors bonds and new GM stock?,3761
6936,Do post-IPO 'insider' stock lockup periods still apply if you separate from the company,3762
6938,Best buying price on stock marketing based on market depth detail (CSE atrad tool),3763
6939,What is the difference between a scrip dividend and a stock split?,3764
6940,Does the bid price of a stock change depending on which brokerage I am using?,3765
6941,How do I manage my portfolio as stock evaluation criteria evolve?,3766
6942,Why would preferred shares have less potential for capital gain compared to common stock?,3767
6943,Can I cover a short sale with the stock I already own?,3768
6944,Stock options: what happens if I leave a company and then an acquisition is finalized?,3769
6945,Howto choose a marketplace while submitting an order for a stock trade,3770
6947,What are the most efficient ways to bet on an individual stock beating the market?,3771
6948,Can I apply prior years' capital losses against my employee stock option exercise?,3772
6949,"Static and Dynamic, Major/Minor Support and Resistance in Stock Trading/Investing",3773
6950,How to Calculate Profit and Loss for trading position?,3774
6951,How to decide on limits when purchasing/selling stocks?,3775
6952,Is there a simple strategy of selling stock over a period of time?,3776
6953,How to calculate stock price (value) based on given values for equity and debt?,3777
6955,What are some important factors to consider before investing in a stock/index fund and why?,3778
6957,Can the purchaser of a stock call option cancel the contract?,3779
6958,For what dates are the NYSE and U.S. stock exchanges typically closed?,3780
6960,Is there a good strategy to invest when two stock companies either merge or acquisition?,3781
6962,"Company A is buying company B, what happens to the stock?",3782
6963,How to calculate how much a large stock position is really worth?,3783
6964,Implications of a Canadian company IPO having a dual TSX/NYSE stock listing?,3784
6966,Perform exercise-and-hold AND exercise-and-sell-to-cover?,3785
6967,Evaluating stocks useless?,3786
6968,"If a company goes private, does it still count as a capital gain/loss?",3787
6969,How can I buy shares of oil? I'm told it's done through ETFs. How's that related to oil prices per barrel?,3788
6970,Exercise ISO or NSO in solo 401k?,3789
6974,Margin Calculations Question,3790
6975,What is Bearish Bar Reversal?,3791
6976,Why is the difference between adjusted close and close price slightly different between each day?,3792
6977,What is the rate of return for a security when there is no risk-free rate (CAPM)?,3793
6980,What is the dividend if yield is 3.04?,3794
6982,How to interpret a big ask size?,3795
6987,Which set of earnings is used to work out the P/E of a stock,3796
6989,Is it possible to allocate pre-tax money to a specific stock?,3797
6990,Can I transfer my Employee Stock Purchase Plan assets to a different broker?,3798
6991,How to reconcile these contradictory statements about the effect of volume on stock price?,3799
6992,How can I make a profit by selling a stock short?,3800
6993,Correct term for describing how “interesting” a stock is to buy,3801
6994,Top 3 things to do before year end for your Stock Portfolio?,3802
6995,Can I use losses from sale of stock to offset capital gains from sale of property,3803
6997,How to map stock ticker symbols to ISIN (International Securities Identification Number)?,3804
6998,How can I calculate total return of stock with partial sale?,3805
7000,Can I fully deduct capital losses against discounted capital gains?,3806
7002,Is dividend taxation priced in derivatives?,3807
7003,How can I find data on delisted stocks?,3808
7004,Can I buy put options on an ADR?,3809
7005,Is there software to buy and sell stocks in real time on very small moves in price?,3810
7006,83(b) and long term capital gain,3811
7008,Wash sales and year end tax implications,3812
7009,Set different trigger and sell price for Trailing Stop Limit,3813
7010,Can a stop loss order be triggered by random price?,3814
7011,How does the Dow Jones Industrial Average (DJIA) divisor change to account for dividends?,3815
7012,I am a small retail investor. Can I invest in the Facebook IPO at the IPO price? [duplicate],3816
7014,How good is Wall Street Survivor for learning about investing?,3817
7015,S&P reports: number of shareholders?,3818
7016,Offsetting capital losses against gains for stocks,3819
7020,Definition of equity,3820
7021,Risk tolerance as I age,3821
7023,how do capital gains work if you don't know the original purchase price?,3822
7024,Should I use regular or adjusted close for backtesting?,3823
7025,Large volume options sell,3824
7026,Why call option price increases with higher volatility,3825
7027,Basic questions about investing in stocks,3826
7028,Reasons for a warrant's intrinsic value and price not adding up?,3827
7029,Can I convert spread option into regular call or put?,3828
7030,What are NSCC illiquid charges?,3829
7033,What happens when a (Internation) Central securities depository goes bankrupt?,3830
7034,Market Close Order,3831
7036,Who puts out buy/sell orders during earnings reports or other scheduled relevant information?,3832
7038,How do you calculate the P/E ratio by industry?,3833
7040,Want to buy above market price?,3834
7041,What does it mean to be “offset against taxable gains”?,3835
7042,Is capturing a loss a unique opportunity?,3836
7044,How to value employee benefits?,3837
7045,Do technical indicators actually work while analyzing stocks? [duplicate],3838
7046,How to use a stop and limit order together?,3839
7047,What is the different between 2 :1 split and 1:1 split,3840
7048,Resources on how to be a short term trader?,3841
7049,Why do shareholders participate in shorting stocks?,3842
7052,Covered call and put options as separate trades,3843
7053,Do I purchase stocks or not?,3844
7054,RSU vested recently,3845
7055,Is there a way I can get bid/ask price data on the NSE in real time?,3846
7056,"If I have 10,000 stocks to sell with 23 B market cap",3847
7058,Using stop-loss as risk management: Is it safe?,3848
7060,Understanding company income statements: What is a good profit margin that would make it worthwhile to invest?,3849
7061,What are some ways to mitigate the risks of covered calls?,3850
7062,What does investment bank risk during IPO?,3851
7063,"Taxes, Puts and the Wash Rule",3852
7064,How does 83b election work when paying fair market value at time of grant?,3853
7065,Does an issue of bonus shares improve shareholder value?,3854
7067,How to calculate 1 share movement,3855
7069,What happens when there are no Limit Orders?,3856
7070,ESPP taxes after relocating from Europe to the United States?,3857
7072,Different ways of looking at P/E Ratio vs EPS,3858
7075,Putting the gordon equation into practice,3859
7076,Correct way to amend tax return as a result of not correctly reporting gains on sale of private stock based on Installment method?,3860
7077,What is the tax rate for selling stocks?,3861
7078,Do my kids need to file a tax return?,3862
7079,Shorting diluting stocks,3863
7081,Short Selling Specific to India,3864
7083,How do day-traders or frequent traders handle their taxes?,3865
7085,Canadian Citizen and Non Resident for tax purposes,3866
7087,"At Vanguard, can I transfer shares from regular investment account to a Roth IRA?",3867
7092,How does a CFD work behind the scenes?,3868
7093,"If I exercise underwater ISOs, can I claim a loss?",3869
7094,Executing a stop loss at the purchase price?,3870
7095,Stocks: do Good Till Cancelled orders get executed during after hours?,3871
7097,How to automate the tracking of ratios and other values for a set of stocks or ETFs?,3872
7102,What name is given to a value such as this?,3873
7103,May I Invest as a non accredited investor?,3874
7104,What does “issued XXX and YYY shares” mean?,3875
7108,Does Robinhood calculate fees and taxes over the total gain/loss or per-transaction?,3876
7111,What can I do to remedy ISA cash/shares transfer latency?,3877
7113,How to deal with activist targeting of individual stocks?,3878
7114,Hdgs to be removed from the S&P/ASX Indices,3879
7115,Definition of “U.S. source” for US non-resident alien capital gains tax,3880
7116,Short or Long Term Capital Gains for Multiple Investments,3881
7117,question about short selling stocks,3882
7118,Market makers role,3883
7120,Choosing which ESPP stocks to sell?,3884
7122,How does conversion of Secured Convertible Notes work?,3885
7123,What are the tax implications of exercising options early?,3886
7126,Death and Capital Gains Taxes (United States),3887
7128,Is owning ADR share for a good idea for long term investor,3888
7130,Buying & Selling Call Options,3889
7131,"Are assets lost in a bankruptcy valued at the time of loss, or according to current value?",3890
7132,"When buying a call option, is the financial stability of the option writer relevant?",3891
7133,How can I get the most value from my employer's ESPP?,3892
7134,How to exercise options when you they're worth more money than you have? [duplicate],3893
7135,Understanding Put Options,3894
7136,US: Basics of taxation of stocks,3895
7137,Why people still look for “naked” short-sellng stocks instead of short selling CFDs,3896
7138,Should I buy stocks of my current employer because of its high dividend yield?,3897
7139,How can I verify that a broker I found online is legitimate?,3898
7140,Wash sale rule + Mutual Funds/ETFs?,3899
7142,Can an ETF perform differently than its holdings?,3900
7143,Ownership in company and rounds of investment,3901
7144,Are stocks always able to be bought and sold at market price?,3902
7146,Vanguard Target Retirement Fund vs. Similar ETF Distribution (w/ REIT),3903
7148,Are wash sale rules different for stocks and ETFs / Mutual Funds?,3904
7149,Capital gains on no-dividend stocks - a theoretical question,3905
7151,Stocks and Bankruptcy,3906
7152,Value of a call option spread,3907
7153,What is insider trading exactly?,3908
7154,Tax Efficiency with Index Investing,3909
7157,Can a put option and call option be exercised for the same stock with different strike prices?,3910
7158,Where can I find a list of all reverse listings on European stock exchanges for a specific period?,3911
7159,What's the benefit of buying shares in a wholly owned subsidiary if you own parent company stock?,3912
7160,What is Fibonacci values?,3913
7162,Should I exclude bonds from our retirement investment portfolio if our time horizon is still long enough?,3914
7163,How can I trade in U.S stock exchange living in India by choosing the broker in U.S?,3915
7164,Where do stock traders get realtime updates on Fed announcements? Is there a feed I could scrape?,3916
7165,Are there any investment strategies which take advantage of an in-the-money option price that incorporates no “time value”?,3917
7167,If I get cash compensation for my stocks (following a merger for example) does that qualify for capital gains tax?,3918
7168,"How does one typically exit (close out) a large, in-the-money long put option position?",3919
7170,What am I actually buying when trading in CFDs,3920
7171,Can I trade more than 4 stocks per week equally split between two brokers without “pattern day trading” problems?,3921
7172,Can written options be exercised against you prior to expiry when they become “in-the-money”?,3922
7173,how can a US citizen buy foreign stocks?,3923
7174,Advantages/disadvantages of buying stocks on dips vs buying outright?,3924
7177,How are long term capital gains taxes calculated?,3925
7179,"If I have $1000 to invest in penny stocks online, should I diversify risk and invest in many of them or should I invest in just in one?",3926
7180,Capital Gains Tax - Does this apply only to the actual “gains” or to the entire amount of my sale?,3927
7183,What are my investment options in Australia?,3928
7185,"When I calculate “internal rate of return (IRR)”, should I include cash balance?",3929
7186,On what quantity the Dividend is given in India?,3930
7190,"Stocks in India, what is the best way to get money to US",3931
7192,How will the after market affect the open of the market tomorrow?,3932
7193,How is a stop order price different from an ask price,3933
7195,"Balance sheet, Net Increase",3934
7196,"Transferred Stocks in 1993, sold 2017 taxes",3935
7197,Does a bid and ask price exist for indices like the S&P500?,3936
7198,What are overnight fees? [duplicate],3937
7199,Why liquidity implies tight spread and low slippage,3938
7201,ETF vs Mutual Fund: How to decide which to use for investing in a popular index?,3939
7204,What is the best way to invest in US stocks from India?,3940
7209,"Purchasing options between the bid and ask prices, or even at the bid price or below?",3941
7210,How do I get rid of worthless penny stocks if there is no volume (so market/limit orders don't work) and my broker won't buy them from me?,3942
7212,What are my risks of early assignment?,3943
7213,Good/Bad idea to have an ETF that encompasses another,3944
7219,Can a retail trader do bid-ask spread scalping through algo-trading?,3945
7220,Settlement of Shares Underlying a Covered Call Option,3946
7222,Is there a list of OTC stocks being added to the major exchanges?,3947
7223,Which forex brokerage should I choose if I want to fund my account with over a million dollars?,3948
7224,What does it mean when someone says “FTSE closed at xxx today”,3949
7225,Bid-ask price Question,3950
7226,Is it legal to not get a 1099-b until March 15?,3951
7228,Market index analysis and techniques,3952
7229,Can a Company which is listed at OTC and TSX considered to be serious?,3953
7231,Asset classes: Is a Guaranteed Investment Certificate (GIC) considered a bond?,3954
7232,Is it a bet on price fluctuations and against the house?,3955
7234,Are there any ETFs that follow the “Dogs of the Dow” allocation?,3956
7235,Oil Price forcasting,3957
7236,Value of put if underlying stays below strike?,3958
7239,How can I find a list of self-select stocks & shares ISA providers?,3959
7240,Related Hedges (How do they work?),3960
7241,Why are taxes on actively managed funds higher than those on index funds?,3961
7242,What is the purpose of a Share owner services?,3962
7244,How does the wash sale rule work in this situation?,3963
7245,Is it worth it to buy TurboTax Premier over Deluxe if I sold investments in a taxable account?,3964
7246,How does an enlarged share base affect share price?,3965
7247,Taxes on foreign and local dividends held in a TFSA,3966
7251,Bond ETFs as a means to achieve risk parity,3967
7252,"Why adjust for inflation annually, as opposed to realising it after the holding period?",3968
7253,Why buy a vertical spread if I could instead buy a naked call?,3969
7255,Does “cash in lieu of dividend” incur any tax consequences in an IRA?,3970
7256,Why would I vote for an increase in the number of authorized shares?,3971
7258,Does dollar cost averaging apply when moving investments between fund families?,3972
7260,Is it possible to dispute a wash sale?,3973
7261,"taxes, ordinary income, and adjusted cost basis for RSUs",3974
7263,Evaluating worth of ESPP (Startup),3975
7264,Dollar-cost averaging: How often should one use it? What criteria to use when choosing stocks to apply it to?,3976
7267,40 year old A and J makes 1M a year. What is the best investment to save on tax?,3977
7268,Buying shares in a company after you quit,3978
7271,Determine share price from S-1 for company that was bought before going public,3979
7272,ESPP cost basis and taxes,3980
7273,How risky is it to keep my emergency fund in stocks?,3981
7277,What does it mean for issuing corporations to “crank out expensive shares when markets are frothy … and issue debt when markets are cheap”?,3982
7280,How are RSU's factored into Income during loan qualification?,3983
7282,Covered Call Writing - What affects the price of the options?,3984
7284,How do I find out the Earnings Per Share of a Coca Cola Co Share?,3985
7286,Stochastic Oscillator for Financial Analysis,3986
7287,Are mutual funds a good choice for a medium to low risk investment with a two year horizon?,3987
7289,What does a contract's worth mean?,3988
7290,How does shorting ETFs work? What are the costs and tax implications?,3989
7292,Should my retirement portfolio imitate my saving portfolio?,3990
7296,How do UK Gilts interest rates and repayments work?,3991
7297,Why are american call options more valuable than european options ONLY if the underlying asset pays cash flows?,3992
7299,When are stop market/limit orders visible on the open market?,3993
7302,How to diversify IRA portfolio given fund minimum investments and IRA contribution limits?,3994
7303,Which type of investments to keep inside RRSP?,3995
7304,How do I track 401k rollovers in Quicken?,3996
7305,Why doesn't a mutual fund in my 401(k) have a ticker symbol?,3997
7306,Looking for suggestions for relatively safe instruments if another crash were to happen,3998
7307,Does Degiro charge per order or per transaction?,3999
7308,"30-year-old saved $30,000: what should I do with it?",4000
7309,Why do passive ETFs require so much trading (and incur costs)?,4001
7310,Buying under my bid price,4002
7312,"Going long vs short, mechanisms involved",4003
7313,What is the standard deviation and mean return of oil?,4004
7314,Is selling only shares you bought with margin on a margin/unsettled cash purchase free ride?,4005
7315,Is there a way to create a limit order with both an upper and lower limit,4006
7316,Ideas for patenting/selling a trading strategy,4007
7317,Feasibility of using long term pattern on short term investments,4008
7318,Technical Analysis: the concepts of overbought / oversold don't make sense,4009
7319,When can we exercice an option?,4010
7320,Capital Gains and Tax Brackets,4011
7321,"In a reverse split, what happens to odd lots?",4012
7322,How do I find a good mutual fund to invest 5K in with a moderately high amount of risk?,4013
7324,Is it easier for brokers to find shares to short in premarket?,4014
7325,Will capital gains affect my tax bracket?,4015
7327,Taking Losses To Save On Tax,4016
7328,"Online resource to get expense ratios for mutual funds, index funds & ETFs?",4017
7330,Understanding about Williams' Alligator Indicator?,4018
7331,Why do stocks gap up after a buyout is announced?,4019
7332,"What are dividends, when are they paid, and how do they affect my position?",4020
7333,Why the need for human brokers while there are computers?,4021
7334,About dividend percentage,4022
7335,Is there a standard for naming stocks exchanges?  Is there a list of abbreviated names?,4023
7336,"Single investment across multiple accounts… good, bad, indifferent?",4024
7337,Shorting versus selling to hedge risk,4025
7338,Is it possible to trade CFD without leverage?,4026
7339,How do share buybacks work?,4027
7340,Exercise a put option when shorting is not possible,4028
7341,Where is my dividend?,4029
7342,What are “trailing 12-month total returns”?,4030
7343,Using Euros to buy and sell NASDAQ stocks,4031
7348,Pros and cons of bond ETF versus traditional bond mutual fund?,4032
7350,Estimating the impact of tax-loss harvesting,4033
7351,How does one interpret financial data for stocks listed on multiple exchanges?,4034
7352,Relationship between liquidity and an efficient market,4035
7353,Can I withdraw unsettled funds?,4036
7354,What is the opposite of a hedge?,4037
7355,At what price are dividends re-invested?,4038
7356,What's the justification for the DJIA being share-price weighted?,4039
7357,What will happen when a bid price is higher than an ask price?,4040
7359,How can foreign investor (residing outside US) invest in US company stocks?,4041
7362,What happens to the put option (longer expiration) of a collar if the call gets assigned?,4042
7363,How splits and dividends affect option prices,4043
7364,On what dates do the U.S. and Canada release their respective federal budgets?,4044
7365,Which is the most liquid market for trading?,4045
7366,"Buying an option in the money, at the money, or out of the money",4046
7369,Are founders of a company paid dividends?,4047
7370,What kind of technical analysis and indicators available for mutual fund navs,4048
7371,How to safely exit a falling security?,4049
7373,Can anyone help me figure out what my monthly take-home salary will be?,4050
7374,Are BID and ASK the minimum and maximum?,4051
7375,Should I sell my stocks to reduce my debt?,4052
7376,Investments - Huge drop in bid price versus last close,4053
7382,DJIA components multipliers,4054
7383,What is the “Short sale circuit breaker rule”?,4055
7384,What are the tax implications of dividends that I receive from stocks (equity) that I hold?,4056
7387,Are limit orders safe?,4057
7388,Is there a “reverse wash sale” rule?,4058
7389,After Hours S&P 500,4059
7390,Is my wash sale being calculated incorrectly?,4060
7392,I'm in the U.S.  What are vehicles to invest in international stocks?,4061
7393,Day trading definition,4062
7394,Bid price… sudden Drop,4063
7395,Why does it take two weeks (from ex-date) for dividends to pay out?,4064
7397,"When a company reports it earnings, when does the SEC EDGAR system show the report online?",4065
7398,How (or is it necessary) to rebalance a 401k with only one index fund?,4066
7399,Can buying REIT's be compared to investing in Real Estate?,4067
7401,Tax treatment of dividends paid on short positions,4068
7402,What does a Dividend “will not be quoted ex” mean?,4069
7404,Get financial reports on Canadian companies,4070
7405,What tax law loophole is Buffet referring to?,4071
7406,"Limits and taxation of receiving gift money, in India, from a friend in Italy?",4072
7408,Is there a legal deadline for when your bank/brokerage has to send your tax forms to you?,4073
7409,Can you recommend some good websites/brokers for buying/selling stocks in India?,4074
7410,Is there a widely recognized bond index?,4075
7411,Does a bond etf drop by the amount of the dividend just like an equity etf,4076
7412,Why exercise ISO/QSO early?,4077
7413,"why would closing price of a stock be different from different sources, and which would you take as the real price?",4078
7414,Calculating profits on a covered call. What method do you use?,4079
7415,Where can I find information on the percentage of volume is contributed by shorts?,4080
7416,How do I log a Canadian NR4 form to my income taxes,4081
7417,"How can I determine if my portfolio's rate of return has been “good”, or not?",4082
7419,How to calculate a mutual fund's yield,4083
7420,Zero volatility stocks in intraday trading in India,4084
7421,Why online brokerages sometimes allow free ETF buying,4085
7422,How can I cash in a small number of delisted US shares? TLAB,4086
7425,A University student wondering if investing in stocks is a good idea?,4087
7426,"In a buy order with a trigger, will I pay the current ask or the buy price in the order?",4088
7427,"Equity - date of offer, or date of joining?",4089
7428,Judge market efficiency from raw price action,4090
7429,How can I find a report of dividend earned in a FY?,4091
7430,Where can I find a good online fundamental data provider for Hong Kong stocks?,4092
7432,Buy Php in Malaysia and sell to Philippines,4093
7433,Question on buying selling and buying again,4094
7434,Do online repositories of publicly traded companies' financial statements exist?,4095
7436,How are proceeds from writing covered calls taxed?,4096
7438,"How are people able to spend more than what they make, without going into debt?",4097
7439,What US taxes are due for US stock bought via ESPP when I was in USA and sold after I returned to India?,4098
7440,"When the market price for a stock is below a tender offer's price, is it free money (riskless) to buy shares & tender them?",4099
7442,"If a company I bought stock in was de-listed but is now listed again under a new symbol, what happened to my shares?",4100
7443,Employer 401K thru Fidelity - Investment options,4101
7444,"After Market Price change, how can I get it at that price?",4102
7447,ADR listed in PINK,4103
7449,What is the best and most optimal way to use margin,4104
7451,Paying Tax on Stocks Trading,4105
7452,401K or Indian CD,4106
7453,Does lender care what I use the money for?,4107
7454,Should I fund retirement with a static asset allocation or an age based glide path?,4108
7455,Can I get a dumbed down explanation of risk measures used for evaluating stocks?,4109
7459,How do credit union loans and dividends vs interest work?,4110
7462,Main source of the shares/stocks data on the web,4111
7466,"Can Form 1040a, Line 10 be left blank if the broker's 1099-Div shows 0?",4112
7468,What is the correct way to report a tender offer fee on my taxes?,4113
7469,Can I contribute to an IRA from investment income?,4114
7472,"If I put dividend-paying stocks in my IRA, where does the dividend go when paid?",4115
7475,Indian resident owning dividend-paying shares in company based in France: Can I save on withholding tax?,4116
7476,Is there any reason to buy shares before/after a split?,4117
7477,"I own ASPIRO shares (Jay Z's new company). Now that it is going private, what about my shares?",4118
7479,How do dividends of the underlying security in a security futures contract affect the security futures price?,4119
7480,"I file 83(b) election, but did't include a copy of it in that year’s tax return",4120
7481,Offsetting the tax on vested RSUs with short term capital loss,4121
7482,"If the put is more expensive than the call, what does it mean",4122
7483,How does a portfolio of long stocks and short futures generate profits,4123
7485,Medium-term money investment in Germany,4124
7486,Stocks and Bonds in Roth IRA vs non-tax-advantaged,4125
7488,Legal documents required for managing an investment portfolio among friends?,4126
7489,Professional investment planning for small net-worth individual in bearish market,4127
7491,Put on a put option,4128
7492,How to read DOJI chart pattern correctly?,4129
7493,If a trendline or pattern breaks due to some bad news but it returns back what to do?,4130
7494,What does a reorganization fee that a company charges get applied to?,4131
7495,"Allocating IRA money, clarification needed",4132
7496,What should I look for when looking for stocks that are 'on-sale'?,4133
7497,How can I invest in US Stocks from outside the US with a credit card instead of a bank account?,4134
7498,How to tell if an option is expensive,4135
7499,Will a stop order get triggered if the floor is hit and trading is halted?,4136
7500,How to record a written put option in double-entry accounting?,4137
7501,Risk and reward of a synthetic option position,4138
7502,How do ETF fees get applied?,4139
7503,Profiting off $0.01 changes in real life?,4140
7504,Why are daily rebalanced inverse/leveraged ETFs bad for long term investing?,4141
7505,A stop order won't be automatically fired in after-hours trading?,4142
7507,List of Investments from safest to riskiest?,4143
7508,Will the popularity of index funds cause a pricing bubble in the stocks that make up an index?,4144
7511,Can I use my long position stocks as margin for my short sold stocks?,4145
7514,Who should pay taxes in my typical case?,4146
7516,Savings account with fixed interest or not?,4147
7521,How to start buying shares with small amount of money?,4148
7522,Why should I trust investment banks' ratings?,4149
7523,Avoiding timing traps with long term index investing,4150
7524,"What to sell when your financial needs change, stocks or bonds?",4151
7525,Buying shares in employer's company during IPO,4152
7527,Usage of a sell stop order,4153
7528,Which kind of investment seems feasible to have more cashflow every week or month?,4154
7530,How much should I save up per trade?,4155
7532,"Finding stocks following performance of certain investor, like BRK.B for Warren Buffet",4156
7536,What percentage of my portfolio should be in individual stocks?,4157
7538,Using P/E Ratio of an ETF to decide on asset mix,4158
7540,Are option contracts subject to mark to market rules,4159
7541,USA H1B Employee - Capital gains in India from selling selling stocks,4160
7542,How can OTC scams affect you?,4161
7543,How to deal with intraday prices conflicting with EOD highs and lows,4162
7545,"Find out the difference between two stocks of the same company (how to identify ADRs, etc)",4163
7546,Why would someone buy a way out-of-the-money call option that's expiring soon?,4164
7548,When would one actually want to use a market order instead of a limit order?,4165
7549,Post tax versus pretax (ESPP versus straight investment),4166
7551,which types of investments should be choosen for 401k at early 20's?,4167
7553,What does an options premium really mean?,4168
7554,How to read a chart after a split?,4169
7555,US tax returns for a resident - No US income and indian shares,4170
7556,Collecting Dividends while insulating volatility through options?,4171
7557,Why doesn't buy at open get the official open price?,4172
7558,What is a call spread and how does it work?,4173
7559,Difference between 'split and redemption' of shares and dividend,4174
7560,Tracking down stocks I own,4175
7561,Ex-dividend date and time zones,4176
7563,"Non US-resident, need to file 83b election TODAY with the IRS - I have an SSN but it says “valid for work only with DHS auth” - is this OK?",4177
7564,"What to do with an expensive, upside-down car loan?",4178
7565,What Happens To Stocks During Hyperinflation,4179
7569,What will happen to my restricted units?,4180
7570,Should I make more conservative investments in my company 401(K) if I'm going to leave the job in a couple of years?,4181
7571,Investing in income stocks for dividends - worth it?,4182
7572,When is an option a certain number of strikes in the money? e.g. “two strikes in”?,4183
7574,Definition of day trading,4184
7576,Is SIPC coverage on cash as strong as FDIC?,4185
7577,What's the connection between P/E ratio and growth?,4186
7578,"Could someone please provide an example of a portfolio similiar to the GFP or Couch potato, but for Australia?",4187
7579,Why would someone want to buy an option on the day of expiry,4188
7580,Other ETFs of world bonds and stocks (Alternatives to VT and BND)?,4189
7581,Tax liability for stocks vested for a H1B visa holder,4190
7582,Implied or historical volatility to calculate theoretical options price with black scholes?,4191
7583,Is there a generally accepted term for fractions of Currency Units?,4192
7584,Is the financial advice my elderly relative received legal/ethical?,4193
7585,What makes an actual share valuable? [duplicate],4194
7586,Investment options in Australia,4195
7588,Newbie question - Brokerage and selling shares,4196
7589,Emulating a 'long straddle' without buying or selling Options?,4197
7593,Fund or ETF that simulates the investment goals of an options “straddle” strategy?,4198
7597,Options “Collar” strategy vs regular Profit/Loss stops,4199
7598,How does the purchase of shares on the secondary market benefit the issuing company?,4200
7599,Put Option Pricing,4201
7600,Why is day trading considered riskier than long-term trading?,4202
7601,Calculating the profit earned from a leveraged futures contract,4203
7602,How do I find the value of British Energy Nuclear Power Notes?,4204
7603,Start Investing - France,4205
7604,Does Vanguard grant admiral shares only on a per-account basis?,4206
7605,"Historic prices for currencies, commodities,",4207
7607,Low risk withdrawal from market. Is there a converse to dollar-cost-averaging?,4208
7608,Is losing money in my 401K normal?,4209
7610,What's a good way to find someone locally to help me with my investments?,4210
7612,Where to park money while saving for a car,4211
7613,How does one determine the width of a candlestick bar?,4212
7614,Is investing in financial markets a gamble?,4213
7615,Investing in dividend-yielding stocks with money borrowed from margin account?,4214
7616,I have a loan with a 6.5% interest rate. Should I divert money into my 401(k) instead of prepaying?,4215
7617,How to decide on split between large/mid/small cap on 401(k) and how often rebalance,4216
7618,How does a preferred share “Annual Concurrent Retraction Privilege” work?,4217
7619,Historical company performance data,4218
7621,Can stockholders choose NOT to elect a board of directors?,4219
7625,Does SIPC protect securities purchased in foreign exchanges?,4220
7626,How to buy stuff (stocks?) in IRA account? What else?,4221
7627,Distribution vs withdrawal for an investment account,4222
7629,Price of a call option,4223
7632,Should I sell my stocks to put a down payment on a house before it becomes a long term investment?,4224
7634,Is there a way to take advantage of nice numbers?,4225
7635,Risk to Reward Ratio Calculation,4226
7636,Are binary options really part of trading?,4227
7639,Trading when you work for a market participant,4228
7640,What happens when a company stops trading? (pink sheets),4229
7641,Do tax-exempt bond fund earnings need to be reported on taxes?,4230
7642,College student lacking investment experience: How to begin investing money?,4231
7643,Are mutual funds safe from defaults?,4232
7644,How does the spread on an orderbook affect shorting?,4233
7645,How long do you have to live somewhere to be a resident for tax purposes?,4234
7646,Should one only pursue a growth investing approach for Roth IRAs,4235
7648,Insider Trading?,4236
7649,Where can I find a definition of psychological barriers with respect to marketable securities?,4237
7651,How best to grow my small amount of money starting at a young age? [duplicate],4238
7655,Can everyday people profit from unexpected world events?,4239
7656,How do I build wealth?,4240
7658,Are RSUs ever taxed as long term capital gains?,4241
7659,Why can't I open multiple sell orders?,4242
7660,trailing stop loss in slow price decline,4243
7661,How will interest rate changes affect my government bonds ETF?,4244
7663,What are the tax implications on selling the Share ISA portfolio?,4245
7666,Where or how can I model historical market purchases,4246
7667,Social Trading Platforms Basically Front Running?,4247
7669,Can we buy and sell stocks without worrying about settlement period,4248
7670,Stocks given by company vest if I quit?,4249
7671,Change In Cash and Cash Equivalents (cash flow) vs Cash And Cash Equivalents (balance sheet),4250
7672,What are the taxes for trading debt/equity in India?,4251
7673,Comparing ETFs following the same index,4252
7675,Can a broker refuse to place my limit-orders?,4253
7676,Is this comparison of a 15-year vs. a 30-year mortgage reasonable?,4254
7679,How do I do double-entry bookkeeping for separately-managed investment accounts?,4255
7682,"Buying shares- Stocks & Shares ISA, or Fund & Share account?",4256
7683,How to convince someone they're too risk averse or conservative with investments?,4257
7685,Where to park money low-risk on interactivebrokers account?,4258
7686,Would betting on fallen (blue chip) stocks be a good strategy?,4259
7687,Pros/cons of replicating a “fund of funds” with its component funds in my IRA?,4260
7688,GAAP for items that you both sell and make?,4261
7689,How can I compare the risk of different investing opportunities?,4262
7691,Hypothetical: can taxes ever cause a net loss on otherwise-profitable stocks?,4263
7692,Does material nonpublic information cover knowledge of unannounced products?,4264
7694,Covered call when stock position is at a loss,4265
7695,Options for Cash only Buyout due to Company Merger,4266
7697,"NYSE vs. Nasdaq - can I tell what exchange a ticker traded on, based solely on the ticker?",4267
7699,"Dollar Cost Averaging (Or value averaging) vs Lot sizes, what am I missing?",4268
7701,What does it mean when Share price and volume sales aren't negatively correlated?,4269
7704,What exactly is the profit and loss of a portfolio?,4270
7706,Determining amount of inflation between two dates,4271
7709,Confirm Dividend Yield,4272
7710,Understanding highly compensated employees within 401ks,4273
7711,Can I profit from anticipating a drop in value?,4274
7713,Is there an investment account where I can owe taxes only if the net of capital gain and dividend payment is positive?,4275
7716,How to handle two K-1 forms from same company?,4276
7717,merging transactions in 8949,4277
7718,Former public employer that we have options in just sold,4278
7719,First 401K portfolio with high expense ratios - which funds to pick? (24yo),4279
7723,"If throwing good money after bad is generally a bad idea, is throwing more money after good Ok?",4280
7726,Source of income: from dividends vs sale of principal or security,4281
7727,Should I sell and rebuy stocks before the end of the year to trigger a gain and offset capital losses?,4282
7730,What is a good rental yield?,4283
7731,Selling stocks as LIFO or FIFO,4284
7733,How to get an ITIN if I don't have passport?,4285
7736,Turning 30 and making the right decision with my savings and purchasing home,4286
7737,What is the market rate of non-cash ISA fund administration fee in UK?,4287
7739,Degiro Stocks & Shares Account for Minor,4288
7740,How to learn about doing technical analysis?  Any suggested programs or tools that teach it?,4289
7741,How can I report pump and dump scams?,4290
7742,Would investing equally in all 30 companies which comprise the DJIA net the same performance as the DJIA?,4291
7743,When to use geometric vs. arithmetic mean? Why is the former better for percentages?,4292
7745,What happens to options if a company is acquired / bought out?,4293
7746,Using GnuCash for accurate cost basis calculation for foreign investments (CAD primary currency),4294
7749,Which field should I use for getting the income yield of this bond ETF?,4295
7750,"What should I do with my $10K windfall, given these options?",4296
7752,FOK order type: can they be market or limit orders?,4297
7753,Large orders and market manipulation,4298
7755,Does VSMAX invest in smaller companies than FSEVX?,4299
7756,Is an ITM option bought/sold to close in addition to being assigned?,4300
7759,"Carry-forward of individual losses, with late-filed past taxes [US]",4301
7760,What is the best strategy for after hours trading?,4302
7762,Does a withdrawal of $10000 for 1st home purchase count against Roth IRA basis?,4303
7764,"Which first time Stocks and Shares ISA for UK, frequent trader UK markets?",4304
7766,Buy the open and set a 1% limit sell order,4305
7767,Clarifications On PFIC Rules,4306
7770,When to use a stop limit order over a stop order,4307
7771,US ISA equivalent for tax exempt investment & savings,4308
7772,How much is an asset producing $X/month is worth?,4309
7773,How does a typical vesting timeline work with respect to employer contributions?,4310
7774,Investing small amounts at regular intervals while minimizing fees?,4311
7776,Is it a bad idea to invest a student loan?,4312
7778,"I have a horrible 401k plan, with high expenses.  Should I stay with it or move my money elsewhere?",4313
7779,Shares - Query about RSI (Relative Strength Index),4314
7780,How does the US Estate Tax affect an Australian with investments domiciled in the US?,4315
7781,Deriving the put-call parity,4316
7782,What happens to a company when it issues preference shares?,4317
7785,Indian equivalent of Vanguard S&P 500,4318
7786,What is the US tax owed when gifting India Shares to my brother?,4319
7789,Mutual fund capital gain on my 1099-DIV : no cost basis?,4320
7790,Is compounding interest on investments a myth?,4321
7791,Do the proceeds from selling an option immediately convert to buying power in a margin account?,4322
7792,What does it mean to invest in potatoes?,4323
7793,Can you sell stocks/commodities for any price you wish (either direct or market)?,4324
7794,What's best investment option? Mutual fund or Property [duplicate],4325
7795,How to bet against IPOs?,4326
7796,Do new automobiles typically release in low numbers?,4327
7797,What price can *I* buy IPO shares for?,4328
7800,"Right account for local purchases, loan EMI, and investments",4329
7802,"Retirement planning 401(k), IRA, pension, student loans",4330
7804,How should I begin investing real money as a student?,4331
7805,Retirement Savings vs. Student Loan payments,4332
7806,What is the best resource for determining a specific age-based asset allocation?,4333
7807,Margin Call Question,4334
7808,Does investing more money into stocks increase chances of profit?,4335
7810,Employer reported ESPP ordinary income on wrong year's W-2,4336
7811,Why I cannot buy at ask price?,4337
7813,Where do expense ratios show up on my statement?,4338
7815,Analyze a security using Benjamin Graham's Defensive Investor Criteria,4339
7817,Can you have a positive return with a balance below cost basis?,4340
7821,Margin account: how to calculate the stock price that might trigger a liquidation of positions?,4341
7822,Short term cutting losses in a long term investment,4342
7825,"How can it be possible that only ~10% of options expire worthless, and only ~10% are exercised?",4343
7827,"Getting a USD cheque, without too many fees, and with a sensible exchange rate?",4344
7828,What is good growth?,4345
7829,Can my accounting for Tax Basis differ from my broker's,4346
7830,Do marketmakers always quote a bid and ask simultaneously,4347
7832,What's so hard about a mutual fund manager pricing their mutual fund?,4348
7833,Early Exercise and 83(b) Election,4349
7835,Help me understand Forex in Interactive Brokers,4350
7836,What do do with traditional IRA if I'm maxing out contributions to employer 401k and want to open a Roth,4351
7837,RSU Tax Implications of 83(b) Election,4352
7840,Against what income are broker fees deducted?,4353
7842,Investment options,4354
7843,Swap hedging a currency hedge,4355
7844,Do I need to be proactive about telling the tax man (HMRC) I earn more than the child benefit threshold?,4356
7846,Does a rescheduled conference call generally mean “something's wrong” with a company?,4357
7849,Should I worry too much about saving my 20% down before buying my first house?,4358
7850,Basic mutual fund investment questions,4359
7851,Should I wait to save up 20% downpayment on a 500k condo?,4360
7854,Is there a sell-side version of dollar-cost averaging?,4361
7855,I want to invest and save for my house downpayment at the same time,4362
7856,Is short selling a good hedging strategy during overzealous market conditions?,4363
7857,"Can I sell my ESPP in a different order than I acquired it, to avoid paying too much tax on profits?",4364
7859,What's a good option for passive income for a college student?,4365
7860,Aggressive Mortgage Repayment,4366
7862,What could be the best tax saving option before a month of financial year end,4367
7863,Calculating profits for a private fund,4368
7865,Dividends - Why the push to reinvest?,4369
7866,Estimated Tax on Unplanned Capital Gains,4370
7868,Starting an investment portfolio,4371
7869,Options revisited: Gold fever,4372
7872,Methods for forecasting price?,4373
7873,Withholding for unexpected Short-Term Capital Gains and Penalties,4374
7877,How does a financial advisor choose debt funds and equity funds for us?,4375
7878,Are stocks suitable for mid term money storage?,4376
7882,How are option contracts enforced?,4377
7883,Can I use stop limit orders on vanguard orders to prevent loss?,4378
7884,How to amend an amended return?,4379
7885,Can I resubmit W8-BEN with W9 form?,4380
7887,Military Separation,4381
7891,Should I change 401k investment options to prepare for rising interest rates?,4382
7894,Calculating a simply complicated return?,4383
7895,"From Facebook's perspective, was the fall in price after IPO actually an indication that it went well?",4384
7896,Why would you sell your bonds?,4385
7897,How much time should be spent on Penny Stocks Trading a day?,4386
7900,How does the futures market affect the stock market?,4387
7903,Is it possible for all the owners of a stock to gain or lose money at the same time?,4388
7904,"Did an additional $32 billion necessarily get invested into Amazon.com stock on October 26th, 2017?",4389
7905,New to options trading and need help understanding an options spread risk graph. What am I missing?,4390
7906,How to maximise savings?,4391
7907,Understanding the synthetic long put option,4392
7909,Will progressively investing with moderate-to-high risk help secure a future?,4393
7910,"How trading in currency pair works, underlying techniques and mechanisms",4394
7917,What does “100% stock dividend” mean?,4395
7918,Small withdrawals from IRA,4396
7921,My Brokerage statement shows “Adjusted due to previous wash sale disallowed loss” what does this mean?,4397
7924,Micro-investing: How to effectively invest frequent small amounts of money in equities?,4398
7927,What does the -V indicate on MKC ticker,4399
7932,What capital gains taxes do I owe on stock sales in India?,4400
7933,Is it a wise decision to sell my ESPP stock based on this situation?,4401
7934,Why might it be a bad idea to invest 100% of your 401(k) into a stock index fund?,4402
7937,Is there a difference between buying few shares of an expensive stock vs many shares of an inexpensive one?,4403
7939,Is it possible to physically own a share certificate in a company?,4404
7940,What can I take from learning that a company's directors are buying or selling shares?,4405
7941,Is my stock gone forever from a reverse split / bought by another company?,4406
7944,Is there any kind of unsecured stock loan?,4407
7952,Are traders 100% responsible for a stock's price changes?,4408
7954,Is the writer of a call ever required to surrender dividends to the call option buyer?,4409
7956,Some stock's prices don't fluctuate widely - Is it an advantages?,4410
7958,Capital Gains Tax with Multiple 'buy' Transactions per Stock (U.S.),4411
7961,Does an index have a currency?,4412
7962,Convention for adding ishares (ETFs) into personal accounts,4413
7966,Is engaging in stocks without researching unwise?,4414
7968,Short-term robots and long-term investors in the stock market,4415
7970,How did this day trader lose so much?,4416
7972,Benefits of Purchasing Company Stock at a Discount,4417
7973,Why companies appear in several stock exchanges?,4418
7977,Taxes on selling stock,4419
7978,Is it wise to sell company stock to pay down a mortgage?,4420
7980,What is the difference between trading and non-trading stock?,4421
7982,"RSU taxation: when am I taxed, and how much?",4422
7985,Why do deep in the money options trade below their intrinsic value?,4423
7987,How should I invest my money as a young graduate in Europe?,4424
7988,How to deal with IRS response of no action to 83(b) election?,4425
7990,Starting a new job. Help me with retirement/debt planning please!,4426
7991,Is it worth having a pension?,4427
7993,Further Understanding of Wash Sale Rules,4428
7994,How can cold-callers know about my general financial status,4429
8000,"What is the best, low risk investment I can make now?",4430
8003,Why would a company have 2 listings on the same exchange?,4431
8004,What could cause a stock to trade below book value?,4432
8006,What if I sell an stock that is going to give an stock dividend after the ex-date but before the payable date,4433
8009,Why and why would/wouldn't a company split their stock?,4434
8011,Calculating Future and Present value into mortgage comparisons,4435
8019,Quote driven and order driven financial markets,4436
8020,Filing taxes on stocks,4437
8022,question about early exercise of a NQSO,4438
8031,How to dollar-cost-average with a large amount of money in a savings account?,4439
8033,Dividend yeild per unit,4440
8035,Intro to Investment options for a Canadian,4441
8036,Is an investor of a startup subjected under a vesting schedule?,4442
8037,How do freight derivatives like Forward Freight Agreements (FFAs) work?,4443
8039,Plan/education for someone desiring to achieve financial independence primarily through investing?,4444
8041,Some U.S. Tax Questions (CPA Concerns),4445
8042,Why would a long-term investor ever chose a Mutual Fund over an ETF?,4446
8048,Can I take money from my employee stock and put it towards another stock?,4447
8051,Stock exchanges open on Saturday,4448
8053,What is the correct way to report incentive stock options (ISO) on federal taxes?,4449
8055,Why have I never seen a stock split?,4450
8056,Why does selling and then rebuying stock not lead to free money?,4451
8061,Buying International Stock,4452
8062,Why is a stock trade flat on large volume?,4453
8063,How to reconcile performance with dividends?,4454
8064,Can you short a stock before the ex-div. date to make a profit?,4455
8067,Investing in the stock market during periods of high inflation,4456
8068,Deciding between Employee Stock Option and Restricted Stock,4457
8069,Where can I buy preferred stocks as opposed to common stocks?,4458
8070,How Is the Price of a Stock Determined? [duplicate],4459
8076,Why is volatility in a positive direction clubbed in the same risk category as volatility in a negative direction?,4460
8078,how stock market sale work?,4461
8080,How much do big firms and investors affect the stock market?,4462
8081,Understanding a Trailing Limit if Touched Order,4463
8084,Where does the stock go in a collapse?,4464
8085,Which type of stock order would I use to sell a stock that hits a price or drops below it?,4465
8086,Company stock listed in multiple exchanges?,4466
8090,Do corporate stock splits negate share repurchase programs?,4467
8091,Can you buy out a pink sheet listed company by purchasing all of the oustanding shares?,4468
8094,"When a stock price goes down, does the money just disappears into thin air?",4469
8099,Execute or trade an options contract?,4470
8103,How long can a company keep the money raised from IPO of its stocks?,4471
8106,Can someone explain a stock's “bid” vs. “ask” price relative to “current” price?,4472
8107,Why would we need a “stop-limit order” for selling?,4473
8108,Is stock in a private corporation taxable?,4474
8111,What does “no adjustments” mean?,4475
8112,Does buying and selling a stock OR holding onto it make a company look better?,4476
8113,What is the buy-hold-sell indication based on?,4477
8114,Does bull/bear market actually make a difference?,4478
8115,What does the term “match the market” mean?,4479
8117,Job Offer - Explain Stock Options [US],4480
8118,Selling put and call Loss Scenario Examples,4481
8124,Best Time to buy a stock in a day,4482
8127,How to know which companies enter the stock market?,4483
8131,Question about car loan payment,4484
8132,How to evaluate growth stocks,4485
8134,What should I do with the stock from my Employee Stock Purchase Plan?,4486
8137,What happens to the insider trade profits?,4487
8139,How does a public company issue new shares without diluting the value held by existing shareholders?,4488
8142,What is an exercise price in regards to restricted stock awards?,4489
8147,"If I sell a stock that I don't have, am I required to buy it before a certain amount of time?",4490
8152,Losing Money with Norbert's Gambit,4491
8156,Am I understanding buying options on stock correctly,4492
8158,How much hassle is it inheriting shares?,4493
8164,What is the smartest thing to do in case of a stock market crash,4494
8172,Should I buy ~$2200 of a hot stock or invest elsewhere?,4495
8177,Stock Trade Transaction Fee - at what point is it worth it,4496
8184,How is unmarketable stock valued for tax purposes?,4497
8185,What is buying pressure?,4498
8195,Distribution rules LLC vs. S-Corp,4499
8196,What is market capitalization? [duplicate],4500
8198,How many warrants do I need to exercise to get a stock?,4501
8201,See list of stock trades for day,4502
8211,How did I end up with a fraction of a share?,4503
8219,How often are preferred shareholders made whole after a company goes bankrupt?,4504
8220,Is 6% too high to trade stocks on margin?,4505
8221,Borrowing share with a covered call for short?,4506
8225,When (if) I should consider cashing in (selling) shares to realize capital gains?,4507
8227,A deferred capital gains tax similar to the real estate 1031 Exchange but for securities reinvestment?,4508
8228,Does the premium of an option of a certain strike price increase at a slower rate from OTM to ITM as gamma affects delta?,4509
8229,How far into the future is a stock future?  How do stock futures work?,4510
8231,How is stock price determined?,4511
8232,What happens if a company I have stock in is bought out?,4512
8235,Why the S&P futures prices are not reflecting the general bullish sentiment of the US stock market,4513
8237,Accounting for splits in a stock price graph,4514
8239,How can I find out which ETFs has holdings in a particular stock?,4515
8245,How to sell option with no volume,4516
8250,Is this trick enough to totally prevent bankrupcy in a case of a crash?,4517
8251,What happens when a stock gets delisted?,4518
8253,What are support and resistance of a stock?,4519
8254,Why ever use a market order?,4520
8256,What are “preferred” stocks? How are they different from normal (common) stocks?,4521
8261,How might trading volume affect future share price?,4522
8263,How to trade at Athens Stock Exchange (ASE),4523
8273,Investment Options for 14-year old?,4524
8276,What happens when the bid and ask are the same?,4525
8290,Is it better to miss the dividend and buy the undervalued stock?,4526
8292,Foolish to place orders before the market opens?,4527
8294,Taking partial capital loss purely for tax purposes,4528
8295,Funneling money from a Traditional IRA to a Roth IRA using Options: Is my method possible and tax legal?,4529
8300,Does wash sale apply if I buy stock on 2 two different dates and sell it later,4530
8303,Stock portfolio value & profit in foreign currency,4531
8304,How does start-up equity end up paying off?,4532
8306,Investing thought experiment,4533
8309,"If I donate depreciated stock to charity, can I deduct both the market value and the capital loss?",4534
8310,"Got a large cash sum, wanna buy stocks. Should I buy all at once, or spread it over time?",4535
8311,How do leveraged ETFs (index tracking) set intraday pricing?,4536
8316,where to get stock price forecast,4537
8317,Stability of a Broker: What if your broker goes bankrupt? Could you lose equity in your account?,4538
8318,What Happens to Bank Stocks If Country Defaults,4539
8321,How do straddles that involve selling options protect against early assignment?,4540
8325,Is foreign stock considered more risky than local stock and why?,4541
8327,Advice for a college student interested in investment opportunities.,4542
8329,Stock spread: wide vs. narrow?,4543
8333,Is Stock Trading legal for a student on F-1 Visa doing CPT in USA?,4544
8341,Wash sales + restricted stock in USA: grant date or vesting date?,4545
8342,"May 6, 2010 stock market decline/plunge: Why did it drop 9% in a few minutes?",4546
8347,Can I buy stocks directly from a public company?,4547
8349,What is the tax liability from an inheritance from a trust and reported on a K-1 form?,4548
8352,What's the difference between stocks and shares?,4549
8354,"If you want to trade an equity that reflects changes in VIX, what is a good proxy for it?",4550
8358,What option-related strategies are better suited to increasing return potential?,4551
8362,How should I report my RSUs in my tax return,4552
8363,Dividend Yield,4553
8365,Mutual Fund with Dividends,4554
8367,Why do more floating shares mean less volatility for the stock?,4555
8375,When does selling (writing) options count for tax purposes?,4556
8380,Break Even On Options Contracts,4557
8381,How much of my capital should I spend on subscribing to a stock research company?,4558
8382,Any advantage to exercising ISO's in company that is not yet public?,4559
8383,What happens if a company you hold short merges with another company?,4560
8388,Does the P/E ratio not apply to bond ETFs?,4561
8393,What does pink-sheet mean related to stocks?,4562
8395,Dealing with event driven market volatility,4563
8396,Tax implications of restricted stock units,4564
8398,How to hedge a long stock position that does not have options,4565
8403,What happens to public shareholders when a public stock goes private?,4566
8414,Are there any caveats to withdrawing funds from brokerage?,4567
8415,Can I donate short-stock to charity?,4568
8416,Online stock screener to find stocks that are negatively correlated to another stock/index?,4569
8418,(United Kingdom) Multiple Stock ISAs?,4570
8422,How risky are penny stocks?,4571
8423,What does “a stock pays a dividend of 3%” mean?,4572
8428,"When writing a covered call, what's the difference between a “net debit” and a “net credit”?",4573
8431,Does an option trading below parity always indicate an arbitrage opportunity?,4574
8432,When do I need to return short stock to the lender,4575
8433,Why are there hidden bids and offers in the US stock market for the more illiquid stocks?,4576
8435,Premium classification when selling covered calls in a traditional IRA?,4577
8437,Who gets the dividend when a stock is bought/sold around the ex-dividend date? [duplicate],4578
8439,Are investor's preference for dividends justified?,4579
8442,How do you get your Canadian stock information?,4580
8444,Am I doing the math for this covered call/long put strategy correctly? What risks do I run with this strategy?,4581
8446,What are the pros and cons of investing in a closed-end fund?,4582
8449,Is it possible to make money off of a private company?,4583
8451,What's the difference between Buy and Sell price on the stock exchange [duplicate],4584
8452,Questrade - What happens if I buy U.S. stock with Canadian money?,4585
8454,Choose online stock trading companies,4586
8461,How much percent of my salary should I use to invest in company stock?,4587
8464,Tracking Gold and Silver (or any other commodity investment) in Quicken 2010?,4588
8466,In what ways is IEX different than a typical dark pool or a typical exchange?,4589
8467,What else besides fees should I consider in rebalancing my fund portfolio's asset allocation?,4590
8468,Optimal balence of 401K and charitable savings,4591
8470,"What ways are there to invest in stocks, options, indexes, etc, and where should one start (what funds)?",4592
8471,Using Loan to Invest - Paying Monthly Installments with Monthly Income,4593
8473,More money towards down payment versus long-term investments,4594
8474,Which mutual funds is Dave Ramsey talking about in The Total Money Makeover? [duplicate],4595
8476,Trading US stocks from India,4596
8480,Why can I see/trade VIX but not S&P/TSX 60 VIX?,4597
8482,Any difficulties in doing deceased relative's taxes?,4598
8485,What percentage of my money should I invest outside my country?,4599
8486,Investing / Options idiot - how can I get out of this position?,4600
8497,Cashing in stocks for house downpayment,4601
8498,What is a decent rate of return for investing in the markets?,4602
8499,Why do stock brokers charge fees,4603
8501,How does the value of an asset (valued in two different currencies) change when the exchange rate changes?,4604
8506,Naked calls and buying the stock later,4605
8514,How to acquire skills required for long-term investing?,4606
8521,Why would people sell a stock below the current price?,4607
8522,Are buyouts always for higher than the market value of a stock?,4608
8524,Where to find detailed information about stock?,4609
8525,"If there's no volume discount, does buying in bulk still make sense?",4610
8529,what is the timezone that yahoo uses for stock information,4611
8530,Common Stock Options Value,4612
8531,Does FIFO cost basis applies across multiple accounts?,4613
8535,why do energy stocks trade at lower prices compared to other sectors?,4614
8536,Is it better to use DRIP or invest when stock drops before ex-date?,4615
8543,How do stocks like INL (traded in Frankfurt) work?,4616
8546,What to do with your savings in Japan,4617
8549,How to explain quick price changes early in the morning,4618
8552,What happens to internal stock when a company goes public?,4619
8553,"A stock just dropped 8% in minutes and now all of a sudden the only way to buy is on the ask, what does this mean?",4620
8554,"What is my next step with investing, given a signing bonus of restricted stock units?",4621
8556,Why is Insider Trading Illegal?,4622
8559,How does a dividend announcement affect a option straddle position,4623
8561,Buy stock in Canadian dollars or US?,4624
8562,How can I invest my $100?,4625
8563,Historically how do share prices perform after mass selling after an employee reward scheme?,4626
8565,BATS/Chi-X Europe Smart Order routing,4627
8566,"Diversification reduces risk, but does this base on the assumption that expected return of each asset is always in proportion to its risk?",4628
8568,Will I receive a 1099-B if I bought stocks but didn't sell?,4629
8570,Analysis of Valuation-Informed Indexing?,4630
8571,Can a dividend reinvestment plan (DRIP) and share purchase plan (SPP) be used with a TFSA?,4631
8573,How does a stock operate when it is listed between two exchanges?,4632
8574,why would someone buy or sell just a few shares in stocks,4633
8577,Is there a government-mandated resource that lists the shareholders of a public company?,4634
8580,What does volume and huge daily price increases say about stock prices?,4635
8585,Auto balancing portfolio through new purchases,4636
8587,Is Peter Lynch talking about the Dividend Adjusted PEG Ratio in this quote?,4637
8593,How can I calculate how much an option would be worth after X days if the underlying stock changed by +/- $Y?,4638
8595,Can I buy stock of a company that just IPO,4639
8598,Why did my number of shares of stock decrease?,4640
8599,Why is the stock market closed on the weekend?,4641
8602,How a company can afford to give away so many shares as part of its ESOP,4642
8605,"Does it make any sense to have individual stocks, bonds, preferred shares",4643
8608,What happens to unvested RSUs when a public company is bought out by private firm?,4644
8610,How do I invest in the S&P 500?,4645
8615,Why don't forced buy-ins of short sold stock happen much more frequently?,4646
8616,How converted stock is taxed due to an acquisition,4647
8617,Little hazy on how the entire RSU's and etrade works,4648
8619,Buying and selling the same stock,4649
8622,Class of shares specifically for retirement accounts with contribution limits,4650
8628,Can I use same stock broker to buy stocks from different stock markets?,4651
8630,Why does a stock price drop as soon an I purchase several thousand shares at market price?,4652
8638,Why are some long term investors so concerned about their entry price?,4653
8640,"When looking at a mutual fund, how can you tell if it is a traditional fund or an ETF?",4654
8642,How exactly is implied volatility assigned to an option's strike price?,4655
8643,How do the returns generated via Equity/Debt investment differ from the returns from a Mutual Fund based on Equity/Debt?,4656
8644,Options price vs implied volatility - who drives who?,4657
8656,Wells Fargo Brokerage has no shares of stock to short,4658
8662,Vanguard Mutual Funds — Diversification vs Share Class,4659
8663,Why can it be a bad idea to buy stocks after hours?,4660
8669,Where can I buy European-style options?,4661
8670,Investing for Dummys,4662
8671,P/E (or similar) for index funds?,4663
8677,Data source for historical intra-day bid/ask price data for stocks?,4664
8679,Is CLM a stock or an ETF?,4665
8680,What to do with small dividends in brokerage account?,4666
8681,Do the nasdaq small cap stocks or penny stocks get promoted?,4667
8685,Where can you find historical PEs of US indices?,4668
8687,How can IV give an indication of the markets opinion about a stock when there's no such thing as IV for a stock?,4669
8691,How are long-term/short-term capital gains tax calculated on restricted stock?,4670
8693,How much money do I need to have saved up for retirement?,4671
8699,Research for Info,4672
8704,"Options on the E-mini S&P 500 Futures at the CME: when were EW3, the weekly Monday options and the weekly Wednesday options introduced?",4673
8712,How would one follow the “smart money” when people use that term?,4674
8717,Selecting between investment vehicles for income,4675
8722,What kind of symbol can be shorted?,4676
8724,Why would a stock opening price differ from the offering price?,4677
8726,How does the process of “assignment” work for in-the-money Options?,4678
8728,How does selling rights issues work in practice?,4679
8731,How will the net assets of a bankrupt company be divided among the common share holders,4680
8732,Long term drip (dividend reinvestment plan) stock,4681
8737,Should I pay my Education Loan or Put it in the Stock Market?,4682
8738,"When to convert employee shares in an RRSP into cash, even if there is a penalty?",4683
8739,Buy securities at another stock exchange,4684
8746,"How to execute a large stock purchase, relative to the order book?",4685
8747,"Why does Warren Buffett say his fund performance, relatively, is likely to be better in a bear market than in a bull market?",4686
8748,What drives the stock of bankrupt companies?,4687
8749,How can you sell stocks if you do not have any?,4688
8750,Why can't I short a particular stock?,4689
8751,Why would a mutual fund plummet on the same day it pays its annual distribution & capital gains? [duplicate],4690
8752,What to do with a 50K inheritance [duplicate],4691
8756,What is the principle of forming an arbitrage strategy?,4692
8759,"As co-founder, does Steve Jobs still own enough Apple shares to control Apple Inc.?",4693
8760,Can warrants to buy stock contain conditions or stipulations other than price?,4694
8761,What happens to an ETF if one of the companies in the ETF gets aquired?,4695
8763,How an ETF pays dividend to shareholders if a holding company issues dividend,4696
8767,How meaningful is the “stock price” of a stock?,4697
8768,Can I exchange rental property for REIT stock with 1031?,4698
8770,Consequences of not closing an open short sell position?,4699
8771,Non Qualifying Stock Option offered by employer,4700
8781,What makes a stock get 40 times avg daily volume without any news?,4701
8786,How to reconcile final payment on installment sale for IRS form 6252?,4702
8792,Why do requirements after a margin call vary?,4703
8801,How do you find out who the investors are in a U.S. stock? e.g. how ownership may be concentrated?,4704
8802,Who receives the money when one company buys another?,4705
8804,How to calculate how far a stock price can drop before a broker would issue a margin call?,4706
8805,Minor stakes bought at a premium & valuation for target company,4707
8806,Do you pay taxes on stock gains that are just returning to their original purchase price?,4708
8807,how do I calculate rate of return on call options that are spread,4709
8809,Is stock trading based more on luck than poker playing?,4710
8810,What is the opposite of a sunk cost? A “sunk gain”?,4711
8812,Accepted indicators for stock market valuation,4712
8815,"If you own 1% of a company's stock, are you entitled to 1% of its assets?",4713
8819,Is there strategy to qualify stock options with near expiry date for long term capital gain tax?,4714
8820,How does the person lending shares to the short selller protect themselves if the short sellers are correct?,4715
8822,Where to invest proceeds from home sale to be used to buy new house within five years?,4716
8828,How do I handle fund minimums as a beginning investor?,4717
8833,How To Interpret Share Prices?,4718
8837,"I am Brasilian resident, how to buy shares on NYSE?",4719
8838,Official site to follow Warren Buffet's Berkshire Hathaway change in investment holdings?,4720
8844,Why don't companies underestimate their earnings to make quarterly reports look better?,4721
8848,Effect of company issued options on share price,4722
8851,What causes discontinuities with stock prices,4723
8852,How much is my position worth after 5-1 stock split?,4724
8854,Restricted Stock Grants - How to prepare tax return when you sell to cover taxes,4725
8856,"Extra cash - go towards mortgage, or stock?",4726
8857,Is it prudent to sell a stock on a 40% rise in 2 months,4727
8858,Dividends and tax withholding for ETF vs Mutual Fund for U.S. Non-Resident Alien?,4728
8862,How credible is Stansberry's video “End of America”?,4729
8863,How can I figure out when I'll be able to write call options of a stock?,4730
8864,How do I find an ideal single fund to invest all my money in?,4731
8867,What are some of the key identifiers/characters of an undervalued stock?,4732
8869,How much does the volatility change for a 1$ move in the underlying,4733
8870,ETF holding shares in itself,4734
8871,historical stock data starting from 1900,4735
8873,If a stock has only buyers and no sellers how does its price go up?,4736
8881,What is a good investment vehicle for introducing kids to investing?,4737
8885,How would I prove my claim in a class action settlement on a “stock misconduct” case when I shorted the stock?,4738
8886,Is it possible to sell a stock at a higher value than the market price?,4739
8893,Beginner dividend investor - first steps,4740
8894,Any Experience with the Gone Fishin' Portfolio?,4741
8895,Why does the biotechnology industry have such a high PE ratio?,4742
8896,Should I sell when my stocks are growing?,4743
8899,What does it really mean to buy a share?,4744
8900,Should I set a stop loss for long term investments?,4745
8902,Discussing stock and stock index movement: clarifying percentage vs. points?,4746
8904,How is options implied volatility for a stock determined?,4747
8915,Recommendation on Options Back Testing tool please,4748
8919,Variable Annuity inside a Roth IRA? What is this and how can I switch it to something else?,4749
8920,Is investing into real estate a good move for a risk-averse person at the moment,4750
8921,Are there capital gains taxes or dividend taxes if I invest in the U.S. stock market from outside of the country?,4751
8922,What are the scenarios if mining company around 4c decides to halt stock trading due to capital raising?,4752
8925,Low Fee Income Generating Investments for a Trust,4753
8929,Best ISA alternative,4754
8931,"The spread goes to the market maker, is the market maker the exchange?",4755
8933,Would an ESOP issue physical shares or stock options (call options) to participating employees?,4756
8935,Is it better to buy US stocks on US stock exchanges as a European?,4757
8936,How to use stocks certificate as a gift to a teenager?,4758
8938,Investing in stocks with gross income (not yet taxed) cash from contract work?,4759
8939,Wash sale rules between tax advantaged and regular accounts,4760
8940,TD Webbroker.ca did not execute my limit sell order even though my stock went .02 over limit,4761
8941,Price Earnings Ratio,4762
8942,How did my number of shares get reduced?,4763
8949,What is the difference between FINRA share volume and NASDAQ share volume?,4764
8952,What risk of a diversified portfolio can be specifically offset by options?,4765
8954,Can a buy market order be matched with a sell market order in Forex trading?,4766
8955,"Can institutional, quant, or other professional traders “prey on” (make money from) retail investors?",4767
8960,How can put options be used to buy shares at a lower price?,4768
8961,super confused about bid and ask size. help,4769
8975,Comparing IRA vs 401K's rate-of-return with dollar cost averaging,4770
8976,Is Cash Value Life Insurance (“whole life” insurance) a good idea for my future?,4771
8978,When are investments taxed?,4772
8980,Is there any evidence that “growth”-style indexes and growth ETFs outperform their respective base indexes?,4773
8985,How are Share Awards and Sales Treated?,4774
8992,Is gold subject to inflation? [duplicate],4775
8995,"Option Theta: What conditions are needed for Theta > P/N, where P = option price, and N = days to expiration?",4776
8997,"As a young adult, what can I be doing with my excess income?",4777
9003,Protecting Gains: Buying a Put vs. Leveraged Bear Market vs. Liquidating Long Positions?,4778
9006,Why would a company with a bad balance sheet be paying dividends?,4779
9016,What makes a Company's Stock prices go up or down?,4780
9017,Why is RSU tax basis based on remaining shares after shares are witheld?,4781
9020,Price graphs: why not percent change?,4782
9021,Anticipating being offered stock options in a privately held company upon employment. What questions should I ask?,4783
9023,Stock trading after a crash,4784
9026,How to split stock earnings?,4785
9031,What causes a stock to drop in price?,4786
9033,"Does a disciplined stock investor stick with their original sell strategy, or stay in and make more?",4787
9040,Covered calls: How to handle this trade?,4788
9049,Does an owner of a bond etf get an income even if he sells before the day of distribution?,4789
9053,How do top investors pull out 20% ROI?,4790
9059,What's the appeal of dividends in investing? [duplicate],4791
9061,What is a stock split (reverse split)?,4792
9064,"Why is the dominant investing advice for individuals to use mutual funds, exchanged traded funds (ETFs), etc",4793
9066,Trading: who takes the money from CAC 40 Or DAX,4794
9068,"Can anybody explain “cut their exposure to equities” and “fat and flat range” for me, please?",4795
9073,Stock Exchange in US,4796
9077,Retirement savings vs building lucrative assets,4797
9084,meaning of qualifying/disqualifying distribution as separate from capital gains implications,4798
9087,Where to find Vanguard Index Funds?,4799
9089,When to sell stock losers,4800
9090,Table of how many years it takes to make a specified return on the stock market?,4801
9097,Why do some expiration dates have more open interest for options?,4802
9099,Stock not available at home country nor at their local market - where should I buy it,4803
9101,How to sell a worthless option,4804
9102,What is the probabiltiy of being assigned if the call expires in the money,4805
9105,What kind of trade is this?,4806
9111,How can I find hotel properties to buy other than using Google?,4807
9112,Need to change cash to cashier's check without bank account (Just arrived to the US),4808
9116,How to invest in stocks without using an intermediary like a broker? Can shares be bought direct?,4809
9117,what is this type of stock trade?,4810
9122,Annualized Rate of Return on Stock Purchased in Tranches,4811
9125,Why divide by ask rate to get the spread?,4812
9127,How can I stop wasting food?,4813
9132,Does 83(b) cause a tax liability when exchanging startup stock for public stock?,4814
9133,Stock Certificate In two names,4815
9137,200K 10-Year Investment Safest 5% Annual Return?,4816
9138,Can I open a Demat account in India from abroad?,4817
9139,Are Certificates of Deposit worth it compared to investing in the stock market?,4818
9141,Risk of buying stock,4819
9142,Buying back a covered Call,4820
9144,Can paying down a mortgage be considered an “investment”?,4821
9145,Retirement & asset allocation of $30K for 30 year old single guy,4822
9149,Will ADR holder be taxed twice,4823
9157,How much power does a CEO have over a public company?,4824
9159,“No taxes to be paid with owning Berkshire”,4825
9160,I am an American citizen but have never lived in the US. Do I need to fill a W8-BEN or a W-9?,4826
9161,Common practice for start/end date of balance sheet,4827
9169,what's the difference between money raised in an ipo and its valuation?,4828
9170,How to calculate cost basis for stock bought before a company spinoff? (USA),4829
9171,Purchase same stock twice,4830
9172,How do I screen for stocks that are near to their 52 weeks low,4831
9173,Index fund that tracks gold and other commodities,4832
9175,Shareholder in US based company,4833
9179,How can I find the historical stock price for a specific stock on a specific date?,4834
9180,Clarification on options jargon regarding spreads,4835
9184,What is the cheapest way to move money from the United States to Canada? [duplicate],4836
9186,Can I buy only 4 shares of a company?,4837
9201,What is an “International Equity”?,4838
9203,Are underlying assets supposed to be sold/bought immediately after being bought/sold in call/put option?,4839
9206,What happens to my position if I hold some stocks of a company that gets acquired?,4840
9210,Is U.S estate tax applicable to joint brokerage account of non-US citizens if one party dies?,4841
9212,Does a stock holder profit from a reverse-stock split?,4842
9213,What is a bond fund?,4843
9216,International (ex-US) ETFs with low exposure to financial sector?,4844
9218,Explanation on Warren Buffett's famous quote,4845
9220,Difference between full and mini futures contract,4846
9221,Any sane way to invest in both funds and stocks with UK ISA?,4847
9222,"If I short-sell a dividend-paying stock, do I have to pay the dividend?",4848
9229,Why is a “long put” called long if you have a higher net position if the price decreases?,4849
9232,Where can I get a list of all Stocks that were acquired or went bankrupt,4850
9233,"How do I calculate what percentage of my portfolio is large-, mid- or small- cap?",4851
9241,Can I invest in gold through Vanguard (Or another instrument that should perform well in financial crisis)?,4852
9244,"Married, 55, grown kids: Should I buy life insurance, or invest in stocks? The ultimate decision",4853
9246,Funding an ira or roth ira,4854
9248,Why is silver so volatile compared to the S&P 500?,4855
9250,How can an Indian citizen get exposure to global markets?,4856
9251,Using stock options to lower income tax in the USA?,4857
9257,What is the maximum I can have stored in a traditional 401(k) and a Roth 401(k)?,4858
9259,Which USA Brokerage Firms can I transfer my India stocks to?,4859
9260,Can I withdraw cash from selling investments before the settlement date?,4860
9264,How can you correlate a company stock's performance with overall market performance?,4861
9265,What kind of traditional IRA should I use to hold funds from old employer 401K plans?,4862
9267,What is a good price to “Roll” a Covered Call?,4863
9269,What should I do about proxy statements?,4864
9271,What is the maximum number of options I can buy if the price is $0.01?,4865
9272,Why does a company's stock price affect its ability to raise debt?,4866
9274,Why is the number of issued shares less than the number of outstanding shares,4867
9278,How can I generate $250/month every month from $4000 that I have?,4868
9279,How to invest in Japan's stock market from the UK,4869
9280,What happened to GOOG-stock? Why isn't it 1.000 USD?,4870
9281,"Can an ETF, open at a price other than what the pre-market was at?",4871
9283,How to find out the amount of preferred stock of Coca Cola Company?,4872
9285,Just getting started and not sure where to go from here,4873
9290,Tax benefits to buying stocks on Dec 31 vs. one day later?,4874
9293,Is there any algorithm to calculate highest possible return on stock market?,4875
9294,Why are stop order called “stop” when it is in fact a “start” condition?,4876
9295,Is unrealized gain part of asset?,4877
9300,Can I buy IPO stock during the pre-market trading on the day of IPO?,4878
9302,How expensive is it to keep minimal cash at a brokerage?,4879
9304,Inherited Stock,4880
9306,Stock Option Value correlated to net worth of company,4881
9312,How to file income tax returns for profits from ESPP stock?,4882
9316,Why do non-electronic stock exchanges (with floor traders) still exist?,4883
9317,"How do I begin investment saving, rather than just saving in a bank account?",4884
9318,Where Can The Fully Diluted Outstanding Shares Of A Company Be Found?,4885
9321,Long term investing alternative to mutual funds,4886
9323,Is there a “standard deduction” for Line 5 on Schedule A of Federal taxes?,4887
9324,Multiple mortgage pre-approvals and effects on credit score,4888
9326,Changes in Capital Gains Tax in the US - Going to 20% in 2011?,4889
9327,Getting started in stock with one special field of activity,4890
9337,What is the minimum lot size (number of shares) for the London Stock Exchange?,4891
9341,Mutual Funds Definition and Role,4892
9345,Formula for estimating amount needed to become full-time stock market investor,4893
9349,Why do people buy stocks at higher price in merger?,4894
9358,Whether to prepay mortgage or invest in stocks,4895
9359,How should I think about stock dividends?,4896
9362,Why some things are traded in an exchange while others are traded OTC,4897
9366,How does the U.S. wash sale replacement stock rule work?,4898
9367,Is there any benefit to investing in an index fund?,4899
9371,Do I just let an options conversion/reversal trade go to expiration?,4900
9373,How does a company select a particular price for its shares?,4901
9378,What does it mean if a company pays a quarterly dividend? How much would I get quarterly?,4902
9384,What laws/regulations are there regardings gifts in the form of large sums of money?,4903
9393,Best starting options to invest for retirement without a 401k,4904
9397,Calculating return on a series of stock positions with multiple uneven transactions,4905
9399,ESPP (Employee Stock Purchase Plan) Funds on Mortgage Loan Application,4906
9401,Placing limit order and stop loss on same stock at same time,4907
9402,Buying USA Stocks from Sri Lanka,4908
9410,What's the difference between shares outstanding and regular shares?,4909
9418,Is an open-sourced World Stock Index a pipe-dream?,4910
9421,What is a “Subscription Rights Offering” of a stock one owns?,4911
9424,"Should I invest $35,000 for 3-5 months? [duplicate]",4912
9427,Net money invested in Stock indexes ended up in red,4913
9428,Can two or more people own 1 stock in the US?,4914
9429,ETF S&P 500 with Reinvested Dividend,4915
9432,investing - where to trade online? (Greek citizen),4916
9434,How could strike price for new shares be higher than the market price,4917
9437,How does a stake sale affect a company's stock price?,4918
9440,"Taxes: Sold House this Year, Buying Next Year",4919
9442,Would it be considered appropriate to use a market order for my very first stock trade?,4920
9443,Determining the basis for capital gain [duplicate],4921
9445,When is the best time to put a large amount of assets in the stock market?,4922
9446,Looking for a stock market simulation that's as close to the real thing as possible,4923
9453,What does it mean for a company to have its market cap larger than the market size?,4924
9454,selling apple stock limit order,4925
9456,What happens to an options contract during an all stock acquisition?,4926
9457,How to invest Rs.10k in India,4927
9458,Sell Stock using Limit,4928
9459,Will I get a tax form for sale of direct purchased stock (US)?,4929
9460,Finding Uncorrelated Assets,4930
9464,Simple and safe way to manage a lot of cash,4931
9467,Low risk hybrid investment strategy,4932
9469,Why is it important to research a stock before buying it?,4933
9471,Foreign currency losing value — can I report this as a loss for tax purposes?,4934
9475,How should I deal with my long term gain this year?,4935
9478,Option spreads in registered accounts,4936
9482,Do Options take Dividend into account?,4937
9484,What types of ETFs are taxed differently by the IRS?,4938
9485,Equity As Part of Compensation,4939
9486,Does owning BP ADR from US stock market required to pay custody fees,4940
9489,"If I put in a limit order for the same price and size as someone else, which order goes through?",4941
9491,Buying an ETF vs. The explicit Index,4942
9493,Why would you not want to rollover a previous employer's 401(k) when changing jobs?,4943
9496,How to trade fundamentally good stocks over the short to medium term?,4944
9498,Meaning of “readily transferable”?,4945
9500,"Mutual fund invests in mostly the same stuff as ETF, but has much higher expense ratio? (biotech sector)",4946
9501,"If NYSE has market makers, what is the role of NYSE ARCA which is an ECN",4947
9505,What does it mean to be a “high fee” or “low fee” 401k?,4948
9515,What investments work for these goals?,4949
9517,What strike to choose if I want to sell weekly calls against a long LEAP put,4950
9518,Why the volume disparity between NUGT and DUST?,4951
9522,"Should I take out a bigger mortgage, or pay a greater cash deposit?",4952
9525,Does anyone know what Bank of NY Mellon's EB DLs are?,4953
9528,Suitable Vanguard funds for a short-term goal (1-2 years),4954
9534,What's wrong with this margin calculation?,4955
9535,Short term investing vs Leaving money alone?,4956
9536,Looking into investment bonds for the first time- what do I need to be aware of?,4957
9547,How should I calculate the opportunity cost of using a 401(k) loan?,4958
9552,How to calculate the rate of return on selling a stock?,4959
9554,"How could a company survive just on operations cash flow, i.e. no earnings?",4960
9555,Where do I invest my Roth IRA besides stock market and mutual funds?,4961
9567,Compute average price even if I do not have the prices before,4962
9568,Is 'days to cover' a useful metric in identifying the potential for a short squeeze?,4963
9570,Why trade futures if you have options,4964
9571,How are unmarketable market orders (other side of the order book is empty) matched with incoming orders? [duplicate],4965
9574,Can one use dollar cost averaging to make money with something highly volatile?,4966
9575,Does Technical Analysis work or is it just a pointless attempt to “time the market”?,4967
9578,What is the process of getting your first share?,4968
9579,Why Demat/Stock Market Brokers don't support Credit Card Payin,4969
9589,Tax relief on UK salary income,4970
9590,"Pension or Property: Should I invest in more properties, or in a pension?",4971
9592,Where was the huge scandal in the Wells Fargo scandal?,4972
9599,What is the farthest someone would likely be stopped out from their stop loss without setting a stop limit?,4973
9601,Do stock splits make one's shares double in voting power?,4974
9610,How do I hedge stock options like market makers do?,4975
9612,How to return 4 - 6% on savings / investments with little / no management?,4976
9614,Should I sell my rental property or keep it if it has mold growth problems?,4977
9619,Investment fund or ETF sanity check / ideas,4978
9620,"Should Emergency Funds be Used for Infrequent, but Likely, Expenses?",4979
9622,Why does it look like my 401k loan default was not paid by my 401k account balance?,4980
9626,When an insider discloses a stock trade are they required to execute?,4981
9628,Td Ameritrade Roth IRA question,4982
9629,"What does “points” mean in such contexts (stock exchange, I believe)?",4983
9634,What can cause rent prices to fall?,4984
9639,Is there a formula to use to analyse whether an investment property is a good investment?,4985
9640,"What software do you recommend for Creating a To-The-Penny, To-The-Day Budget?",4986
9647,Is it possible to lower the price of a stock while buying?,4987
9650,Hedging your personal assets,4988
9653,Does Apple have $0 of treasury stock?,4989
9654,Where can publicly traded profits go but to shareholders via dividends?,4990
9655,What is a good asset allocation for a 25 year old?,4991
9666,What are your experiences with 'self directed' 401ks?,4992
9667,Can you beat the market by investing in double long ETFs? [duplicate],4993
9669,How to invest in a specific market without investing in a specific company?,4994
9672,What are pros and cons of volatility trading over directional stock trading,4995
9673,Where can I invest for the Short Term and protect against Inflation?,4996
9675,Are market orders safe?,4997
9677,Canadian RRSPs Transfer,4998
9678,What does it mean when my Money Market account lists both a dividend share and an APY?,4999
9682,Offer Price for my stock not shown on quote and a subsequent sale higher than my offer,5000
9684,Retirement planning: Pension or personal saving/investing?,5001
9686,"buying a stock while the price is going down, and buy it at a lower price",5002
9687,What can we learn from when the trading volume is much higher/lower than average?,5003
9692,Using simple moving average in Equity,5004
9693,Does technical analysis work on small stock exchanges?,5005
9695,Why do some companies offer 401k retirement plans?,5006
9702,How should one structure a portfolio given the possibility that a Total Stock Market Index might decline and not recover for a long time?,5007
9704,Is a naked put really that risky,5008
9713,How can I find out who the major short sellers are in a stock?,5009
9714,How to Explain “efficient frontier” to child?,5010
9716,Tax implications of ESPP shares when company is bought out,5011
9717,"If I make over 120k a year, what are my options for retirement plans?",5012
9720,Does “income” include capital gains?,5013
9724,Stocks and Shares ISA: What are the options for “near cash equivalents”?,5014
9729,Estimate a future option price given greeks and a 1$ move in underlying,5015
9730,Can I invest in the housing market via the stock exchange?,5016
9731,"3% Equity options in software company, entitles me to revenue share?",5017
9732,"Setting a trailing stop loss at $39.70 bid price, stock sold at $41",5018
9744,Expense ratio of an ETF included in the price or calculated separately,5019
9745,Does a 1045 exchange require any filing prior to that years tax return?,5020
9747,Can we compare peer-to-peer loans to savings accounts?,5021
9749,1031 Exchange and Taxes?,5022
9753,Learn investing as a programmer,5023
9754,I have about 20 000 usd. How can invest them to do good in the world?,5024
9759,Stock valuation - Volkswagen,5025
9763,Cost Basis in Retirement Accounts Irrelevant?,5026
9765,"Why did the price of ASH common stock drop when the market opened on May 15, 2017?",5027
9768,What considerations are there for making investments on behalf of a friend?,5028
9769,Why do I get a much better price for options with a limit order than the ask price?,5029
9770,"How to convert coins into paper money or deposit coins into bank account, without your bank in local?",5030
9773,Can There Be Partial Trade Fill Percentage?,5031
9777,Why use ROI if I can use effective compount interest?,5032
9778,How to Buy “Exotic” Bonds as a Low Net Worth Individual?,5033
9785,What's the best gold investment strategy for a Singapore resident?,5034
9786,Why is Dell currently trading above the buyout price?,5035
9789,How can I find a company's P/E ratio based on its given EPS and the P/E ratios of other companies?,5036
9790,Why pay estimated taxes?,5037
9791,Why do some stores have card-only self-checkouts?,5038
9796,Tax withheld by USA working in UK (Form 1042-S and Form 1099),5039
9797,Historical Stock Price Quote on delisted stock without knowing stock symbol as of quote date,5040
9798,Two 1099B for same stock,5041
9799,Rolled over husband's 401(k) to IRA after his death. Can I deduct a loss since?,5042
9800,What are the tax liabilities or impact for selling gold?,5043
9801,How to file tax for the sale of stocks from form 1099B?,5044
9805,"I have $12k in a Chase checking account, but want to start earning interest/saving/investing/etc to make more money. What should I do?",5045
9806,It's possible to short a stock without paying interest?,5046
9815,Owning REIT vs owning real estate - which has a better hypothetical ROI?,5047
9816,Qualified Stock Options purtchased through my Roth IRA,5048
9830,Selling RSUs that vested at different values,5049
9832,Why is stock dilution legal?,5050
9836,Bollinger Bands and TRENDING market,5051
9838,How to decide if I should take my money with me or leave it invested in my home country?,5052
9840,"Where can I invest my retirement savings money, where it is safer than stocks?",5053
9841,Paying over the minimum mortgage payment,5054
9852,"Is there a reliable way to find, if a stock or company is heading bankruptcy?",5055
9853,Is an Income Mutual Fund a good alternative to a savings account?,5056
9859,Do dark pools have to declare the volume transacted at the end of the day?,5057
9862,"How to calculate tax amounts withheld on mixed pre-tax and Roth 401(k) contributions, and match?",5058
9864,Understanding option commission costs,5059
9865,Quarterly dividends to monthly dividends,5060
9874,Are money market instrument and short-term debt same?,5061
9876,"I own a mutual fund that owns voting shares, who gets the vote?",5062
9884,Advice on replacing my savings account,5063
9885,Take advantage of rock bottom oil prices,5064
9886,Automatic investments for cheap,5065
9887,How can we determine how much income our savings could generate if we purchase an annuity?,5066
9888,Making enquiries about shares,5067
9889,What is a reasonable rate of return and fee structure for a Roth IRA?,5068
9890,What is the dividend tax rate for UK stock,5069
9893,What determines deal price on stock exchange? [duplicate],5070
9896,"Roth IRA all in one fund, or not? [duplicate]",5071
9901,"Capital gains tax: Retirement vehicle (IRA, 401k) vs. anything else?",5072
9903,"Is the “Bank on Yourself” a legitimate investment strategy, or a scam?",5073
9908,How is money actually made from the buying or selling of options?,5074
9911,Paying taxes on dividends even though your capital gains were $0?,5075
9914,Can we estimate the impact of a large buy order on the share price?,5076
9921,How to understand a volatility based ETF like VXX,5077
9923,"What are the benefits of investing to IRA/Roth IRA, 401(k) in comparison to investing in long term CDs?",5078
9931,How to understand expenses matter relative to investment type for mutual funds?,5079
9933,Why invest in IRA while a low-cost index fund is much simpler?,5080
9946,"If I can be claimed as a dependent, what do I do without my parent's tax information?",5081
9949,Most important skills needed to select profitable stocks,5082
9953,Nasdaq vs Nasdaq Trade Reporting Facility,5083
9955,How's the graph of after/pre markets be drawn?,5084
9956,Why do stocks tend to trade at high volumes at the end of (or start) the trading day?,5085
9957,My investment account is increasingly and significantly underperforming vs. the S&P 500. What should I do?,5086
9958,Are index-tracking ETF popular in Japan?,5087
9962,Why does it seem unnecessary to fully save for irregular periodic expenses?,5088
9964,How do you calculate the rate of return (ROR) when buying and selling put options?,5089
9965,Can somebody give a brief comparison of TSP and IRAs?,5090
9971,ESPP advantages and disadvantages,5091
9973,Any reason to keep IRAs separate?,5092
9978,Renting or Buying an House,5093
9981,Why having large capital is advantageous to trading,5094
9984,How should I be investing in bonds as part of a diversified portfolio?,5095
9985,How should I utilize my money as I begin grad school?,5096
9990,Do I need to invest to become millionaire?,5097
9995,Withdrawing cash from investment: take money from underperforming fund?,5098
9996,"$1.44 million in holdings: Help my non-retired, 80-year-old dad invest it",5099
9997,Will anything happen to me if the AMT is not re-established before 2011?,5100
9999,"Iraqi Dinars. Bad Investment, or Worst Investment?",5101
10002,How is a probability cone read?,5102
10003,Does an industry 'standard' have any affect on when a stock might split?,5103
10005,"What can a CPA do that an EA cannot, and vice versa?",5104
10007,Ex-dividend date: How long do I have to hold a stock in order to get the next dividend?,5105
10009,When can you use existing real estate as collateral to buy more?,5106
10010,Are buying and selling futures based on objective data?,5107
10011,"When I google a ticker like XLE or something, I see a price which updates frequently (about every second or so), where can I find this for options?",5108
10018,Using Fibonacci Extensions to set profit targets?,5109
10020,What numbers to look for investment returns,5110
10021,Reducing taxable income in US in December,5111
10023,Missing opportunity cost of mortgage prepayment,5112
10028,Is it possible to make money by getting a mortgage?,5113
10030,Downside to temporarily lowering interest rates?,5114
10031,Moving from India to Europe - Bank accounts and Mutual funds,5115
10036,Is This Money Laundering?,5116
10037,"Pay cash for a home, get a reverse mortgage, and buy stock",5117
10038,Asking price went through the roof,5118
10040,Odds of early assignment for a short in the money call,5119
10041,Options liquidity and trading positions larger than the daily volume?,5120
10045,How do I establish the cost basis of shares bought in an employee stock purchase program?,5121
10047,Is the ESPP discount profit?,5122
10049,E*Trade commission,5123
10050,Types of investments with built-in puts or similar safety features,5124
10051,"What type of investments should be in a TFSA, given its tax-free growth and withdrawal benefits?",5125
10056,Where can I get AEX historical data - Amsterdam?,5126
10059,Why is the buy price different from the sell price of a stock? [duplicate],5127
10060,What type of low-cost stock index exchange-traded fund (ETF) would give the best long-term total return?,5128
10065,What is the meaning of the net worth of a person?,5129
10070,How to calculate/reconcile conflicting P/E ratios?,5130
10076,Moving Coin Collection to Stapled Coin Pockets,5131
10078,Can I place a stock limit order to buy above the current price? Can I place a stock limit order to sell below the current price?,5132
10080,"Valuation, pricing, and analysis of securities",5133
10083,Why buy SPY when there is S&P500?,5134
10085,Calculation of Loss for GM Bonds and Cost Basis of New Issues,5135
10086,Using Loan to Invest - Paying Monthly Installments by Selling Originally Bought Shares,5136
10088,Why are some funds only recommended for investors starting out?,5137
10089,"When to start investing in an index fund? Wait for a bear market, use dollar cost-averaging, or another approach?",5138
10092,Do I have to sell worthless stock to claim a loss and clean up?,5139
10094,Efficient markets hypothesis and performance of IPO shares after lock-up period,5140
10101,Is the stock market too risky for long term retirement funds? Why should a 20- or 30-something person invest in stocks?,5141
10102,Cons of withdrawing money from an Roth IRA account?,5142
10103,Income tax laibility in India for Stock traded in USA as a resident Indian,5143
10108,Borrowing money to buy shares for cashflow?,5144
10110,Calculating a stock's price target,5145
10111,Is it better to buy U.S ADRs or stock in native stock exchange for a foreigner?,5146
10115,Exercise an out of the money option,5147
10118,Why is there so much variability on interest rate accounts,5148
10119,Gold futures' margin,5149
10120,What happens to personal data I disclose for joining an employee stock plan?,5150
10124,Why are index funds called index funds?,5151
10125,How do investment banks evaluate a private firm going public? Is it based on the assets owned by the company?,5152
10131,Invest in ESPP Single Stock or General Market,5153
10133,Why do I see multiple trades of very small quantities?,5154
10134,"What is the meaning of “Closed Short” ,“Opened Long” ,“Scaled Out” and “Scaled In”?",5155
10135,Do I pay taxes on a gift of mutual funds?,5156
10140,Buy US ETF as foreigner — a bad idea?,5157
10142,How are dividends for shareholders of banks paid?,5158
10144,"Less than a year at my first job out of college, what do I save for first?",5159
10146,Do US mutual funds and ETFs pay taxes on dividends?,5160
10148,Open Interest vs Volume for Stock Options,5161
10150,Does an Executed Limit Order Imply a Spot Price?,5162
10153,What is the role of a manager in a passively managed index fund?,5163
10160,What are good Monthly Income Funds? [Canada],5164
10161,Are there any benefits to investing with a group of friends vs. by myself?,5165
10166,Is it a good idea to put everything in the S&P500?,5166
10168,Can heavy demand for options drive up or down a stock price?,5167
10169,What is this type of risk-free investment called?,5168
10173,Getting (historical) Standard & Poor Stock Guides,5169
10177,What is the most effective saving money method?,5170
10181,How can I find stocks with very active options chains?,5171
10182,Approximation of equity value for company in default,5172
10186,What are the differences between a REIT and an MLP?,5173
10187,Using pivot points to trade in the short term,5174
10190,A good investment vehicle for saving for a mortgage down payment?,5175
10191,Does it make sense to talk about an ETF or index in terms of technical indicators?,5176
10194,Is there data and proof that a diversified portfolio can generate higher returns than the S&P 500 Index?,5177
10195,Why do mutual fund trading limitations exist? e.g. 90 day transfer limits?,5178
10198,"How to chose index funds, mutual funds from a plethora of options (TD Ameritrade)",5179
10203,Commencing a Pension from an SMSF,5180
10204,Index ETF or Index mutual fund - standard brokerage account,5181
10209,Pay off entire mortgage or put into investments,5182
10211,Changing the price in a limit order,5183
10212,Do algorithmic trading platforms typically have live-data access to stock data?,5184
10214,Warrant shares/UNIT,5185
10215,US Taxes - Handling Capital Losses from previous years with current capital gains,5186
10217,Wardrobe: To Update or Not? How-to without breaking the bank,5187
10218,How does the yield on my investments stack up against other investors?,5188
10223,What is the valuation of a company based on?,5189
10224,"First Job, should I save or invest?",5190
10225,A calculator that takes into account portfolio rebalancing?,5191
10226,Does implied volatility always rise as earnings announcements approach?,5192
10227,Should I early exercise unvested ISOs when the FMV is above the strike price?,5193
10231,What is a “margin-call” and how are they enforced?,5194
10234,irr calculation on stock with dividends,5195
10238,What's the smartest way to invest money gifted to a child?,5196
10240,Do stock prices really go down by the amount of the dividend?,5197
10244,Do those who invest large amounts of money in stocks pay typical brokerage commissions?,5198
10248,"Upcoming company merger with company I have stock in, help me interpret what is happening",5199
10250,What do stock market index future bid/ask quotes mean?,5200
10254,How to mitigate the risk of Euro Stoxx 50 ETF?,5201
10256,How to buy stock on the Toronto Stock Exchange?,5202
10258,How do I find the mappings between sedol and isin codes?,5203
10260,Is there a candlestick pattern that guarantees any kind of future profit?,5204
10261,Can I lose more on Forex than I deposit?,5205
10264,How much will a stock be worth after a merger?,5206
10268,What is the daily rebalanced leverage ratio that is ideal for the S&P 500 based on past performance?,5207
10278,What are my options other than stock piling money in a savings account?,5208
10279,What should I consider when selecting a broker/advisor to manage my IRA?,5209
10294,Simultaneous long/short India,5210
10297,My employer is switching 401k plan providers. How might this work in practice?,5211
10302,Pros and cons of investing in a cheaper vs expensive index funds that track the same index,5212
10304,Are there limits on frequency of withdrawal from Roth 401K?,5213
10307,Possible Risks of Publicizing Personal Stock Portfolio,5214
10310,"How to invest in gold at market value, i.e. without paying a markup?",5215
10311,What are the pros and cons of buying a house just to rent it out?,5216
10327,What happens if my order exceeds the bid or ask sizes?,5217
10330,How do I adjust to a new social class?,5218
10331,Why don't boards of directors try to produce results in line with estimates?,5219
10333,How do I know if my mutual fund is compounded?,5220
10335,Is there an application or website where I can practice trading US stocks with virtual money?,5221
10337,Technical Analysis not working,5222
10338,Buy or sell futures contracts,5223
10346,"Superannuation: When low risk options have higher return, what to do?",5224
10350,ESPP: Share vs Payroll withholding,5225
10353,What are Vanguard's Admiral Shares?,5226
10354,What happens to dividends on stock held in TFSA or RRSP account?,5227
10362,What are some simple techniques used for Timing the Stock Market over the long term?,5228
10365,How much can I withdraw from Betterment and be considered long-term investment?,5229
10369,Is an RRSP always “self-directed”?  What makes a “self-directed” RRSP special?,5230
10370,"Does the uptick rule apply to all stocks/ETFs and other securities, or only specific ones?",5231
10373,GNUCash: How to count up equity?,5232
10376,How to transform dividends into capital gains?,5233
10378,What is an effective way to invest in electric car industry?,5234
10380,"I'm in Australia.  What should I look for in an online stock broker, for trading mostly on the ASX?",5235
10381,What are the ramifications of lawsuits over “breaches of fiduciary duty” for the average shareholder?,5236
10383,Should I include retirement funds in calculating my asset allocation?,5237
10385,When should I start saving/investing for my retirement?,5238
10387,How to choose a company for an IRA?,5239
10388,Does Joel Greenblatt's “Magic Formula Investing” really beat the market?,5240
10390,What is the P/E ratio for a company with negative earnings?,5241
10392,Insider trading of a linked security like an ETF your company has a heavy weighting in,5242
10395,Who is the issuer in a derivative contract?,5243
10399,Can I save our credit with a quickie divorce?,5244
10401,Saving money in college while paying for college,5245
10406,Can you use external money to pay trading commissions in tax-free and tax-deferred accounts?,5246
10407,Investment property refinance following a low appraisal?,5247
10408,Which types of insurances do I need to buy?,5248
10409,Where are open-end funds traded?,5249
10411,Why have U.S. bank interest rates been so low for the past few years?,5250
10412,Are there disadvantages to day trading ETFs?,5251
10416,Most Efficient Way to Transfer Money from Israel to the USA?,5252
10417,Exercising an option without paying for the underlying,5253
10421,IRA contributions in a bear (bad) market: Should I build up cash savings instead?,5254
10422,Anonymous CC: Does “Entropay” really not hand my personal data over to a company - are there alternatives?,5255
10423,Why IV and stock price are inversely related,5256
10425,How does the Pension system work in Poland?,5257
10426,How to manage $50k in Savings?,5258
10428,Should we invest some of our savings to protect against inflation?,5259
10430,Are there any other investing methods I should look into?,5260
10431,When to liquidate mutual funds for a home downpayment,5261
10432,Employee stock option plan with undefined vesting?,5262
10435,The board of directors in companies,5263
10436,Is the best ask price the ask at the “top” of the order book? What is the “top” of the book?,5264
10438,Should I invest or repay my debts?,5265
10439,Home loan transferred to Freddie Mac — What does this mean?,5266
10440,Is my financial plan for buying a house logically sound,5267
10441,Could capital gains from a stock sale impact my IRA eligibility?,5268
10442,How to reach an apt going against inflation,5269
10443,Accounting Entry for Selling a Covered Call,5270
10449,Paying extra on a mortgage. How much can I save? [duplicate],5271
10456,"Should I cash out my Roth IRA to pay my mother's property tax debt, to avoid foreclosure on her home?",5272
10457,What is needed to be a “broker”?,5273
10463,"If I'm cash-flow negative, should I dollar-cost-average the money from my bonus over the entire year?",5274
10464,"How to interpret a 1,372.55% dividend payout ratio (GSK)?",5275
10465,"When investing, is the risk/reward tradeoff linear?",5276
10467,Money market account for emergency savings,5277
10471,Long-term capital gain taxes on ETFs?,5278
10473,gnucash share fractions,5279
10474,"Principal 401(k) managed fund fees, wow. What can I do?",5280
10479,401k vs. real estate for someone who is great at saving?,5281
10481,How does a delta signify the probability of expiring in the money,5282
10483,Differences in conditions on shares to private vs. public shareholders?,5283
10485,Where to start with finding good companies to invest?,5284
10487,Unrealized Profit & Loss for Non-Stock Securities,5285
10488,I trade options in the U.S. using Schwab. How could my wife do the same in Canada?,5286
10491,Difference between IRR and ROR,5287
10492,Is there legal reason for restricting someone under 59-1/2 from an in-service rollover from a 401K to an IRA?,5288
10493,Do ETF dividends make up for fees?,5289
10495,IRR vs. Interest Rates,5290
10499,How do I calculate the actual dividend amount for a monthly dividend payout mutual fund?,5291
10500,How do government bond yields work?,5292
10509,Project future trend of a stock with high positive autocorrelation,5293
10511,Is it preferable to move emergency savings/retirement into offset mortgage?,5294
10513,"When I sell an OTC stock, do I have to check the volume of my sale in order to avoid an NSCC illiquid charge?",5295
10518,Is a currency “hedged” ETF actually a more speculative instrument than an unhedged version?,5296
10521,Should I open a Roth IRA or invest in the S&P 500?,5297
10523,Looking to buy a house in 1-2 years. Does starting a Roth IRA now make sense?,5298
10525,What's the point of a benchmark?,5299
10527,It is worth using a discount stock broker? I heard they might not get the best price on a trade?,5300
10540,Transfer of stock of non-public company after vesting,5301
10541,How does Portfolio Turnover affect my investment?,5302
10548,"New to investing — I have $20,000 cash saved, what should I do with it?",5303
10552,What is meant by “buy-side firm” and “sell-side firm”?,5304
10553,How to report “foreign tax paid” from 1099-DIV?,5305
10554,Who owns historical valuations about equity such as stocks and index funds?,5306
10555,How to estimate a reasonable amount for a signing bonus?,5307
10556,Are SPDR funds good for beginners?,5308
10557,How to make use of EUR/USD fluctuations in my specific case?,5309
10560,Why gamma scalping is not advised for retail traders with reg T margin,5310
10565,Why do many British companies offer a scrip dividend option in lieu of cash?,5311
10573,Is it a good idea to rebalance without withdrawing money?,5312
10574,"Are quarterly earnings released first via a press release on the investor website, via conference call, or does it vary by company?",5313
10579,Does the “Free Ride” rule always apply to your entire collection of shares in a particular stock?,5314
10580,Why does BlackRock's XIN page show XIN as having only 1 holding?,5315
10582,Invest all at once after maxing out Roth IRA - or each time I contribute?,5316
10586,Married Couple - Open investment account Separate or Joined?,5317
10588,"Changed from job that had a 401K, and the new one doesn't. How do I answer when filing?",5318
10589,When and how should I pay taxes on ForEx trades?,5319
10591,Consolidating company pensions,5320
10592,US Stock Market - volume based real-time alert,5321
10593,How and where can I deposit money to generate future payments / income?,5322
10595,Why buying an inverse ETF does not give same results as shorting the ETF,5323
10598,How to continuously plot futures data,5324
10599,Should I negotiate a lower salary to be placed in a lower tax bracket?,5325
10600,How can I diversify $7k across ETFs and stocks?,5326
10602,Does the Black-Scholes Model apply to American Style options?,5327
10604,What are some good ways to control costs for groceries?,5328
10609,How do insurance funds work?,5329
10611,"What is a W-8 form, and how should I fill it in?",5330
10613,“Infinite Banking” or “Be Your Own Bank” via Whole Life Insurance…where to start?,5331
10618,Is it smart to only invest in mid- and small-cap stock equity funds in my 401(k)?,5332
10621,Does high frequency trading (HFT) punish long-term investment?,5333
10622,Why Gamma is highest for an option that is at the money,5334
10623,Is it better to wait for a market downturn to do a Roth conversion?,5335
10624,What is an effective way to convert large sums of US based investments to foreign currencies?,5336
10626,Why not just invest in the market?,5337
10629,Understanding SEC Filings,5338
10631,Should you diversify your bond investments across many foreign countries?,5339
10634,How can this stock have an intra-day range of more than 90% on 24Aug2015?,5340
10636,Trying to figure out my student loans,5341
10643,U.S. Mutual Fund Supermarkets: Where are some good places to buy mutual funds?,5342
10646,"What steps should be taken, if any, when you find out your home's market value is underwater, i.e. worth less than the mortgage owed?",5343
10648,"Can I request to change 401k offerings from my employer, e.g. to invest in ETFs?",5344
10649,Virtual currency investment,5345
10650,Tax exemptions for US stocks held in a Candian account,5346
10652,How much of each stock do index funds hold?,5347
10654,Do algorithmic traders make money from short-term or long-term gains?,5348
10656,Question about Tax Information from a Prospectus,5349
10657,Is the concept of an “odd lot” adjusted to stock price?,5350
10662,What to do if the stock you brought are stopped trading,5351
10664,Advice for opening an IRA as a newbie,5352
10665,"Why is it possible to just take out a ton of credit cards, max them out and default in 7 years?",5353
10666,How late is Roth (rather than pretax) still likely to help?,5354
10672,How can I find/compare custodians for my HSA in the United States?,5355
10678,"Why do stores and manufacturers use mail in rebates? A scam, or is there a way to use them effectively?",5356
10679,Can I buy and sell a house quickly to access the money in a LISA?,5357
10682,Is the interest on money borrowed on margin in/for an RRSP considered tax deductible?,5358
10689,Get interest on $100K by spending only $2K using FOREX rollovers?,5359
10693,Make your money work for you,5360
10694,Should I pay off my student loans or keep it in the bank? [duplicate],5361
10698,How can I figure out how much to bid on a parking space?,5362
10703,Are distributions from an S corp taxable as long term capital gains?,5363
10704,Individual Investor Safe Reinvest Gains Strategy?,5364
10705,Investing Superannuation Australia,5365
10711,How does AMT/state taxes work for stock options in California?,5366
10712,Should I sell the home in 2014 or continue to rent it out?,5367
10715,Should I invest my money in an ISA or Government bonds? (Or any other suggestion),5368
10718,Should I “hedge” my IRA portfolio with a life cycle / target date mutual fund?,5369
10733,"Long term saving: Shares, Savings Account or Fund",5370
10735,First time investor and online brokerage accounts,5371
10736,What's the best way to account for a risky investment - As an asset or an expense?,5372
10739,How can I invest in gold without taking physical possession?,5373
10749,Diversify across multiple brokers?,5374
10750,What is a rule of thumb for accruing debt on a rental property?,5375
10756,Can individual investors buy precious metals at the spot price?,5376
10757,Paying off mortgage or invest in annuity,5377
10759,"Supply & Demand - How Price Changes, Buy Orders vs Sell Orders [duplicate]",5378
10760,How do I read technicals for tickers that move together but are slightly different?,5379
10761,Is it possible to take advantage of exceptions to early withdrawal penalties on a 401(k)?,5380
10764,What would be a wise way to invest savings for a newly married couple?,5381
10765,Over contributing to workplace pension or private pension,5382
10766,How does a small worker co-op track/manage stocks/shares,5383
10767,What is the Difference between Life Insurance and ULIP?,5384
10770,Why is the regulation of “swaps” important to failing systemically significant institutions?,5385
10773,Growth of unrealized gains in tax-managed index funds,5386
10776,"With respect to insider trading, what is considered “material information”?",5387
10780,"Are U.S. salaries typically measured/reported before tax, or after tax?",5388
10783,What is a “closed-end fund”? How is a closed-end fund different from a typical mutual fund?,5389
10789,How to choose a good 401(k) investment option?,5390
10790,What to know before purchasing Individual Bonds?,5391
10793,Is there any way to attach a statement of explanation while submitting a tax return electronically using Free Fillable Forms?,5392
10794,Understanding how this interpretation of kelly criterion helps the trader,5393
10795,"What size “nest egg” should my husband and I have, and by what age?",5394
10798,One Share Stock Reverse Split,5395
10800,Investments other than CDs?,5396
10801,"Choosing a vehicle to invest a kid's money on their behalf (college, etc.)?",5397
10802,How to calculate years until financial independence?,5398
10803,Negative interest rates and search for yield,5399
10807,"Invest in (say, index funds) vs spending all money on home?",5400
10810,How useful is the PEG Ratio for large cap stocks?,5401
10814,"Should I save for my children's university education in Canada, or am I better off paying off loans and gaining debt room?",5402
10816,Is a credit card deposit a normal part of the vehicle purchase process,5403
10817,How will I pay for college?,5404
10818,What are futures and how are they different from options?,5405
10825,How exactly do dividend reinvestment plans (DRIPs) work?,5406
10826,Should I talk about my stocks?,5407
10828,Can a company control its stock through contracts with stockholders?,5408
10831,Should I move my money market funds into bonds?,5409
10839,Whole life insurance - capped earnings,5410
10842,How are startup shares worth more than the total investment funding?,5411
10843,Is it better to buy put options or buy an inverse leveraged ETF?,5412
10846,Interest payments for leveraged positions,5413
10853,How much principal do I get back with a target-maturity ETF?,5414
10857,Receiving partial payment of overseas loan/company purchase?,5415
10858,Why is the bid-ask spread considered a cost?,5416
10862,What to do with south african currency free fall,5417
10868,Over how much time should I dollar-cost-average my bonus from cash into mutual funds?,5418
10872,Is there any data that shows how diversifying results in better returns than just sticking to an all-stock portfolio?,5419
10873,How some mutual funds pay such high dividends,5420
10876,401K - shift from agressive investment to Money Market,5421
10878,Good books for learning about tax strategy/planning,5422
10879,Are warehouse clubs like Costco and Sam's Club worth it?,5423
10880,Costs around a modern crowd-sourced hedge fund,5424
10883,How is initial stock price (IPO) of a stock determined,5425
10887,Money transfer from India to USA,5426
10893,Renters Liability in Case of Liability Claims for Property Damage or Fire,5427
10897,"Planning to invest in stock, age 16",5428
10899,Why would a company issue a scrip dividend and how will this issue affect me?,5429
10901,Can you step up your cost basis indefinitely via the 0% capital gains rate?,5430
10902,Deductions greater than Income : Traditional IRA to Roth Conversion?,5431
10904,What happens if a Financial Services Company/Stockbroker goes into administration in the UK?,5432
10906,I spend too much money. How can I get on the path to a frugal lifestyle?,5433
10908,Is there any reason to choose my bank's index fund over Vanguard?,5434
10913,What are these fees attached to mutual fund FSEMX?,5435
10916,Is there a way to buy raw oil today and sell it in 1 year time?,5436
10922,How to know if two ETFs are 'substantially identical' according to wash sale rules?,5437
10925,Market Making vs Market Taking (Quotes vs Orders),5438
10930,What are the best options for an RESP for my 2 year old kid?,5439
10936,Question about MBS and how it pays,5440
10937,"Is it smarter to buy a small amount of an ETF every 2 or 3 months, instead of monthly?",5441
10946,What cost basis accounting methods are applicable to virtual currencies?,5442
10948,Did I get screwed in taxes on a mutual fund dividend payment?,5443
10956,How does it work when the same ETF is listed on several stock exchanges?,5444
10961,"Exchange rate $ ETF,s",5445
10962,Does Warren Buffett really have a lower tax rate than his secretary?,5446
10965,What's the best way to manage all the 401K accounts I've accumulated from my past jobs?,5447
10967,How does cash ISA & share ISA mix together,5448
10970,Are there any other considerations for bonus sacrifice into Pension (UK),5449
10972,"If a mutual fund did really well last year, then statistically speaking, is it likely going to do bad this year?",5450
10976,Why would a passive investor buy anything other than the market portfolio + risk free assets?,5451
10978,Any tips for asset allocation across multiple retirement accounts?,5452
10980,What is the psychology behind the Dead Cat Bounce Pattern and how can it be traded?,5453
10987,What's the benefit of opening a Certificate of Deposit (CD) Account?,5454
10989,What is the difference between shares and ETF?,5455
10993,What happens if a bank loses your safe deposit box?,5456
10996,How is “The People's Trust” not just another Investment Trust?,5457
11000,What's an Exchange-Traded Fund (ETF)?,5458
11002,Pros/cons for buying gold vs. saving money in an interest-based account?,5459
11005,Does keeping 'long-term' safety net in bonds make sense?,5460
11008,Fund equalisation / dividend,5461
11011,"Should I pay more into company pension, or is there a better way to save?",5462
11012,Should I Pay Off my Student Loan Debts First or Invest in an Index Fund?,5463
11013,"$700 guaranteed to not be touched for 15 years+, should I put it anywhere other than a savings account?",5464
11017,"If Bernie Madoff had invested in Berkshire Hathaway, would the ponzi actually have succeeded?",5465
11019,Forex vs day trading for beginner investor,5466
11020,Is investing in an ETF generally your best option after establishing a Roth IRA?,5467
11021,What is the process through which a cash stock transaction clears?,5468
11024,Can a self-employed person have a Health Savings Account?,5469
11025,Not paying cash for a house,5470
11031,"Should we buy a house, or wait?",5471
11033,Small investing for spending money?,5472
11040,Where can I find a company's earnings history for free?,5473
11041,Remit money to India from balance transfer of credit card,5474
11042,Do I need to own all the funds my target-date funds owns to mimic it?,5475
11043,Extended family investment or pay debt and save,5476
11044,Couch Potato Portfolio for Europeans?,5477
11045,In what order should I save?,5478
11046,"What bonds do I keep and which do I cash, why is the interest so different",5479
11047,"Why would I want a diversified portfolio, versus throwing my investments into an index fund?",5480
11049,"When the market crashes, should I sell bonds and buy equities for the inevitable recovery?",5481
11052,Is there anything I can do to prepare myself for the tax consequences of selling investments to buy a house?,5482
11053,How can I profit on the Chinese Real-Estate Bubble?,5483
11056,What is a trust? What are the different types of trusts?,5484
11057,Basic index fund questions,5485
11058,Is the Yale/Swenson Asset Allocation Too Conservative for a 20 Something?,5486
11059,Clarification on 529 fund,5487
11062,How do you save money on clothes and shoes for your family?,5488
11067,Is it wise to switch investment strategy frequently?,5489
11070,Lump sum annuity distribution — do I owe estate tax?,5490
11077,How much house can a retired person afford,5491
11080,Should I overpay to end a fixed-rate mortgage early? [duplicate],5492
11089,Using property to achieve financial independence,5493
11090,Incorporating real-world parameters into simulated(paper) trading,5494
11092,Is real (physical) money traded during online trading?,5495
11096,"Pensions, annuities, and “retirement”",5496
11097,What does it mean to a life insurance policy holder to convert from a stock to mutual insurance company?,5497
11099,Can capital loss in traditional IRA and Roth IRA be used to offset taxable income?,5498
11104,Selling a stock for gain to offset other stock loss,5499
7208,Could an ex-employee of a company find themself stranded with shares they cannot sell (and a tax bill)?,5500
1753,"Better ways to invest money held by my small, privately-held Canadian corporation?",5501
6068,At what point is it most advantageous to cease depositing into a 401k?,5502
1952,What happened when the dot com bubble burst?,5503
8032,What pension options are there for a 22 year old graduate in the UK?,5504
5465,How can I get the car refinanced under my name if my girlfriend signed for the loan?,5505
10677,I am a Canadian resident who wants to gift my Adult US child CAD$175K. What are the tax implications?,5506
838,Need your help and suggestion,5507
7979,What is meant by a market that is technically strong,5508
7526,First time investor wanting to invest in index funds especially Vanguard,5509
6786,Should I invest in the pre-IPO company stock offered by my employer?,5510
4520,"When the Reserve Bank determines the interest rates, do they take the house prices into account?",5511
2096,Book capital losses in gnucash,5512
678,"Loan to S-Corp cannot be paid back, how to deduct from personal taxes?",5513
7826,What will happen to my shares if company delisted,5514
9334,No trading data other than close for a stock on a given date,5515
1718,What exactly is the interest rate that the Fed is going to adjust?,5516
2591,What are the fundamental levels that makes a Stock Ideal? (either to sell or buy),5517
7703,Investing using leverage,5518
7074,How does anyone make significant money on very low volume stocks?,5519
9817,What is the compound annual growth rate of the major markets?,5520
4966,"In today's low interest environment, is it generally more economical to buy or lease a new car in the US?",5521
6301,How to make a decision for used vs new car if I want to keep the car long term?,5522
469,What is the difference between a bond and a debenture?,5523
806,Trying to understand Return on Capital (Joel Greenblatt's Magic Formula version),5524
9991,Must a company have a specific number of employees to do an IPO?,5525
10149,How are exchange rates decided for each country?,5526
2814,Is there lesser or no tax on assets?,5527
7769,Can capital gains be used to fund an IRA with tax advantages?,5528
6310,How do I pick the right company for investing services?,5529
7358,Why don't brokerages charge commissions on forex trades?,5530
5028,Is it wise to invest in bond fund when interest rates are low?,5531
6772,How to make an investment in a single company's stock while remaining market-neutral?,5532
440,What forms do I need to fill out for a super basic LLC closing?,5533
44,Borrow money to invest in a business venture with equity?,5534
3944,Is 0% credit card utilization worse than 1-20% credit card utilization for any reason other than pure statistics?,5535
3797,Jointly filing taxes in 2 different states,5536
3802,Separate bank account for security deposit from tenant,5537
6344,Getting money from online websites I own to my UK bank account,5538
3507,What happens if futures contract seller defaults?,5539
2303,Does high inflation help or hurt companies with huge cash reserves?,5540
9936,Why do people invest in mutual fund rather than directly buying shares?,5541
3212,Legality of facilitating currency exchange between private accounts,5542
5986,"Is forward P/E calculated using current price(if yes, how useful is it)?",5543
9558,What tax can I expect on US stocks in a UK ISA?,5544
745,Can I pay estimated taxes based on last year's taxes if I anticipate more income this year?,5545
10700,why is the money withdrawn from traditional IRA taxed at the ordinary income tax rate?,5546
9091,Why do people sell when demand pushes share price up?,5547
5167,What is an accounting term that factors growth as a function of time and discount rate?,5548
6205,Shorting stocks: Indicators that a stock will drop?,5549
6760,What are the tax implications of earnings from the stock market (BSE)?,5550
530,why is buying trading-stock from cash not regarded as an expense?,5551
1131,Do I qualify for a personal 401-K Plan?,5552
7323,Placing bid in market price,5553
8336,Possible to purchase multiple securities on 1 transaction?,5554
1084,Insurance for a house which is not homeowners insurance?,5555
7681,JCI headache part 1: How to calculate cost basis / tax consequences of JCI -> TYC merger?,5556
6923,Getting correlation from regression slope (Completely stumped),5557
5425,Keeping our current home (second property) as a rental. Will it interfere with purchasing a third home?,5558
3133,VAT & Tax implications of selling software,5559
7998,logistical details of interest and dividend payments on assets traded on the secondary market?,5560
5187,Payroll taxes on exercised stock options,5561
796,US tax - effectively connected income,5562
2729,How do I get into investing in stocks?,5563
5055,Does re-financing an FHA-insured mortgage incur the UFMIP again?,5564
8215,"Where to invest, that compounds interest more than annual?",5565
5381,Question about large capital gain,5566
2182,Property Trust - who or what is the Owner?,5567
1548,How profitable is selling your customer base?,5568
752,Are services provided to Google employees taxed as income or in any way?,5569
6819,How can one identify institutional accumulation of a particular stock using price and volume data?,5570
8272,Is my employee stock purchase plan a risk free investment?,5571
8545,Is the Investopedia simulator an accurate representation of real stock trading?,5572
6502,Do “Instant Approved” credit card inquires appear on credit report?,5573
2696,Can I prove having savings without giving out the account number?,5574
4510,"GBP savings, what to do with them if leaving the U.K. in about 2 years time?",5575
6617,(How) can I print my own checks on my printer on regular paper?,5576
3017,What are the real risks in “bio-technology” companies?,5577
1484,"If one owns 75% of company shares, does that mean that he would have to take upon himself 75% of the company's expenses?",5578
505,static data for mutual funds/hedge funds,5579
7084,Asset management after leaving the USA,5580
4709,Corporate Finance,5581
10663,Borrow from 401k for down payment on rental property?,5582
5657,How can I determine how much my car insurance will cost me?,5583
1660,"Why can we cancel cheques, but not Western Union transfers?",5584
4856,Car value is almost equal to GMFV with still 2 years to go on PCP,5585
8793,When's the best time to sell the stock of a company that is being acquired/sold?,5586
2566,Purpose of having good credit when you are well-off?,5587
6753,Standardized loan options to purchase employee stock options,5588
6495,What financial data are analysed (and how) to come up with a stock recommendation?,5589
7435,"If a fund holds stocks paying dividends and doesn't give a payout, is it necessarily re investing those dividends?",5590
7294,Direct access to the currency exchange market,5591
4765,Where do I-Bonds fit into personal finance plans?,5592
2062,How would I use Google Finance to find financial data about LinkedIn & its stock?,5593
612,Can we amend last year's Schedule C to indicate reduced income due to a customer refund this year for a product we sold last year?,5594
9301,TDAmeritrade Quote Summary TREE vs APRN,5595
7490,Clarify on some Stocks Terminology,5596
10061,What are reasons a company would want to be listed on one exchange vs. another?,5597
5142,How do I set up my finances when first moving out?,5598
10301,What would be the signs of a bubble in silver?,5599
9005,What is an ideal number of stock positions that I should have in my portfolio?,5600
6235,How bad is it to have a lot of credit available but not used?,5601
1419,How can I invest in an index fund but screen out (remove) certain categories of socially irresponsible investments?,5602
2928,Details on opening a small corporation in ontario,5603
2208,Can gold prices vary between two places or country at the same time?,5604
2744,How to do thorough research into a company to better understand whether to buy stock?,5605
9129,Am I able to conduct a private sale of public shares at a price that I determine?,5606
4761,Strategy for accounting personal finance in multiple currency?,5607
5179,What is a formula for calculating equity accumulated while repaying car loan?,5608
9103,Stock dividends effect on dividend received by shareholder,5609
6805,Is there a register that shows the companies with notifiable interest in a stock?,5610
8951,How is it possible that a stock has a P/E of 0.01?,5611
2782,Using a Roth IRA instead of a college savings account,5612
6547,Can I move my 401k to another country without paying tax penalty?,5613
5780,Does settlement of second mortgage count as short sale?,5614
5337,Can a F-1 student visa holder loan a car from bmw?,5615
6925,"1099-B, box 5, how to figure out cost basis?",5616
7001,How to interpret these explanatory graphs (about option strategies)?,5617
7975,Approach to share options in the UK,5618
3816,How exactly does dealing in stock make me money?,5619
5619,"Is there such a thing as a non-FDIC savings account, which earns better interest?",5620
4797,Historical Stock Prices of delisted company [duplicate],5621
2411,Can I pay a loan under someone else's name? (assume the dispenser of the loan is malicious),5622
2611,Why do financial institutions charge so much to convert currency?,5623
6163,Steps to buying a home,5624
1,Claiming business expenses for a business with no income,5625
6261,Is it irresponsible for me to lease a $300/month car for 18 months?,5626
2215,How does a lender compute equity requirement for PMI?,5627
9663,What Russell 2000 price action would move TZA on the upside back to its 6000 level?,5628
5263,Better approach to close loans?,5629
618,Self-directed RRSP into mortgage investment,5630
7043,"I'm a UK citizen, can I use US stockbrokers?",5631
5827,Investment strategy for retired couple,5632
868,"Employer no longer withholds, how do I self administer 401k",5633
60,Can Health-Releated Services be a Business Expense?,5634
1629,Income At the Sell or Reception?,5635
1874,Is it necessary to pay tax if someone lends me money to put into my mortgage?,5636
4543,What are the marks of poor investment advice?,5637
1417,Market Cap lower than Shares Outstanding x Share Price?,5638
800,How does a “minimum number of items to be bought” factor into break even analysis?,5639
9153,"If a company has already IPO'ed and sold its shares, what is the incentive to keep making money?",5640
10210,Lifetime ISA: What are the chances of a reputable Bank offering it?,5641
6922,Is the average true range a better measure of volatility than historical volatility,5642
10549,Should I include my hard assets as part of my net worth?,5643
5569,What's the difference between “Index” and “Accumulation” tracker funds?,5644
8548,Expiring 401(k) Stock Option and Liquidation Implications,5645
1977,Square reported my credit card transactions as personal income?,5646
5370,How should my brother and I structure our real estate purchase?,5647
3513,US Citizen Buying Rental Property in Canada,5648
4953,What does market cap (or market capitalization) mean?,5649
483,"How important is disability insurance, e.g. long-term, LTD? Employer offers none",5650
2647,Can the Philadelphia Center City District Tax be deducted on my Schedule-A?,5651
5871,What does APR mean I'm paying?,5652
7916,What do the suffixes on stock symbols indicate,5653
2662,Do rental car agencies sell their cars at a time when it is risky for the purchaser?,5654
2166,What are the alternatives to compound interest for a Muslim?,5655
4525,How should I allocate short-term assets in a rising-interest rate environment?,5656
6850,What is the Blue Line in these stock Charts?,5657
4869,Sites to obtain historical chart of currency exchange rates?,5658
7848,How can I tell what is “real” Motley Fool advice?,5659
5909,Where to borrow money between college graduation and employment?,5660
7187,Is trading stocks easier than trading commodities?,5661
7257,Book Value vs Market Value of PWT.TO,5662
4183,World Indexes - Variance between representation of a country's stocks and the country's proportion of world GDP,5663
9288,"As a Brit, how do I invest in US ETFs",5664
6493,What can we conclude/learn from inst. own %?,5665
5727,Is there a term for the risk of investing in an asset with a positive but inferior return?,5666
7099,What to think of two at the money call options with different strike prices and premiums?,5667
600,"After a stock dividend, how do you calculate holding periods for capital gains taxes?",5668
3757,"Do I need to start a 529 plan for each child (2 separate plans), or can I just open one 529 plan and let both children use it?",5669
6821,Is this the right formula to use implied volatility to gauge probability of a stock being within a certain range?,5670
7838,Putting borrowed money into an SIPP,5671
17,Income tax exemptions for small business?,5672
1746,Ways to avoid being labeled a pattern day trader,5673
4425,How does owning a home and paying on a mortgage fit into family savings and investment?,5674
5388,Wash sale rules in India (NSE/BSE),5675
9010,Is this Employee Stock Purchase Plan worth it when adding my student loan into the equation?,5676
5076,What if you get pre-approved for a mortgage but don't find a house in the pre-approval timeframe?,5677
4164,Where should I be investing my money?,5678
29,Do I need a business credit card?,5679
4956,What do these numbers mean for the S&P?,5680
9408,Is there any special meaning when the market price for a stock exactly equals ask or bid?,5681
4039,"What exactly can a financial advisor do for me, and is it worth the money?",5682
4670,Basic finance: what should everyone know?,5683
4750,Home (re)Finance and Providing Additional Information,5684
9441,Is it mandatory to report Capital Loss on line 21 of Schedule D?,5685
77,Can the IRS freeze a business Bank account?,5686
5539,"How can risk-reward relationship exist, since the losses due to the risk should offset the reward?",5687
1554,Buying a truck to write off on taxes,5688
7510,Should I continue to invest in an S&P 500 index fund?,5689
3997,How to pay bills for one month while waiting for new job?,5690
2412,How can one protect oneself from a dividend stock with decreasing price?,5691
3706,Isn't an Initial Coin Offering (ICO) a surefire way to make tons of money?,5692
6872,Online brokers with a minimum stock purchase lower than $500,5693
5544,Line of credit for investment,5694
7839,"In the event of a corporate spin-off, how can I calculate the correct cost basis for each company's shares?",5695
5831,Can someone recommend a book that discusses the differences between types of financial statements?,5696
5398,Is it legal to charge interest on interest?,5697
1983,In-laws moving in (financial/tax implications)?,5698
6404,Options tax treatment,5699
2462,What is the rationale behind brokerages establishing tiers/levels for options trading?,5700
7609,Question about data from FTSE 100,5701
7346,How do Transfer Agents/Share Registrars get the names of beneficiary shareholders,5702
1320,"As a total beginner, how do I begin to understand finance & stocks?",5703
9855,What are the important differences between mutual funds and Exchange Traded Funds (ETFs)?,5704
5599,How to check stock prices online?,5705
10237,Why is gold not a good investment?,5706
8701,Can a Covered Call be called away before the expiration date?,5707
3266,An online casino owes me money and wants to pay with a wire transfer. Is this safe?,5708
8260,What are non-qualified stock options?,5709
5836,Why have candlestick charts overlaps?,5710
5063,Effective Interest Rate from bifurcated interest rate,5711
5844,"If a put seller closes early, what happens to the buyer?",5712
2940,Why do UK banks require monthly “pay in” into current account?,5713
55,What's “wrong” with taking money from your own business?,5714
3704,Do Banks Cause Inflation?  What are other possible causes?,5715
7824,At what point is the contents of a trust considered to be the property of the beneficiary?,5716
7664,Relative merits of Petrobras as an investment,5717
2771,Will credit card payment from abroad be suspicious as taxable income?,5718
5050,Rollover 401k into Roth IRA?,5719
6351,What evidence exists for claiming that you cannot beat the market?,5720
4509,What are frontier markets? Is investing in them a good idea?,5721
7725,ESPP in the UK - worth it? Disqualifying / qualifying sales?,5722
3087,"Dry cleaners lost $160 pants, what should I do?",5723
7202,How to manage currency risk in international investing,5724
1893,How do I use investments to lower my taxes [US]?,5725
7066,SBI term deposit versus SBI bonds,5726
2636,How did historical high tax rates work in practice?,5727
1906,Taking out a loan to pay down a mortgage,5728
5096,What effect will the financial reform bill have on everyday Americans?,5729
5268,Why real estate investments are compared via “cap rate”?,5730
6481,What is the best way to learn investing techniques?,5731
4979,Price difference among shares in Hong Kong and Shang Hai,5732
7684,Help Understanding Market/Limit Orders and Bid/Ask Price,5733
5812,Can a US bank prevent you from making early payments to the principal on a home mortgage?,5734
4060,Will I get taxed on withdrawals from Real Cash Economy games?,5735
543,What happens to your spouse's sole proprietorship if they die?,5736
6526,Option trading: High dollar value stock option and equity exposure,5737
586,"If a stock is selling for less than book value, is the company headed for bankruptcy?",5738
3296,What does “netting” mean in this passage?,5739
5647,"Looking for an ROI formula, brain is broken today",5740
8374,What is the benefit of investing in retirement plan versus investing directly in stocks yourself?,5741
6354,Best return on investment for new home purchase,5742
1931,Switch from DINK to SIWK: How do people afford kids?,5743
10228,Cash out 401k for house downpayment,5744
7381,Index funds with dividends?,5745
6986,Is there an ETF or Mutual Fund which tracks James O'Shaugnessy's Trending 25 stock strategy?,5746
9193,dividend cover ratio for stocks,5747
6185,I've got $100K to invest over the next 2 to 7 years. What are some good options?,5748
7176,How does investing in commodities/futures vary from stocks?,5749
8715,What happens to a call option in a cash/stock acquisition?,5750
7230,Market percentage growth per timeframe,5751
2935,What is the next step to collect money after a judgment has been ignored?,5752
1741,What does inflation actually mean? [duplicate],5753
662,Landlord Tax Relief Changes UK,5754
4746,Personal finance in EFU and NAFA,5755
6824,Do I still need to pay capital gains taxes when I profit from a stock in a foreign currency?,5756
7460,"In 2015, why has the price of natural gas been plummeting?",5757
1630,Opening a bank account with cash: How should bills be presented?,5758
8534,TFSA over-contributions: How would the penalty apply in this scenario?,5759
4853,How do I evaluate a health insurance policy that covers a specific disease?,5760
9651,How can I identify a likely bull trap?,5761
1780,Deferring claim of significant purchase of RRSPs,5762
5726,Figuring out an ideal balance to carry on credit cards [duplicate],5763
9847,"Is the I.T. function in banking considered to be on the expense side, as opposed to revenue side?",5764
4016,"What do the terms par value, purchase price, call price, call date, and coupon rate mean in the context of bonds?",5765
9894,"Investing in real estate when the stock market is high, investing in stocks when it's low?",5766
1658,Do any publically available documents from IR or SEC include all patents the company holds?,5767
1003,The difference between Islamic Banks and Western Banks,5768
2437,What sort of tax treatment does a charitable micro-lending loan incur?,5769
1107,What are stock indexed funds and how do they lower taxes?,5770
5916,Non-owner car insurance and registration,5771
8988,How does delta of an option change with time if underlying price is constant?,5772
10048,Higher mortgage to increase savings to invest?,5773
6175,"What is a “retail revolving account,” and does it improve my credit score?",5774
5147,"I'm 23, living at home, and still can't afford my own property. What could I do?",5775
1887,What are the opportunities/implications of having a designated clearing bank in my home country?,5776
5589,Why do moving average acts as support and resistance?,5777
4357,Should I pay off investment property mortgage,5778
4323,How to trade “exotic” currencies?,5779
2961,Few questions related to Balance sheet and Income Statement?,5780
7595,Is IRS Form 8938 asking me to double-count foreign assets?,5781
8165,Why might a share price have not changed for several days?,5782
3413,Why are for-a-fee wires faster than 2+ day free ACH,5783
6744,Buying non-qualified employee stock options that are going to expire?,5784
8918,Is there a way to set a stop for a stock before you own it?,5785
5114,Can someone help me understand my student loans?,5786
2675,How much share do the venture capitalists want if they invest in our website?,5787
4455,Portfolio Diversity : invest $4000 into one account or $1000 into 4 accounts?,5788
616,How does a Value Added Tax (VAT) differ from a Sales Tax?,5789
9361,What does this mean? SELL -10 VERTICAL $IYR 100 AUG 09 32/34 CALL @.80 LMT,5790
9356,How does leverage work?,5791
8018,Limiting Fees for Monthly Contributions,5792
4579,Higher returns from international markets?,5793
8146,What cost basis do I report on the 1099?,5794
3208,What is 'consolidating' debt and why do people do it?,5795
7751,How to model fees from trades on online platforms?,5796
1864,How can I diversify investments across currencies in ISA?,5797
7391,How to trade large number of shares?,5798
492,What increases your chance of being audited?,5799
4111,Can I predict if it is better to save money in USD or local currency?,5800
5554,Question about being a resident,5801
6136,What is the median retirement savings in the United States today?,5802
8355,How to calculate the standard deviation of stock returns?,5803
3350,"Is A Company Abusing The Tax Code When It Does This, And How Does The IRS Prevent It?",5804
814,Record retention requirements for individuals in the U.S.?,5805
727,us citizen receiving bank transfer from foreign boyfriend,5806
7847,"When entering a Futures contract, must the margin deposit be idle or can I profit from it?",5807
7169,Options strategy - When stocks go opposite of your purchase?,5808
5501,Is it possible to be subject to cash withdrawal even if you don't use ATM?,5809
7913,How does Value Averaging work in practice?,5810
10147,Terminology: What are the labels associated with a share called?,5811
3917,First Time Home Buyer - How much down payment? Where to go for Mortgage?,5812
8841,Which close price (adjusted close or close price) shall be used when calculating a stock's daily percent change?,5813
786,Why don't banks print their own paper money / bank notes?,5814
451,What is bespoke insurance?,5815
7864,"One of my stocks dropped 40% in 2 days, how should I mentally approach this?",5816
8258,Could there be an interest for a company to make their Share price fall?,5817
9156,"Started new job. Rollover previous employer 401k to new 401k, IRA or Roth IRA?",5818
2614,Stopping Payment on a Check--How Long Does it Take?,5819
1789,Why do some stocks have trading halts and what causes them?,5820
7858,JCI headache part 2: How to calculate cost basis / tax consequences of JCI -> ADNT spinoff?,5821
4295,Where do countries / national governments borrow money from?,5822
10696,"ETFs are a type of mutual fund, correct?",5823
3449,Why do companies award stock as opposed to cash?,5824
5026,"OTC Markets, Time, and Trading",5825
6092,"If stock price drops by the amount of dividend paid, what is the use of a dividend",5826
2910,"File Taxes: US Expat, now married to foreign national",5827
6645,"Companies that use their cash to buy back stock, issue dividends, etc. — how does this this typically affect share price?",5828
8159,When after a companys IPO date can I purchase shares?,5829
7881,Direct Registration System vs Brokerage Firm,5830
3988,Difference between Edward Jones or Betterment,5831
7996,Is this legal: going long on call options and artificially increasing the price of the underlying asset seconds before expiration?,5832
10348,How can a Canadian get exposure to safe haven currencies?,5833
11023,Are lottery tickets ever a wise investment provided the jackpot is large enough?,5834
3171,England: Alternative to Student Finance,5835
10117,Solicitation of a Security,5836
3176,"Where can I trade FX spot options, other than saxobank.com?",5837
8030,Where can I place my savings in to limit my exposure to the risk of European bank failures and sovereign debt defaults?,5838
8803,"Stock sale cost basis calculations for 2013, now that rules changed, is FIFO or another method the smartest financially?",5839
566,Condo Purchase - Tax Strategies [US],5840
3795,What is Chit funds. And how to invest in it?,5841
8618,"Does girlfriend have too much savings, time to invest?",5842
5561,What is the incentive for a bank to refinance a mortgage at a lower rate?,5843
2325,I forgot to write the name on the check,5844
946,How does a public company turn shares into cash?,5845
2409,250k USD in savings. What's next?,5846
3220,Debt collector has wrong person and is contacting my employer,5847
5019,Recommendation for learning fundamental analysis?,5848
2352,Money limit to pay tax for Patreon,5849
4918,Re-financing/consolidating multiple student loans for medical school?,5850
4905,what are the pros and cons of structured deposits?,5851
4177,Why would a country want to use the currency of some other country?,5852
8541,stock(paper) delivery to home,5853
2796,Working remotely from Canada for a US company. How to get paid?,5854
4416,How exactly does a country devalue its currency?,5855
3276,Can stock brokerage firms fail?,5856
1674,Has anyone compared an in-person Tax Advisor to software like Turbo Tax?,5857
6019,How to calculate Stamp duty of North Territory in Australia?,5858
7783,Why is tax loss harvesting helpful for passive investing?,5859
7396,Tax ID for an international student investing in U.S stocks,5860
8504,Are 'per trade' fees charged on every order or just once per stock?,5861
9877,Hedging against an acquisition of a stock,5862
2426,Accepting personal “donations” (not as a non-profit),5863
4587,Is there any drawback in putting all my 401K into a money market fund?,5864
1031,How to get information about historical stock option prices for a defunct company?,5865
6846,How you make decision on a stock purchase after fundamental analysis?,5866
1846,How can my friend send $3K to me without using Paypal?,5867
9662,Long term bond index prices before 2000?,5868
7591,Can ETF's change the weighting of the assets they track,5869
38,Personal credit card for business expenses,5870
665,Do I live in a state for tax purposes if my permanent home is in another state?,5871
3300,At what point should I begin paying off student loans?,5872
9600,"Treasury Bonds, and why has the NYSE 20+ Year Treasury Bond index (AXTWEN) gone up so much in the last year (2011)?",5873
1653,FSA when a retirement agreement has been put into place,5874
9707,Layman's guide to getting started with Forex (foreign exchange trading)?,5875
6067,I need a car for 2 years. Buy or lease (or something else)?,5876
4321,What evidence is there that rising interest rates causes Canadian condo prices to go down?,5877
5406,22-year-old inherited 30k from 529 payout - what is the best way to invest?,5878
1370,Theory/Strategy for pricing by volume,5879
5922,Is there such a thing as “stock insurance”?,5880
9298,Info about managment compansation schemes in publicly traded companies,5881
2006,Blog income taxes?,5882
9104,Where can I find closed dates for the New York Stock Exchange for the coming year?,5883
484,What's a Letter of Credit? Are funds held in my bank for the amount in question?,5884
3894,Real Estate: Please review my recent investment (with numbers from recent purchase),5885
4945,"In Canada, how bad must your credit be for a denial of a Secured Credit Card?",5886
837,Pay Yourself With Credit Card Make Money With Cash Back [duplicate],5887
5996,How do I choose between buying a car or buying a plot of land in Pakistan?,5888
5027,valuing options,5889
1325,How far do I go with a mortgage approval process when shopping around?,5890
3153,Does a US LLC need to file taxes if owned by a foreign citizen?,5891
2307,What US tax laws apply to a 13 year old game developer?,5892
3766,Why is property investment good if properties de-valuate over time?,5893
7266,About eToro investments,5894
10717,Typical return for an IRA?  How can I assess if my returns were decent?,5895
1141,Considerations for holding short-term reserves?,5896
7989,"As a beginner investor, should I start investing with mutual funds through my bank, or with an online broker?",5897
7777,I can't understand candlestick shadows,5898
9374,What is the effect of options expiration on equity pricing?,5899
4000,Are stock index fund likely to keep being a reliable long-term investment option?,5900
1641,Value of a collateralized asset,5901
6920,Shares Canceled after Merger,5902
1616,Is there ACH analogue in Asia?,5903
7288,Do capital gains get factored into AGI?,5904
7638,How are they earning money in the movie “Trading Places”?,5905
5235,Leasing a car I intend to buy,5906
10727,"I am turning 18 and I am a Student, I need strategies on building great credit soon. Where should I start?",5907
6237,Best steps to start saving money for a fresh grad in Singapore?,5908
4029,Family suggests my first real estate. Advice?,5909
6937,Are there common stock price trends related to employee option plans?,5910
2550,I'm only spending roughly half of what I earn; should I spend more?,5911
1664,How detailed do itemized deductions have to be? (source needed),5912
6396,Total price of (AAPL option strike price + option cost) decreases with strike price. Why?,5913
3608,"For a major expensive home renovation (e.g. addition, finished basement, or new kitchen) should one pay cash or finance with a loan? Would such a loan be “good” debt?",5914
7458,Does modifying an order cancel the old one and submit a new one,5915
4299,Where can I find announcements of official GDP figures for the US and other countries?,5916
2646,"In USA, what circumstances (if any) make it illegal for a homeless person to “rent” an address?",5917
7349,How can I buy an ETF?,5918
4997,Ideas on how to invest a relatively small amount of British pounds,5919
5508,what is shareholders' Equity in balance sheets?,5920
3793,Visitor Shopping in the US: Would I get tax refund? Would I have to pay anything upon departure?,5921
4156,What kind of value do retail investors look for in managed futures and fx?,5922
10653,"Should I be more aggressive in a Roth IRA, 401k, or taxable account?",5923
3155,Why would a bank need to accept deposits from private clients if it can just borrow from the Federal Reserve?,5924
3535,"When a company liquidates, are earlier investors paid back first?",5925
4974,Calculating the Free Cash Flow (FCF),5926
3312,Why can't I withdraw the $57 in my account?,5927
6913,Why futures has a mark to market concept that is not present in stocks,5928
8088,Beginner questions about stock market,5929
2892,How does giving to charity work?,5930
3353,Why did the stock chart for Facebook's first trading day show an initial price of $42 when the IPO price was $38?,5931
7653,how exactly do companies make money from warrants?,5932
4888,Why does low interest rate prevent bankruptcy and foreclosure?,5933
7022,What are the risks with ETFs with relatively low market caps?,5934
2,Transferring money from One business checking to another business checking,5935
1055,How do online referal systems work?,5936
6359,How to resolve imbalances and orphan transactions in Gnucash?,5937
7637,Why do Dealers/Brokers hold Inventory in Stocks?,5938
7647,Is there difference in risk between physical or synthetic replication of an index by an ETF?,5939
5625,Calculate how much interest I will pay given a creditcard balance and a monthly payment?,5940
7728,Market Relativity Theory?,5941
1506,Someone asks you to co-sign a loan. How to reject & say “no” nicely or politely?,5942
3441,ETF's for early retirement strategy,5943
5964,Are there cons to paying monthly bills with a rewards card and then paying it off monthly?,5944
9803,How can a U.S. citizen open a bank account in Europe?,5945
4833,How are credit unions initially financed,5946
5588,Estimate probability distribution of profit on investment,5947
7125,"Which market orders to meet this recommendation : 'Take a position on the purchase of the fooBar share, protect your capital by placing a stop'",5948
6336,Why would this FHA refinance cause my mortgage insurance payment to increase so much?,5949
8964,What can I do when the trading price of a stock or ETF I want to buy is too high?,5950
5522,"In the UK, could low-income pensioners (or those near a low-income retirement) find a student loan useful for boosting their finances?",5951
4442,Investment Newbie - Options in India - For $10K - for 10 years,5952
9299,What are the differences in taxes rules for specialty ETFs such as GLD (Gold ETF) and general ETFs?,5953
4303,Are there any catches with interest from banks?  Is this interest “too good to be true”?,5954
10178,"Have my parents been bilked? If so, what to do?",5955
667,Would I need to keep track of 1099s?,5956
3273,Why are Bank of America and Citi trading so far below book value?,5957
6164,When to trade in a relatively new car for maximum value,5958
10997,Pay index fund expense ratios with cash instead of fund balance,5959
3291,"How can I find a high-risk, high-reward investment that is not strongly correlated with the U.S. economy?",5960
1043,What should I consider when I try to invest my money today for a larger immediate income stream that will secure my retirement?,5961
2048,"If I'm going to start doing my own taxes soon, do I need to start keeping receipts for everything?",5962
2032,Where can I find all public companies' information?,5963
711,Loan to son - how to get it back,5964
3941,Assessed value of my house,5965
4379,How decreasing the prime interest rate helps to offset decreasing oil prices,5966
2141,How do you declare revenues from YouTube earnings in the USA if you are a minor?,5967
1100,Combined annual contribution limits for individuals [duplicate],5968
1408,Joint Account for Common Earnings,5969
3864,Can you explain “time value of money” and “compound interest” and provide examples of each?,5970
1112,"When amending a tax return to include a futures loss carry back, are you not allowed to include a Schedule C?",5971
6393,How can I pay for school to finish my degree when I can't get a student loan and have bad credit?,5972
1747,Is it bad etiquette to use a credit or debit card to pay for single figure amounts at the POS,5973
3937,Purchasing first car out of college,5974
3,"Having a separate bank account for business/investing, but not a “business account?”",5975
3592,Is it possible to influence a company's actions by buying stock?,5976
10960,interest rate on online banks,5977
4279,What is the opposite of Economic Bubble?,5978
7715,Debit card funds on preauthorization hold to paypal: can it be used for another transaction?,5979
1938,How to distinguish gift from payment for the service?,5980
10087,What is a financial security?,5981
548,Is the repayment of monies loaned to my company considered income?,5982
10251,"Should one invest in smaller valued shares in higher amounts, or higher valued shares in smaller amounts?",5983
7787,Better to have a non-registered (taxable) investment account in one/both names and/or based on income?,5984
10054,Is there an academic framework for deciding when to sell in-the-money call options?,5985
9752,How to record “short premium” in double-entry accounting?,5986
6311,What is the purpose of property tax?,5987
4986,"Website for managing personal cash inflow and outflow, applicable to India?",5988
3245,Where to find turnover / average amount of time investors & mutual funds held stocks they purchased?,5989
8503,Does dollar cost averaging really work?,5990
1568,"If a company in China says it accepts Visa, does it accept all Visas?",5991
551,UK companies house - what can I glean from an abbreviated balance sheet?,5992
8289,Is there a website with options chain charts?,5993
668,Receiving important daily wires from abroad?,5994
4324,Why might a robo-advisor service like Betterment be preferable to just buying a single well-performing index fund like SPY?,5995
5201,How to understand the caculation of interest for credit cards?,5996
9492,Stock return based on percentage,5997
6838,"What to consider before buying (exercising) a family member's private company employee stock options, about to expire?",5998
4872,Taking a car loan vs cash and effect on credit score,5999
4641,Where should I park my rainy-day / emergency fund?,6000
5503,Tax considerations for selling a property below appraised value to family?,6001
7803,Can the Delta be used to calculate the option premium given a certain target?,6002
7017,Basic Algorithmic Trading Strategy,6003
10152,What does a high operating margin but a small but positive ROE imply about a company?,6004
3451,Should you keep your stocks if you are too late to sell?,6005
4804,How do financial services aimed at women differ from conventional services?,6006
7911,What is the difference between a 'trader' and a 'stockbroker'?,6007
10809,Definitions of leverage and of leverage factor,6008
6715,What does it mean if “IPOs - normally are sold with an `underwriting discount` (a built in commission)”,6009
2388,Do financial advisors get better deals on mortgages?,6010
753,Taxes due for hobbyist Group Buy,6011
4465,How to donate to charity that will make a difference?,6012
7326,Do brokers execute every trade on the exchange?,6013
5951,Why can't house prices be out of tune with salaries,6014
5653,Steps and timing of the SEIS investment (in the UK),6015
10827,How much should I be contributing to my 401k given my employer's contribution?,6016
9771,Is there any emprical research done on 'adding to a loser',6017
7105,What is the difference between fixed-income duration and equity duration?,6018
9332,What can I do with a physical stock certificate for a now-mutual company?,6019
3724,Should you always max out contributions to your 401k?,6020
5853,Paying Off Principal of Home vs. Investing In Mutual Fund,6021
6832,incorrect printed information on check stock,6022
6807,How to incorporate dividends while calculating annual return of a Stock,6023
570,Employer options when setting up 401k for employees,6024
7279,"If I invest in securities denominated in a foreign currency, should I hedge my currency risk?",6025
594,Should a retail trader bother about reading SEC filings,6026
10122,Why diversify stocks/investments?,6027
3091,Am I considered in debt if I pay a mortgage?,6028
904,How do I set up Quickbooks for a small property rental company that holds its properties in separate LLC's?,6029
4037,How separate individual expenses from family expenses in Gnucash?,6030
8537,What is an “Options Account”?,6031
3357,Why big clients want the contractor to be incorporated before giving them work,6032
1783,Freelancing Tax implication,6033
6004,Put-Call parity - what is the difference between the two representations?,6034
2923,Should I give to charity by check or credit card?,6035
5271,Why are auto leases stubbornly strict about visa status and how to work around that?,6036
2108,Can I pay taxes using bill pay from my on-line checking account?,6037
7590,Why are US target retirement funds weighted so heavily towards US stocks?,6038
932,Is freelance income earned by a U.S. citizen while living abroad subject to state income tax?,6039
5981,Is it a good investment for a foreigner to purchase a flat/apartment in China?,6040
4837,"When applying for a mortgage, can it also cover outstanding debts?",6041
4415,How much is inflation?,6042
1915,Should I pay a company who failed to collect VAT from me over 6 months ago?,6043
8378,Should I wait a few days to sell ESPP Stock?,6044
2316,What exchange rate does El Al use when converting final payment amount to shekels?,6045
8102,When do I sell a stock that I hold as a long-term position?,6046
3405,Non Resident aliens - Question of standard vs itemized,6047
7928,"If I believe a stock is going to fall, what options do I have to invest on this?",6048
603,Will one’s education loan application be rejected if one doesn't have a payslip providing collateral?,6049
1281,How FTB and IRS find mistakes in amended tax returns? Are their processes reliable?,6050
3830,US citizen transferring money to Indian fiance to buy property,6051
3837,"Opening a Roth IRA account, what is the fee structure for Vanguard, Scottrade and TIAA-CREF",6052
4447,Should I always hold short term bonds till maturity?,6053
2376,Why do gas stations charge different amounts in the same local area?,6054
4777,How to finance necessary repairs to our home in order to sell it?,6055
5741,Learning investing and the stock market,6056
2318,F1 student and eBay selling tax,6057
620,Is it wise to have plenty of current accounts in different banks?,6058
8271,Income in zero-interest environment,6059
4865,Why are historical prices of stocks different on different websites? Which one should I believe?,6060
864,Why use accounting software like Quickbooks instead of Excel spreadsheets?,6061
5888,Interest charges on balance transfer when purchases are involved,6062
2568,How to pay with cash when car shopping?,6063
5150,What credit card information are offline US merchants allowed to collect for purposes other than the transaction?,6064
7124,How come we can find stocks with a Price-to-Book ratio less than 1?,6065
2857,"I have around 60K $. Thinking about investing in Oil, how to proceed?",6066
8539,Can the risk of investing in an asset be different for different investors?,6067
6896,"Selling high, pay capital gains, re-purchase later",6068
1085,How do disputed debts work on credit reports?,6069
5422,"What are some good books for learning stocks, bonds, derivatives e.t.c for beginner with a math background?",6070
8247,Tax on Stocks or ETF's,6071
4946,Something looks off about Mitsubishi financial data,6072
10482,Rollover into bond fund to do dollar cost averaging [duplicate],6073
4571,"HSBC Hong Kong's “Deposit Plus” Product: What is it, and what strategies to employ?",6074
8789,What does “profits to the shareholders jumped to 15 cents a share” mean?,6075
8034,What is the average cost of a portfolio on a trading site?,6076
4600,"Why government bonds fluctuate so much, even though interest rates don't change that often?",6077
2423,At what age should I start or stop saving money?,6078
8475,Why I cannot find a “Pure Cash” option in 401k investments?,6079
4523,What should I do with my $25k to invest as a 20 years old?,6080
8513,Buy on dip when earnings fail?,6081
1198,What are the consequences of IRS “reclassification” on both employer and employee?,6082
9291,Are there any consequences for investing in Vanguard's Admiral Shares funds instead of ETF's in a Roth IRA?,6083
8532,What do these options trading terms mean?,6084
1824,Is there a way to open a U.S. bank account for my LLC remotely?,6085
5054,How to stress test an investment plan?,6086
1159,what is the best way to do a freelancing job over the summer for a student,6087
4920,Does financing a portfolio on margin affect the variance of a portfolio?,6088
68,Intentions of Deductible Amount for Small Business,6089
7269,How do I track investment performance in Quicken across rollovers?,6090
750,Paid part of my state refund back last year; now must declare the initial amount as income?,6091
9701,How to bet against the London housing market?,6092
6199,How can all these countries owe so much money?  Why & where did they borrow it from?,6093
9126,Short an option - random assignment?,6094
34,401k Transfer After Business Closure,6095
4011,How can I deal with a spouse who compulsively spends?,6096
4700,Better to get loan from finance company or bank considering the drop of credit score?,6097
6395,Option settlement for calendar spreads,6098
852,Dalbar: How can the average investor lose money?,6099
9115,Why does the calculation for percentage profit vary based on whether a position is short vs. long?,6100
1297,Why aren't there solutions for electronic itemized receipt for retail in-store purchases?,6101
5085,What is vested stock and yearly dividends?,6102
4767,New car: buy with cash or 0% financing,6103
2593,Am I “cheating the system” by opening up a tiny account with a credit union and then immediately applying for a huge loan?,6104
2724,How do you determine the dividend payout date for Mutual Funds?,6105
11088,Am I required to have a lawyer create / oversee creation of my will?,6106
18,1 EIN doing business under multiple business names,6107
109,How to account for money earned and spent prior to establishing business bank accounts?,6108
8351,What happens when a calendar spread is assigned in a non-margin account?,6109
6131,Is it ever a good idea to close credit cards?,6110
3480,Why is OkPay not allowed in the United States?,6111
7992,What type of pension should I get?,6112
858,Is it bad practice to invest in stocks that fluctuate by single points throughout the day?,6113
4019,How and Should I Invest (As a college 18 year old with minimal living expenses)?,6114
6080,Is ScholarShare a legitimate entity for a 529 plan in California?,6115
2580,Stock market vs. baseball card trading analogy,6116
7513,Where are Bogleheadian World ETFs or Index funds?,6117
6959,What is the term for the quantity (high price minus low price) for a stock?,6118
5402,Is it impossible to get a home loan with a poor credit history after a divorce?,6119
4504,what is the best way of investment which gives returns forever?,6120
6562,"Cheapest way to “wire” money in an Australian bank account to a person in England, while I'm in Laos?",6121
4775,Should I finance a car to build credit for a mortgage next year?,6122
9565,What are the tax benefits of dividends vs selling stock,6123
10734,How do you translate a per year salary into a part-time per hour job?,6124
701,What are the ins/outs of writing-off part of one's rent for working at home?,6125
585,Following an investment guru a good idea?,6126
8934,Dividend yield for multiple years?,6127
11054,Short Term Capital Gains tax vs. IRA Withdrawal Tax w/o Quarterly Est. Taxes,6128
56,Can a entrepreneur hire a self-employed business owner?,6129
6862,Canada discount stock brokers: Interactive Brokers vs. Questrade?,6130
9598,How do index funds actually work?,6131
4265,Does it make any sense to directly contribute to reducing the US national debt?,6132
90,Filing personal with 1099s versus business s-corp?,6133
8592,Tax implications of exercising ISOs and using proceeds to exercise more ISOs,6134
10547,How much do brokerages pay exchanges per trade?,6135
5231,Where to find CSV or JSON data for publicly traded companies listed with their IPO date?,6136
7674,Choosing the limit when making a limit order?,6137
3103,"AVS Address Verification System of BOTH Credit and Debit Cards - WHERE, HOW?",6138
10137,F-1 student investing in foreign markets,6139
1415,I am not VAT registered. Do I need to buy from my supplier with excl VAT prices or incl VAT?,6140
5940,How does investment into a private company work?,6141
6612,"If I have a lot of debt and the housing market is rising, should I rent and slowly pay off my debt or buy and roll the debt into a mortgage?",6142
945,Paid by an American company but working from France: where should I pay taxes?,6143
2549,How to graph the market year over year? for example Dow Jones Index,6144
4714,Personal finance app where I can mark transactions as “reviewed”?,6145
588,Is there a reason to buy a 0% yield bond?,6146
4233,"Are personal finance / money management classes taught in high school, anywhere?",6147
6441,Trading with Settled / Unsettled Funds (T+3),6148
8456,What typically happens to unvested stock during an acquisition?,6149
10213,Looking for good investment vehicle for seasonal work and savings,6150
106,What approaches are there for pricing a small business?,6151
4306,How do currency markets work? What factors are behind why currencies go up or down?,6152
5196,I might use a credit card convenience check. What should I consider?,6153
3006,"Strategies for putting away money for a child's future (college, etc.)?",6154
7205,Is it possible to see option prices from the past?,6155
3909,How to rescue my money from negative interest?,6156
4116,Would the effects of an anticipated default by a nation be mostly symbolic?,6157
4942,find stock composition of a publicly traded fund,6158
6907,Nominal value of shares,6159
5464,Resources on Buying Rental Properties,6160
2385,"As director, can I invoice my self-owned company?",6161
691,How to categorize credit card payments?,6162
3177,Vanguard ETF vs mutual fund,6163
10034,Tax implications of holding EWU (or other such UK ETFs) as a US citizen?,6164
5090,Should I take a student loan to pursue my undergraduate studies in France?,6165
2088,How would I go about selling the stock of a privately held company?,6166
9391,Should I replace bonds in a passive investment strategy,6167
529,Sole proprietorship or LLC?,6168
2118,What happened in Argentina in 2001 bank sector? did the banks closed? all or some?,6169
3148,Can a car company refuse to give me a copy of my contract or balance details?,6170
4955,How to calculate the value of a bond that is priced to yield X%,6171
8275,Buy/Selling prices at the stock exchange represent someone Selling/Buying at that price?,6172
4678,"Finance, Cash or Lease?",6173
2398,Frustrated Landlord,6174
3569,Funds in closed bank account have gone to the government,6175
8072,"What does it mean “sell on ask” , “sell on bid” in stocks?",6176
7734,Can PE ratio of stocks be compared to other investments?,6177
8947,Can a Roth IRA be used as a savings account?,6178
6746,What happens if stock purchased on margin plummets below what I have in the brokerage?,6179
5511,Pay off car loan entirely or leave $1 until the end of the loan period?,6180
6009,Why can low volume move a stock price drastically?,6181
813,Income Tax and Investments,6182
8834,Pros/Cons of Buying Discounted Company Stock,6183
1157,Personal taxes for Shopify / Paypal shop?,6184
988,Where should I invest my savings?,6185
3369,Why should one only contribute up to the employer's match in a 401(k)?,6186
9296,Why would Two ETFs tracking Identical Indexes Produce different Returns?,6187
9643,Is there any public data available to determine an ETF's holdings?,6188
9245,Stock Options for a company bought out in cash and stock,6189
3490,Tax Witholding for Stock Sale,6190
5763,What is the best way to get a “rough” home appraisal prior to starting the refinance process?,6191
26,Applying for and receiving business credit,6192
4962,Net Cash Flows from Selling the Bond and Investing,6193
4846,Is there anything comparable to/resembling CNN's Fear and Greed Index?,6194
2460,What are the consequences of not respecting a notice period when leaving a job?,6195
9403,Abundance of Cash - What should I do?,6196
5646,Do I need multiple credit monitoring services?,6197
3503,Is there any instance where less leverage will get you a better return on a rental property?,6198
2676,Tax question about selling a car,6199
929,Freelancer: Should I start a second bank account?,6200
5993,Why would anyone want to pay off their debts in a way other than “highest interest” first?,6201
10845,"Rationale behind using 12, 26 and 9 to calculate MACD",6202
8116,A-B-C Class Shares: What's the difference?,6203
9633,Video recommendation for stock market education,6204
5710,Bucketing investments to track individual growths,6205
9824,Where can end-of-day data be downloaded for corporate bonds?,6206
7529,Does the expense ratio of a fund-of-funds include the expense ratios of its holdings?,6207
475,Do I need a new EIN since I am hiring employees for my LLC?,6208
5021,"Is there a more flexible stock chart service, e.g. permitting choice of colours when comparing multiple stocks?",6209
9548,"How do I research, analyze, and choose the right mutual fund for a roth ira?",6210
7592,few question about debit credit and liabilities,6211
2968,Should I prioritize retirement savings inside of my HSA?,6212
7758,Bid/ask spreads for index funds,6213
3612,How can I buy and sell the same stock on the same day?,6214
10596,Does a market maker sell (buy) at a bid or ask price?,6215
4153,How do I invest in emerging markets,6216
4409,My friend wants to put my name down for a house he's buying. What risks would I be taking?,6217
5369,Paying for things on credit and immediately paying them off: any help for credit rating?,6218
2070,"Advantage of credit union or local community bank over larger nationwide banks such as BOA, Chase, etc.?",6219
5505,Can I deduct interest and fees on a loan for qualified medical expenses?,6220
6611,How does Vanguard determine the optimal asset allocation for their Target Retirement Funds?,6221
11039,Pay off credit card debt or earn employer 401(k) match?,6222
5460,Paying off a loan with a loan to get a better interest rate,6223
7925,Can I sell a stock immediately?,6224
4286,"Given advice “buy term insurance and invest the rest”, how should one “invest the rest”?",6225
3789,How to work around the Owner Occupancy Affidavit to buy another home in less than a year?,6226
5228,How does the bank/IRS know whether a bank transfer over $14k is a gift or loan repayment?,6227
2685,What ways are there for us to earn a little extra side money?,6228
8702,Why is early exercise generally not recommended for an in-the-money option?,6229
1877,"As a Sole Proprietor, will “employer” Solo 401k contributions count towards gross income?",6230
10645,Explain the details and benefits of rebalancing a retirement portfolio?,6231
1090,Need a formula to determine monthly payments received at time t if I'm reinvesting my returns,6232
7080,Wash sale rule with dividend reinvestment,6233
6122,Better to rent condo to daughter or put her on title?,6234
3682,Short selling - lender's motivation,6235
4514,"What intrinsic, non-monetary value does gold have as a commodity?",6236
8507,When to sell a stock?,6237
6221,"To pay off a student loan, should I save up a lump sum payoff payment or pay extra each month?",6238
1819,Found an old un-cashed paycheck. How long is it good for? What to do if it's expired?,6239
6468,Why deep in the money options have very low liquidity,6240
3008,What are my chances at getting a mortgage with Terrible credit but High income,6241
9925,What does Chapter 11 Bankruptcy mean to an investor holding shares of a Chapter 11 Company?,6242
4007,What is a reasonable salary for the owner and sole member of a small S-Corp?,6243
6644,How to know precisely when a SWIFT is issued by a bank?,6244
6420,Does the bid/ask concept exist in dealer markets?,6245
6713,Will my father still be eligible for SNAP if I claim him as my dependent?,6246
4844,"How to read bond yield quotes? What do the time, coupon, price, yield, and time mean?",6247
7463,Pros/cons of borrowing money using a mortgage loan and investing it in a low-fee index fund?,6248
6479,Trading on exchanges or via brokerage companies?,6249
10267,How should I prepare for the next financial crisis?,6250
7622,Best way to pay off debt?,6251
10979,Closing a futures position,6252
2498,How do I calculate tax liability on the turnover of a small vendor?,6253
2010,Paypal website donations without being a charity,6254
3767,What should I be doing to protect myself from identity theft?,6255
7145,Are there “buy and hold” passively managed funds?,6256
6554,"Mutual fund value went down, shares went up, no action taken by me",6257
9556,How does pre-market trading work?,6258
2445,How do I notify the IRS of a new member to an LLC?,6259
6410,Will an ETF immediately reflect a reconstitution of underlying index,6260
5155,"For insurance, why should you refuse $4,000/year for only 10 years and prefer $500/year indefinitely?",6261
5030,Why pay for end-of-day historical prices?,6262
6252,"Is this mortgage advice good, or is it hooey?",6263
885,How long do credit cards keep working after you disappear?,6264
7377,What type of returns Vanguard is quoting?,6265
4031,28 years old and just inherited large amount of money and real estate - unsure what to do with it,6266
766,Will the ex-homeowner still owe money after a foreclosure?,6267
8779,How does a defined contribution plan work,6268
2183,Why are there many small banks and more banks in the U.S.?,6269
6219,Are there Investable Real Estate Indices which track Geographical Locations?,6270
6849,What do the points in a stock market index epresent?,6271
8079,Growth rate plus dividend yieid total?,6272
5086,Mortgage loan implications when tearing down existing house and building new one?,6273
8202,What accounted for DXJR's huge drop in stock price?,6274
7345,What do these numbers mean? (futures),6275
2648,How does unemployment insurance work?,6276
7441,"Since many brokers disallow investors from shorting sub-$5 stocks, why don't all companies split their stock until it is sub-$5",6277
776,"Can saving/investing 15% of your income starting age 25, likely make you a millionaire?",6278
5125,Regarding Australian CBS takeover of TEN,6279
89,How can I deposit a check made out to my business into my personal account?,6280
9329,Interactive Brokers: IOPTS and list of structured products,6281
2516,Which banks have cash-deposit machines in Germany?,6282
6629,Tax treatment of a boxed trade?,6283
8970,"What's the difference, if any, between stock appreciation and compound interest?",6284
4484,Has the likelihood of getting a lower interest rate by calling & asking been reduced by recent credit card regulations?,6285
1451,"How do you find an ethical, honest independent insurance broker in Canada?",6286
1889,Reporting financial gains from my online store,6287
1920,Clarification on student expenses - To file the tax for the next year,6288
8013,Frequency of investments to maximise returns (and minimise fees),6289
3759,Simplifying money management,6290
7295,Selling non-dividend for dividend stocks,6291
7448,"If an index goes up because an underlying company issues more shares, what happens to the ETF",6292
7329,Does Implied Volatilty factor in all known future events?,6293
10639,Short term parking of a large inheritance?,6294
6635,Why don't share prices of a company rise every other Friday when the company buys shares for its own employees?,6295
4312,Is it true that 90% of investors lose their money?,6296
1230,How does Walmart account their expired food,6297
2486,"Is working on a W2 basis, with benefits paid to me, a good idea?",6298
6121,What are my best options if I don't have a lot of credit lines for housing loans?,6299
859,"Any reason to keep around my account with my old, 'big' bank?",6300
6525,Does it make sense to trade my GOOGL shares for GOOG and pocket the difference?,6301
2590,Are non-residents or foreigners permitted to buy or own shares of UK companies?,6302
3781,What is the rough estimate of salary value for a taxpayer to pay AMT?,6303
5374,What were the main causes of the spike and drop of DRYS's stock price?,6304
1310,Is is possible to take a mortgage using Bitcoin as collateral?,6305
8005,Difference between Vanguard sp500 UCITS and Vanguard sp500,6306
2994,Work on the side for my wife's company,6307
6142,How does stabilization work during an IPO?,6308
3125,"Claiming mileage allowances, what are the rules/guidelines?",6309
8832,Is it possible to buy commodity ETFs (e.g. silver) through Questrade?,6310
3683,Can I trust the Motley Fool?,6311
939,How to correct a tax return filed electronically and already approved?,6312
7206,Who Bought A Large Number Of Shares?,6313
10246,Understanding the T + 3 settlement days rule,6314
5241,Mortgage vs. Cash for U.S. home buy now,6315
8121,Can I calculate stock value with Williams%R if I know the last set?,6316
98,"How can I make $250,000.00 from trading/investing/business within 5 years?",6317
5064,How much should a graduate student attempt to save?,6318
4615,Are solar cell panels and wind mills worth the money?,6319
7467,Stocks are traded on secondary markets?,6320
1676,W2 vs 1099 Employee status,6321
503,Privacy preferences on creditworthiness data,6322
3264,Pros and Cons of Interest Only Loans,6323
6467,Advice on strategy for when to sell,6324
4289,Does the currency exchange rate contain any additional information at all?,6325
4394,"Transfer $50k to another person's account (in California, USA)",6326
4047,Does doing your “research”/“homework” on stocks make any sense?,6327
1815,Rules for SEP contributions in an LLC?,6328
7218,What margin is required to initiate and maintain a short sale,6329
8982,Are Exchange-Traded Funds (ETFs) less safe than regular mutual funds?,6330
8874,When can you adjust for (and re-allow) a disallowed year-end (December) wash-sale loss?,6331
549,Where to request ACH Direct DEBIT of funds from MY OWN personal bank account?,6332
2407,How long to wait after getting a mortgage to increase my credit limit?,6333
8937,“In-the-Money” vs “Out-of-the-Money” Call Options,6334
7344,How is the Dow divisor calculated?,6335
2856,How can I cash out a check internationally?,6336
7801,What are some well known or well regarded arguments against investing?,6337
2395,Freelance site with lowest commission fees?,6338
6875,Where to find free Thailand stock recommendations and research?,6339
6891,What is the theory behind Rick Van Ness's risk calculation in the video about diversification?,6340
7702,Bond ETFs vs actual bonds,6341
2695,"Buy a parking spot and rent it out, or invest savings in an interest-bearing account?",6342
5616,How and where do companies publish financial reports?,6343
928,How can I determine if a FHA loan refinance offer is from a reputable lender,6344
10447,Is there an advantage to a traditional but non-deductable IRA over a taxable account? [duplicate],6345
5427,How do auto-loan payments factor into taxes for cars that are solely used by dependent(s)?,6346
2587,Typically how many digits are in a cheque number?,6347
5782,"Pay off credit cards in one lump sum, or spread over a few months?",6348
9871,What should I do with the 50k I have sitting in a European bank?,6349
6668,Approximate IT company valuation (to proximate stock options value),6350
1284,Tax consequences when foreign currency changes in value,6351
2443,What are some way to transfer money from Hong Kong to India on a monthly basis?,6352
3179,"Calculation, timing, and taxes related to profit distribution of an S-corp?",6353
3404,"In US, is it a good idea to hire a tax consultant for doing taxes?",6354
3453,How does spot-futures arbitrage work in the gold market?,6355
5045,Why are we taxed on revenue and companies on profit?,6356
5808,How do you calculate return on investment for a share of stock?,6357
4845,What is the difference between fund and portfolio?,6358
3625,What should I do with my paper financial documents?,6359
6679,Specifically when do options expire?,6360
6005,Why might it be advisable to keep student debt vs. paying it off quickly?,6361
8544,Strategies to recover from a bad short-term call options purchase where the underlying dropped instead?,6362
4464,Are Australian mutual fund fees large compared to US?,6363
3822,How to change a large quantity of U.S. dollars into Euros?,6364
7879,Any Tips on How to Get the Highest Returns Within 4 Months by Investing in Stocks?,6365
3115,How can I live outside of the rat race of American life with 300k?,6366
8512,Is it possible to transfer stock I already own into my Roth IRA without having to sell the stock?,6367
3995,"I have more than $250,000 in a US Bank account… mistake?",6368
559,"Challenged an apparently bogus credit card charge, what happens now?",6369
3791,"""When people say 'Interest rates are at all time low!"""" … Which interest rate are they actually referring to?""",6370
8002,What is the tax treatment of scrip dividends in the UK?,6371
4179,Why could the serious financial woes of some EU member states lead to the end of the Euro?,6372
2891,May I claim money earned but not received in 2012,6373
853,What will my taxes be as self employed?,6374
10136,How to minimise the risk of a reduction in purchase power in case of Brexit for money held in a bank account?,6375
8635,Is there any flaw in this investment scheme?,6376
2513,How does revenue shared with someone else go into my tax return in Canada?,6377
5206,Is it a good idea to get an unsecured loan to pay off a credit card that won't lower a high rate?,6378
8959,How is the opening-day price of a stock decided?,6379
4433,When should you use an actively managed mutual fund in a 401k?,6380
4188,Why is the stock market rising after Trump's attack on the TPP?,6381
2713,Physical Checks - Mailing,6382
9060,Buying puts without owning underlying,6383
7098,Can another tax loss be used to offset capital gains taxes? How does it work?,6384
10628,"What happens with the “long” buyer of a stock when somebody else's short fails (that is, unlimited loss bankrupts short seller)",6385
6683,Who are the sellers for the new public stocks?,6386
10183,How are various types of income taxed differently in the USA?,6387
3829,Are all VISA cards connected with bank accounts?,6388
5585,Is there any site you can find out about the 'bonus features' of credit cards?,6389
4105,As an investor what are side effects of Quantitative Easing in US and in EU?,6390
1074,How common is “pass-through” health insurance?,6391
2465,Can capital expenses for volunteer purposes be deducted from income?,6392
4640,What can my relatives do to minimize their out of pocket expenses on their fathers estate,6393
9275,Do I have to pay a capital gains tax if I rebuy the same stock within 30 days?,6394
10497,Why would you elect to apply a refund to next year's tax bill?,6395
9481,What are reasonable administrative fees for an IRA?,6396
3500,Why invest in becoming a landlord?,6397
4205,How and why does the exchange rate of a currency change almost everyday?,6398
1306,"I made an investment with a company that contacted me, was it safe?",6399
1826,"Is the contribution towards Employment Insurance (EI) wasted if I never get fired, or are my premiums refunded?",6400
6262,Help required on estimating SSA benefit amounts,6401
5347,car loan life insurance,6402
4500,What to ask Warren Buffet at the Berkshire Hathaway shareholder meeting?,6403
3615,My previous and current employers both use Fidelity for 401(k). Does it make sense to rollover?,6404
8632,"Is it best to exercise options shares when they vest, or wait",6405
9979,What is the best way to invest in gold as a hedge against inflation without having to hold physical gold?,6406
9617,What differentiates index funds and ETFs?,6407
1948,Which colors can one use to fill out a check in the US?,6408
6133,What happens to all of the options when they expire?,6409
9737,Long(100%)-Short(-100%) investment explanation,6410
3771,Best way to buy Japanese yen for travel?,6411
1736,How can people have such high credit card debts?,6412
5255,Thrift Saving Plan (TSP) Share Price Charts,6413
5380,"Can somebody explain “leveraged debt investment positions” and “exposures” in this context for me, please?",6414
9188,Selling mutual fund and buying equivalent ETF: Can I 1031 exchange?,6415
2051,Where to find the 5 or 10 year returns for a mutual fund?,6416
5067,LLC: Where should the funds for initial startup costs come from?,6417
10414,What is considered high or low when talking about volume?,6418
6814,Selling Stock - All or Nothing?,6419
6146,Lost credit card replaced with new card and new numbers. Credit score affected?,6420
4756,What is the formula for the Tesla Finance calculation?,6421
7754,Inverse Relationship between Volatility and Beta,6422
2076,Can vet / veterinary bills be considered deductions (tax-deductible) for Income Tax purposes [Canada]?,6423
1322,Is this follow-up after a car crash a potential scam?,6424
2880,Can I transfer my investment property into a SMSF?,6425
5172,does interest payment on loan stay the same if I pay early,6426
5185,Invest in low cost small cap index funds when saving towards retirement?,6427
9644,"If early exercise is a bad idea, why American option is more expensive than European [duplicate]",6428
6909,Why do stocks priced above $2.00 on the ASX sometimes move in $0.005 increments?,6429
5906,0% APR first 12 months on new credit card. Can I exceed that 30% rule of thumb and not hurt my credit score?,6430
2348,Why can't you just have someone invest for you and split the profits (and losses) with him?,6431
687,Online tool to connect to my bank account and tell me what I spend in different categories?,6432
8017,Purchasing ETFs when (pretty much) everything else is maxed out,6433
8795,Stock exchanges using open outcry,6434
4499,Is investing exlusively in a small-cap index fund a wise investment?,6435
9929,"Investing in commodities, pros and cons?",6436
42,What are the ins/outs of writing equipment purchases off as business expenses in a home based business?,6437
3530,How to exclude stock from mutual fund,6438
5592,Are “hard money loans” meant only for real estate?,6439
8296,Can the beta of a stock be used as a lagging indicator for the stock w.r.t the market,6440
659,Buying from an aggressive salesperson,6441
9108,"Starting an investment portfolio with Rs 5,000/-",6442
6835,Are bond ETF capital gains taxed similar to stock or stock funds if held for more than 1 year?,6443
6803,What are the common moving averages used in a “Golden Cross” stock evaluation?,6444
9381,Trade? Buy and hold? Or both?,6445
4414,Do high interest rates lead to higher bond yields or lower?,6446
3067,Should I make extra payments to my under water mortgage or increase my savings?,6447
4125,Alternative means of salary for my employees,6448
1150,How are the best way to make and save money at 22 years old,6449
7431,Pay off mortgage or invest in high value saving account,6450
2384,Tax: 1099 paper form,6451
895,California tells me I didn't file documents for an LLC that isn't mine. What do I do?,6452
7747,What happens to bonds values when interest rates rise? [duplicate],6453
879,Capital improvement and depreciation in restaurant LLC,6454
8040,Best way to make most of savings with ISA and Offset mortgage,6455
3051,What items are exempt from the VAT? [U.K.],6456
7705,Why would I pick a specific ETF over an equivalent Mutual Fund?,6457
10039,Do individual investors use Google to obtain stock quotes?,6458
9808,Selling To Close,6459
7188,What explains the enormous increase in gold price in the early 21st century?,6460
4813,Dealer Financing Fell Through on vehicle purchase: Scam?,6461
3888,Why I can't view my debit card pre-authorized amounts?,6462
10109,Why does Charles Schwab have a Mandatory Settlement Period after selling stocks?,6463
957,How can I withdraw money from my LLC?,6464
10601,Bitcoin Cost Basis Purchases,6465
1871,Is there any US bank that does not charge for incoming wire transfers?,6466
5331,Exercises of employee share options,6467
2790,Should I pay more than 20% down on a home?,6468
9882,Money-market or cash-type ETFs for foreigners with U.S brokerage account,6469
4999,Looking for a good source for Financial Statements,6470
4142,Relation between inflation rates and interest rates,6471
3189,Diversify my retirement investments with a Roth IRA,6472
5134,Why does Yahoo Finance's data for a Vanguard fund's dividend per share not match the info from Vanguard?,6473
1321,"Are social media accounts (e.g. YouTube, Twitter, Instagram, etc.) considered assets?",6474
10710,Probablity of touching In the money vs expiring in the money for an american option,6475
6890,Where does the money go when I buy stocks?,6476
3049,How to calculate my estimated taxes. 1099 MISC + Self Employment,6477
849,Accounting for reimbursements that exceed actual expenses,6478
4539,How should I save money if the real interest rate (after inflation) is negative?,6479
4084,What industries soar when oil prices go up?,6480
715,what would you do with $100K saving?,6481
2416,Why should a company go public?,6482
7509,Investment Portfolio Setup for beginner,6483
2204,What's an economic explanation for why greeting cards are so expensive?,6484
9646,Do common stocks and preferred stocks have any differences in terms of percentage of the company per unit they represent?,6485
2334,How do you determine “excess cash” for Enterprise Value calculations from a balance sheet?,6486
2903,How should I file my taxes as a contractor?,6487
4827,Are all financial advisors compensated in the same way?,6488
5534,How does “taking over payments” work?,6489
9668,Do stock option prices predicate the underlying stock's movement?,6490
1530,"What is the proper way to report additional income for taxes (specifically, Android development)?",6491
504,Have plenty of cash flow but bad credit,6492
721,What are “upstream investments” and “downstream investments” in this context?,6493
2296,How does a bank make money on an interest free secured loan?,6494
3186,United States Treasury Not Endorsing Checks,6495
10975,How to contribute to Roth IRA when income is at the maximum limit & you have employer-sponsored 401k plans?,6496
3859,Buying an investment property in Australia - what are the advantages and disadvantages of building a house vs buying an existing one?,6497
1994,Does the IRS reprieve those who have to commute for work?,6498
6647,What is meant by “priced in”?,6499
9164,Bonds vs equities: crash theory,6500
1812,splitting a joint mortgage - one owner in home,6501
10462,"Is it okay to be married, 30 years old and have no retirement?",6502
8855,How do i get into investing stocks [duplicate],6503
7594,Converting annual interbank rates into monthly rates,6504
4968,Reasons behind a large price movement of a penny stock without any recent news releases?,6505
7876,Why do stocks split?,6506
7071,ESPP strategy - Sell right away or hold?,6507
3534,Why do dishonour fees exist?,6508
8974,"As a 22-year-old, how risky should I be with my 401(k) investments?",6509
10912,Forex independent investments,6510
2737,What to do with an old building to get money,6511
2964,Unmarried Couple Splitting up with Joint Ownership of Home,6512
5178,Formula that predicts whether one is better off investing or paying down debt,6513
5061,What fiscal scrutiny can be expected from IRS in early retirement?,6514
7880,Are there index tracking funds that avoid the “buy high - sell low” problem?,6515
9385,Meaning of reinvestment,6516
4411,How does the importance of a cash emergency fund change when you live in a country with nationalized healthcare?,6517
515,financial institution wants share member break down for single member LLC,6518
2075,Are stories of turning a few thousands into millions by trading stocks real?,6519
8230,Why would this kind of penny stock increase so much in value?,6520
4335,What is the US Fair Tax?,6521
7533,Investing tax (savings),6522
5683,What is the PEG ratio? How is the PEG ratio calculated? How is the PEG ratio useful for stock investing?,6523
4785,What is the difference between a structured collar and a normal collar in finance?,6524
7456,What is market order's relation to bid ask spread?,6525
3528,"In the US, does getting a loan with a cosigner, help your credit rating?",6526
1393,"Which is better when working as a contractor, 1099 or incorporating?",6527
9487,Is a public company allowed to issue new shares below market price without consulting shareholders?,6528
10792,How can I calculate a “running” return using XIRR in a spreadsheet?,6529
5264,Does a company's stock price give any indication to or affect their revenue?,6530
9733,Due Diligence - Dilution?,6531
4339,What could happen to Detroit Municipal bonds because of Detroit's filing for bankruptcy?,6532
7311,"Finance, Social Capital IPOA.U",6533
744,What options are available for a home loan with poor credit but a good rental history?,6534
7141,Do investors go long option contracts when they cannot cover the exercise of the options?,6535
672,Credit and Debit,6536
6002,15 year mortgage vs 30 year paid off in 15,6537
4071,"If our economy crashes, and cash is worthless, should i buy gold or silver",6538
4103,What causes US Treasury I bond fixed interest to increase?,6539
1441,What's the difference between Market Cap and NAV?,6540
3254,Why do people buy US dollars on the black market?,6541
7512,understanding the process/payment of short sale dividends,6542
2589,How can I detect potential fraud in a company before investing in them?,6543
2598,Is it possible for US retail forex traders to trade exotic currencies?,6544
6800,I don't live in America. How can I buy IPO stock of newly listed companies in the United States?,6545
1391,How is taxation for youtube/twitch etc monetization handled in the UK?,6546
6278,What is the best way to help my dad consolidate his credit card debt at a lower rate?,6547
7534,Can you explain why it's better to invest now rather than waiting for the market to dip?,6548
5356,Historical stock prices: Where to find free / low cost data for offline analysis?,6549
2579,What to do when a job offer is made but with a salary less than what was asked for?,6550
9961,Employer rollover from 403b to 401k?,6551
7484,Why sometimes payable date is BEFORE the ex-dividend date?,6552
5790,FX losses on non-UK mortgage for UK property - tax deductable?,6553
7823,Retirement Funds: Betterment vs Vanguard Life strategy vs Target Retirement,6554
689,Receive credit card payment sending my customer details to a credit card processing company?,6555
604,"Is there a dollar amount that, when adding Massachusetts Sales Tax, precisely equals $200?",6556
9174,Which U.S. online discount broker is the best value for money?,6557
6867,Will there always be somebody selling/buying in every stock?,6558
5970,How to calculate ownership for property with a partner,6559
4681,How to fix Finance::Quote to pull quotes in GnuCash,6560
1670,Investing in hemp producers in advance of possible legalization in Canada?,6561
6901,Rules for Broker Behavior with Covered Calls,6562
10808,What are a few sites that make it easy to invest in high interest rate mutual funds?,6563
2383,Should I Purchase Health Insurance Through My S-Corp,6564
3085,How long can I convert 401(k) to Roth 401(k)?,6565
104,Investing/business with other people's money: How does it work?,6566
5083,Co-signer deceased,6567
684,"Beyond RRSP deductions, how does a high income earner save on taxes?",6568
10674,How to sell a stock in a crashing market?,6569
3594,"If I were to get into a life situation where I would not be able to make regular payments, do lenders typically provide options other than default?",6570
10526,What extra information might be obtained from the next highest bids in an order book?,6571
2181,What are the risks & rewards of being a self-employed independent contractor / consultant vs. being a permanent employee?,6572
10994,Net loss not distributed by mutual funds to their shareholders?,6573
5903,"Fees aside, what factors could account for performance differences between U.S. large-cap index ETFs?",6574
5620,What's the fuss about identity theft?,6575
5254,How do I calculate the quarterly returns of a stock index?,6576
7221,How Technical Analysts react to non-market hours effects,6577
3446,What's the difference between Term and Whole Life insurance?,6578
7936,Why naked call writing is risky compare to Covered call?,6579
2472,How do I deal with a mistaken attempt to collect a debt from me that is owed by someone else?,6580
2306,To whom should I report fraud on both of my credit cards?,6581
7633,Can a trade happen “in between” the bid and ask price?,6582
2400,Will I be paid dividends if I own shares?,6583
5549,Pros / cons of being more involved with IRA investments [duplicate],6584
1832,Warren Buffett and Charles Munger advice for small investors?,6585
2749,Is it possible to create a self-managed superannuation fund to act as a mortage offset? (Australia),6586
3801,Can a bunch of wealthy people force Facebook to go public?,6587
3735,Shorting Stocks And Margin Account Minimum,6588
622,"Accidentally opened a year term CD account, then realized I need the money sooner. What to do?",6589
9088,Brokerage account for charity,6590
4605,"If the U.S. defaults on its debt, what will happen to my bank money?",6591
2330,How can I determine if a debt consolidation offer is real or a scam?,6592
6792,Where to find the full book of outstanding bids/asks for a stock?,6593
6625,What does a high theta mean for an option position?,6594
2885,Merits of buying apartment houses and renting them,6595
15,Can I send a money order from USPS as a business?,6596
6110,Why does short selling require borrowing?,6597
4823,"Close to retirement & we may move within 7 years. Should we re-finance our mortgage, or not?",6598
3694,Has anyone created a documentary about folks who fail to save enough for retirement?,6599
8,How to deposit a cheque issued to an associate in my business into my business account?,6600
1309,Why does FlagStar Bank harass you about payments within grace period?,6601
3039,Can increasing my tax withholding from my full-time job cover FICA taxes for my freelance work?,6602
699,Prepaid Rent (Accrual Based Accounting),6603
7109,How do I analyse moving averages?,6604
5080,Is there a standard or best practice way to handle money from an expiring UTMA account?,6605
4981,Where can I find open source portfolio management software?,6606
3875,Does freedom to provide services allow me contracting in Germany without paying taxes there (but in my home EU country)?,6607
3932,How do historically low interest rates affect real estate prices?,6608
3934,Should market based health insurance premiums be factored into 6 months emergency fund savings?,6609
7445,IS it the wrong time to get into the equity market immediately after large gains?,6610
2264,Personal Tax Return software for Linux?,6611
2895,Where should a young student put their money?,6612
6787,"Would it make sense to sell a stock, then repurchase it for tax purposes?",6613
7096,What's the formula for profits and losses when I delta hedge?,6614
2747,What evidence do I need to declare tutoring income on my income tax?,6615
1933,UK sole trader who often buys products/services on behalf of clients – do I deduct from declared income or claim as allowable expenses?,6616
1748,"How high should I set my KickStarter funding goal in order to have $35,000 left over?",6617
9735,What are “equity assets”?,6618
5862,Can I get a discount on merchandise by paying with cash instead of credit?,6619
10932,Transferring money from 403B to 401K?,6620
6041,Most effective Fundamental Analysis indicators for market entry,6621
7178,Should an ADR that is being delisted be sold off?,6622
7068,Making money through CFD,6623
7700,Should I re-allocate my portfolio now or let it balance out over time?,6624
10558,Investment strategy for 401k when rolling over soon,6625
3014,What investments are positively related to the housing market decline?,6626
4863,How to calculate new price for bond if yield increases,6627
3149,Tips for insurance coverage for one-man-teams,6628
1416,US resident with Canadian income via T4A-NR,6629
2801,If I deposit money as cash does it count as direct deposit?,6630
5343,“International credit report” for French nationals?,6631
547,What percentage of my company should I have if I only put money?,6632
6985,"Bed and Breakfast, Same Day Capital Gains UK",6633
2154,"What tax software automatically determines the best filing status, etc?",6634
3394,What is the easiest way to back-test index funds and ETFs?,6635
5410,Dealership made me the secondary owner to my own car,6636
810,Can I open a bank account in the US remotely? Will I pay taxes for the money on it?,6637
3033,Tax consequences of changing state residency?,6638
8332,Why do put option prices go higher when the underlying stock tanks (drops)?,6639
1469,Why do some companies report how well their EBITDA performed even if their overall net profit did equally well?,6640
10812,Is is possible to dispute IRS underpayment penalties?,6641
3512,"As an employee, when is it inappropriate to request to see your young/startup company's financial statements?",6642
4102,How can I determine if my rate of return is “good” for the market I am in?,6643
3566,"Where can I buy stocks if I only want to invest a little bit at a time, and not really be involved in trading?",6644
94,Using credit card points to pay for tax deductible business expenses,6645
2551,How to find cheaper alternatives to a traditional home telephone line?,6646
2399,Where do web sites get foreign exchange currency rate / quote information?,6647
